BUILD start 03:16:39 tag=fanout-diag
   Compiling nostos-infra v0.2.0 (/src/crates/nostos-infra)
   Compiling nostos-bench v0.2.0 (/src/crates/nostos-bench)
    Finished `release` profile [optimized] target(s) in 1m 45s
BUILD ok 03:18:49
HOST tier=100000 start 13:19:49 load1=7.02 waited=60s
env: Linux 7.0.12-linuxkit aarch64 nproc=10 nofile=1048576 mem=8124516kB swap=1048572kB tcp_rmem=4096-131072-33554432 tcp_wmem=4096-16384-4194304
SOAK start 03:19:49 clients=100000 events=5000 window=1200 ack=1 listeners=2
  [diag] listeners: ws://127.0.0.1:5763/sync ws://127.0.0.2:10313/sync
[sys] 03:19:49 tcp_alloc=22 tcp_mem_pages=367 PruneCalled=0 RcvPruned=0 TCPRcvCollapsed=0 TCPAbortOnMemory=0 TCPMemoryPressures=0 TCPMemoryPressuresChrono=0 TCPBacklogDrop=0 TCPZeroWindowDrop=0 TCPRcvQDrop=0 MemAvailable:7216M SwapFree:1023M Dirty:0M Slab:291M psi_mem=avg60=0.00 psi_cpu=avg60=0.57 load=1.31,1.61,0.74 cpu_u=47925 n=0 s=6152 i=647855 io=2270 irq=0 sirq=2441
[sys] 03:19:54 tcp_alloc=88735 tcp_mem_pages=53359 PruneCalled=0 RcvPruned=0 TCPRcvCollapsed=0 TCPAbortOnMemory=0 TCPMemoryPressures=0 TCPMemoryPressuresChrono=0 TCPBacklogDrop=0 TCPZeroWindowDrop=0 TCPRcvQDrop=0 MemAvailable:5962M SwapFree:1023M Dirty:0M Slab:704M psi_mem=avg60=0.00 psi_cpu=avg60=0.69 load=1.92,1.73,0.79 cpu_u=48118 n=0 s=9259 i=648461 io=2271 irq=0 sirq=2546
[sys] 03:20:00 tcp_alloc=98328 tcp_mem_pages=57455 PruneCalled=0 RcvPruned=0 TCPRcvCollapsed=0 TCPAbortOnMemory=0 TCPMemoryPressures=0 TCPMemoryPressuresChrono=0 TCPBacklogDrop=0 TCPZeroWindowDrop=0 TCPRcvQDrop=0 MemAvailable:5885M SwapFree:1023M Dirty:0M Slab:744M psi_mem=avg60=0.00 psi_cpu=avg60=0.75 load=2.25,1.81,0.81 cpu_u=48167 n=0 s=12851 i=648599 io=2271 irq=0 sirq=2588
[sys] 03:20:05 tcp_alloc=109564 tcp_mem_pages=61295 PruneCalled=0 RcvPruned=0 TCPRcvCollapsed=0 TCPAbortOnMemory=0 TCPMemoryPressures=0 TCPMemoryPressuresChrono=0 TCPBacklogDrop=0 TCPZeroWindowDrop=0 TCPRcvQDrop=0 MemAvailable:5797M SwapFree:1023M Dirty:0M Slab:793M psi_mem=avg60=0.00 psi_cpu=avg60=0.84 load=2.47,1.86,0.84 cpu_u=48220 n=0 s=16498 i=648734 io=2271 irq=0 sirq=2625
[sys] 03:20:10 tcp_alloc=119636 tcp_mem_pages=68207 PruneCalled=0 RcvPruned=0 TCPRcvCollapsed=0 TCPAbortOnMemory=0 TCPMemoryPressures=0 TCPMemoryPressuresChrono=0 TCPBacklogDrop=0 TCPZeroWindowDrop=0 TCPRcvQDrop=0 MemAvailable:5705M SwapFree:1023M Dirty:0M Slab:840M psi_mem=avg60=0.00 psi_cpu=avg60=0.95 load=3.07,1.99,0.89 cpu_u=48268 n=0 s=20270 i=648826 io=2271 irq=0 sirq=2648
[sys] 03:20:15 tcp_alloc=128397 tcp_mem_pages=79727 PruneCalled=0 RcvPruned=0 TCPRcvCollapsed=0 TCPAbortOnMemory=0 TCPMemoryPressures=0 TCPMemoryPressuresChrono=0 TCPBacklogDrop=0 TCPZeroWindowDrop=0 TCPRcvQDrop=0 MemAvailable:5287M SwapFree:1023M Dirty:0M Slab:889M psi_mem=avg60=0.00 psi_cpu=avg60=1.11 load=3.71,2.14,0.94 cpu_u=48550 n=0 s=23399 i=649445 io=2271 irq=0 sirq=2745
[sys] 03:20:20 tcp_alloc=147584 tcp_mem_pages=53359 PruneCalled=0 RcvPruned=0 TCPRcvCollapsed=0 TCPAbortOnMemory=0 TCPMemoryPressures=0 TCPMemoryPressuresChrono=0 TCPBacklogDrop=0 TCPZeroWindowDrop=0 TCPRcvQDrop=0 MemAvailable:4673M SwapFree:1023M Dirty:0M Slab:960M psi_mem=avg60=0.00 psi_cpu=avg60=1.78 load=3.41,2.11,0.94 cpu_u=48935 n=0 s=23837 i=652654 io=2271 irq=0 sirq=2984
[sys] 03:20:25 tcp_alloc=154950 tcp_mem_pages=45679 PruneCalled=0 RcvPruned=0 TCPRcvCollapsed=0 TCPAbortOnMemory=0 TCPMemoryPressures=0 TCPMemoryPressuresChrono=0 TCPBacklogDrop=0 TCPZeroWindowDrop=0 TCPRcvQDrop=0 MemAvailable:4446M SwapFree:1023M Dirty:0M Slab:981M psi_mem=avg60=0.00 psi_cpu=avg60=1.64 load=3.14,2.07,0.93 cpu_u=49060 n=0 s=23959 i=657308 io=2271 irq=0 sirq=3036
[sys] 03:20:30 tcp_alloc=169760 tcp_mem_pages=30575 PruneCalled=0 RcvPruned=0 TCPRcvCollapsed=0 TCPAbortOnMemory=0 TCPMemoryPressures=0 TCPMemoryPressuresChrono=0 TCPBacklogDrop=0 TCPZeroWindowDrop=0 TCPRcvQDrop=0 MemAvailable:3983M SwapFree:1023M Dirty:0M Slab:1020M psi_mem=avg60=0.00 psi_cpu=avg60=1.83 load=2.89,2.04,0.92 cpu_u=49357 n=0 s=24251 i=661266 io=2272 irq=0 sirq=3208
[sys] 03:20:35 tcp_alloc=172938 tcp_mem_pages=27247 PruneCalled=0 RcvPruned=0 TCPRcvCollapsed=0 TCPAbortOnMemory=0 TCPMemoryPressures=0 TCPMemoryPressuresChrono=0 TCPBacklogDrop=0 TCPZeroWindowDrop=0 TCPRcvQDrop=0 MemAvailable:3870M SwapFree:1023M Dirty:0M Slab:1030M psi_mem=avg60=0.00 psi_cpu=avg60=1.65 load=2.65,2.00,0.92 cpu_u=49417 n=0 s=24313 i=666098 io=2272 irq=0 sirq=3233
[sys] 03:20:40 tcp_alloc=173057 tcp_mem_pages=27247 PruneCalled=0 RcvPruned=0 TCPRcvCollapsed=0 TCPAbortOnMemory=0 TCPMemoryPressures=0 TCPMemoryPressuresChrono=0 TCPBacklogDrop=0 TCPZeroWindowDrop=0 TCPRcvQDrop=0 MemAvailable:3877M SwapFree:1023M Dirty:0M Slab:1030M psi_mem=avg60=0.00 psi_cpu=avg60=1.55 load=2.44,1.97,0.91 cpu_u=49423 n=0 s=24318 i=671103 io=2272 irq=0 sirq=3235
[sys] 03:20:45 tcp_alloc=173901 tcp_mem_pages=26735 PruneCalled=0 RcvPruned=0 TCPRcvCollapsed=0 TCPAbortOnMemory=0 TCPMemoryPressures=0 TCPMemoryPressuresChrono=0 TCPBacklogDrop=0 TCPZeroWindowDrop=0 TCPRcvQDrop=0 MemAvailable:3865M SwapFree:1023M Dirty:0M Slab:1031M psi_mem=avg60=0.00 psi_cpu=avg60=1.40 load=3.05,2.10,0.96 cpu_u=49458 n=0 s=24341 i=676024 io=2272 irq=0 sirq=3254
[sys] 03:20:50 tcp_alloc=173923 tcp_mem_pages=26735 PruneCalled=0 RcvPruned=0 TCPRcvCollapsed=0 TCPAbortOnMemory=0 TCPMemoryPressures=0 TCPMemoryPressuresChrono=0 TCPBacklogDrop=0 TCPZeroWindowDrop=0 TCPRcvQDrop=0 MemAvailable:3864M SwapFree:1023M Dirty:0M Slab:1031M psi_mem=avg60=0.00 psi_cpu=avg60=1.31 load=2.80,2.07,0.96 cpu_u=49463 n=0 s=24344 i=681028 io=2272 irq=0 sirq=3255
[sys] 03:20:55 tcp_alloc=173970 tcp_mem_pages=26735 PruneCalled=0 RcvPruned=0 TCPRcvCollapsed=0 TCPAbortOnMemory=0 TCPMemoryPressures=0 TCPMemoryPressuresChrono=0 TCPBacklogDrop=0 TCPZeroWindowDrop=0 TCPRcvQDrop=0 MemAvailable:3839M SwapFree:1023M Dirty:0M Slab:1031M psi_mem=avg60=0.00 psi_cpu=avg60=1.18 load=2.58,2.03,0.95 cpu_u=49475 n=0 s=24357 i=686010 io=2277 irq=0 sirq=3260
[sys] 03:21:00 tcp_alloc=181514 tcp_mem_pages=19311 PruneCalled=0 RcvPruned=0 TCPRcvCollapsed=0 TCPAbortOnMemory=0 TCPMemoryPressures=0 TCPMemoryPressuresChrono=0 TCPBacklogDrop=0 TCPZeroWindowDrop=0 TCPRcvQDrop=0 MemAvailable:3617M SwapFree:1023M Dirty:0M Slab:1051M psi_mem=avg60=0.00 psi_cpu=avg60=1.14 load=2.37,2.00,0.95 cpu_u=49676 n=0 s=24497 i=690532 io=2278 irq=0 sirq=3351
[sys] 03:21:05 tcp_alloc=181577 tcp_mem_pages=19311 PruneCalled=0 RcvPruned=0 TCPRcvCollapsed=0 TCPAbortOnMemory=0 TCPMemoryPressures=0 TCPMemoryPressuresChrono=0 TCPBacklogDrop=0 TCPZeroWindowDrop=0 TCPRcvQDrop=0 MemAvailable:3616M SwapFree:1023M Dirty:0M Slab:1051M psi_mem=avg60=0.00 psi_cpu=avg60=1.03 load=2.18,1.97,0.94 cpu_u=49678 n=0 s=24501 i=695541 io=2278 irq=0 sirq=3352
  [diag] subscribe quorum after 75.43s: connected=81552 subscribed=81552 connect_failed=0 complete=false (ceiling 500s, stall 5s)
[sys] 03:21:10 tcp_alloc=182810 tcp_mem_pages=23919 PruneCalled=0 RcvPruned=0 TCPRcvCollapsed=0 TCPAbortOnMemory=0 TCPMemoryPressures=0 TCPMemoryPressuresChrono=0 TCPBacklogDrop=0 TCPZeroWindowDrop=0 TCPRcvQDrop=0 MemAvailable:3588M SwapFree:1023M Dirty:0M Slab:1047M psi_mem=avg60=0.00 psi_cpu=avg60=1.13 load=2.33,2.00,0.96 cpu_u=50720 n=0 s=25065 i=698223 io=2278 irq=0 sirq=3632
[sys] 03:21:15 tcp_alloc=183436 tcp_mem_pages=36207 PruneCalled=0 RcvPruned=0 TCPRcvCollapsed=0 TCPAbortOnMemory=0 TCPMemoryPressures=0 TCPMemoryPressuresChrono=0 TCPBacklogDrop=0 TCPZeroWindowDrop=0 TCPRcvQDrop=0 MemAvailable:3533M SwapFree:1023M Dirty:0M Slab:1047M psi_mem=avg60=0.00 psi_cpu=avg60=1.33 load=2.94,2.13,1.01 cpu_u=51824 n=0 s=25703 i=699649 io=2278 irq=0 sirq=3998
  [diag] progress t=10s delivered=163649 matched=163649 events~=1 subscribed=83680 rss_mib=3183 swap_mib=0 fanout_done=false
[sys] 03:21:20 tcp_alloc=184952 tcp_mem_pages=18543 PruneCalled=0 RcvPruned=0 TCPRcvCollapsed=0 TCPAbortOnMemory=0 TCPMemoryPressures=0 TCPMemoryPressuresChrono=0 TCPBacklogDrop=0 TCPZeroWindowDrop=0 TCPRcvQDrop=0 MemAvailable:3487M SwapFree:1023M Dirty:0M Slab:1045M psi_mem=avg60=0.00 psi_cpu=avg60=1.31 load=3.51,2.26,1.06 cpu_u=53141 n=0 s=26143 i=701951 io=2278 irq=0 sirq=4381
[sys] 03:21:25 tcp_alloc=185189 tcp_mem_pages=20079 PruneCalled=0 RcvPruned=0 TCPRcvCollapsed=0 TCPAbortOnMemory=0 TCPMemoryPressures=0 TCPMemoryPressuresChrono=0 TCPBacklogDrop=0 TCPZeroWindowDrop=0 TCPRcvQDrop=0 MemAvailable:3489M SwapFree:1023M Dirty:0M Slab:1044M psi_mem=avg60=0.00 psi_cpu=avg60=1.28 load=4.03,2.39,1.10 cpu_u=54658 n=0 s=26640 i=703831 io=2279 irq=0 sirq=4816
  [diag] progress t=20s delivered=416831 matched=416832 events~=4 subscribed=85164 rss_mib=3237 swap_mib=0 fanout_done=false
[sys] 03:21:30 tcp_alloc=185190 tcp_mem_pages=15983 PruneCalled=0 RcvPruned=0 TCPRcvCollapsed=0 TCPAbortOnMemory=0 TCPMemoryPressures=0 TCPMemoryPressuresChrono=0 TCPBacklogDrop=0 TCPZeroWindowDrop=0 TCPRcvQDrop=0 MemAvailable:3474M SwapFree:1023M Dirty:0M Slab:1044M psi_mem=avg60=0.00 psi_cpu=avg60=1.26 load=4.51,2.52,1.15 cpu_u=55955 n=0 s=27071 i=705225 io=2279 irq=0 sirq=5299
[sys] 03:21:35 tcp_alloc=185190 tcp_mem_pages=19055 PruneCalled=0 RcvPruned=0 TCPRcvCollapsed=0 TCPAbortOnMemory=0 TCPMemoryPressures=0 TCPMemoryPressuresChrono=0 TCPBacklogDrop=0 TCPZeroWindowDrop=0 TCPRcvQDrop=0 MemAvailable:3456M SwapFree:1023M Dirty:0M Slab:1044M psi_mem=avg60=0.00 psi_cpu=avg60=1.26 load=4.22,2.49,1.15 cpu_u=57382 n=0 s=27553 i=706799 io=2279 irq=0 sirq=5774
  [diag] progress t=30s delivered=659590 matched=672326 events~=7 subscribed=85165 rss_mib=3253 swap_mib=0 fanout_done=false
[sys] 03:21:40 tcp_alloc=185379 tcp_mem_pages=15727 PruneCalled=0 RcvPruned=0 TCPRcvCollapsed=0 TCPAbortOnMemory=0 TCPMemoryPressures=0 TCPMemoryPressuresChrono=0 TCPBacklogDrop=0 TCPZeroWindowDrop=0 TCPRcvQDrop=0 MemAvailable:3443M SwapFree:1023M Dirty:0M Slab:1045M psi_mem=avg60=0.00 psi_cpu=avg60=1.25 load=4.29,2.54,1.17 cpu_u=58742 n=0 s=28069 i=708348 io=2279 irq=0 sirq=6216
[sys] 03:21:45 tcp_alloc=185379 tcp_mem_pages=24943 PruneCalled=0 RcvPruned=0 TCPRcvCollapsed=0 TCPAbortOnMemory=0 TCPMemoryPressures=0 TCPMemoryPressuresChrono=0 TCPBacklogDrop=0 TCPZeroWindowDrop=0 TCPRcvQDrop=0 MemAvailable:3458M SwapFree:1023M Dirty:0M Slab:1045M psi_mem=avg60=0.00 psi_cpu=avg60=1.25 load=4.75,2.66,1.22 cpu_u=60091 n=0 s=28546 i=709624 io=2279 irq=0 sirq=6708
  [diag] progress t=40s delivered=880884 matched=842845 events~=9 subscribed=85354 rss_mib=3258 swap_mib=0 fanout_done=false
[sys] 03:21:51 tcp_alloc=185379 tcp_mem_pages=19311 PruneCalled=0 RcvPruned=0 TCPRcvCollapsed=0 TCPAbortOnMemory=0 TCPMemoryPressures=0 TCPMemoryPressuresChrono=0 TCPBacklogDrop=0 TCPZeroWindowDrop=0 TCPRcvQDrop=0 MemAvailable:3457M SwapFree:1023M Dirty:0M Slab:1045M psi_mem=avg60=0.00 psi_cpu=avg60=1.30 load=5.17,2.78,1.27 cpu_u=61682 n=0 s=29073 i=711162 io=2279 irq=0 sirq=7166
[sys] 03:21:56 tcp_alloc=185379 tcp_mem_pages=21359 PruneCalled=0 RcvPruned=0 TCPRcvCollapsed=0 TCPAbortOnMemory=0 TCPMemoryPressures=0 TCPMemoryPressuresChrono=0 TCPBacklogDrop=0 TCPZeroWindowDrop=0 TCPRcvQDrop=0 MemAvailable:3457M SwapFree:1023M Dirty:0M Slab:1045M psi_mem=avg60=0.00 psi_cpu=avg60=1.30 load=5.55,2.90,1.31 cpu_u=63297 n=0 s=29597 i=713071 io=2280 irq=0 sirq=7628
  [diag] progress t=50s delivered=1155193 matched=1098907 events~=12 subscribed=85354 rss_mib=3258 swap_mib=0 fanout_done=false
[sys] 03:22:01 tcp_alloc=185379 tcp_mem_pages=15727 PruneCalled=0 RcvPruned=0 TCPRcvCollapsed=0 TCPAbortOnMemory=0 TCPMemoryPressures=0 TCPMemoryPressuresChrono=0 TCPBacklogDrop=0 TCPZeroWindowDrop=0 TCPRcvQDrop=0 MemAvailable:3458M SwapFree:1023M Dirty:0M Slab:1045M psi_mem=avg60=0.00 psi_cpu=avg60=1.24 load=5.91,3.02,1.36 cpu_u=64672 n=0 s=30029 i=714763 io=2280 irq=0 sirq=8073
[sys] 03:22:06 tcp_alloc=185283 tcp_mem_pages=13935 PruneCalled=0 RcvPruned=0 TCPRcvCollapsed=0 TCPAbortOnMemory=0 TCPMemoryPressures=0 TCPMemoryPressuresChrono=0 TCPBacklogDrop=0 TCPZeroWindowDrop=0 TCPRcvQDrop=0 MemAvailable:3477M SwapFree:1023M Dirty:0M Slab:1027M psi_mem=avg60=0.00 psi_cpu=avg60=1.19 load=6.24,3.14,1.41 cpu_u=65963 n=0 s=30449 i=716386 io=2280 irq=0 sirq=8554
  [diag] progress t=60s delivered=1372486 matched=1354969 events~=15 subscribed=85354 rss_mib=3258 swap_mib=0 fanout_done=false
[sys] 03:22:11 tcp_alloc=187923 tcp_mem_pages=14703 PruneCalled=0 RcvPruned=0 TCPRcvCollapsed=0 TCPAbortOnMemory=0 TCPMemoryPressures=0 TCPMemoryPressuresChrono=0 TCPBacklogDrop=0 TCPZeroWindowDrop=0 TCPRcvQDrop=0 MemAvailable:3418M SwapFree:1023M Dirty:0M Slab:1043M psi_mem=avg60=0.00 psi_cpu=avg60=1.53 load=6.54,3.25,1.45 cpu_u=67308 n=0 s=31349 i=718340 io=2280 irq=0 sirq=8862
  [diag] progress t=70s delivered=1542436 matched=1525677 events~=16 subscribed=94466 rss_mib=3535 swap_mib=0 fanout_done=false
[sys] 03:22:16 tcp_alloc=195371 tcp_mem_pages=18031 PruneCalled=0 RcvPruned=0 TCPRcvCollapsed=0 TCPAbortOnMemory=0 TCPMemoryPressures=0 TCPMemoryPressuresChrono=0 TCPBacklogDrop=0 TCPZeroWindowDrop=0 TCPRcvQDrop=0 MemAvailable:3151M SwapFree:1023M Dirty:0M Slab:1068M psi_mem=avg60=0.00 psi_cpu=avg60=2.13 load=6.82,3.36,1.50 cpu_u=68623 n=0 s=31950 i=719989 io=2280 irq=0 sirq=9306
[sys] 03:22:21 tcp_alloc=198806 tcp_mem_pages=12911 PruneCalled=0 RcvPruned=0 TCPRcvCollapsed=0 TCPAbortOnMemory=0 TCPMemoryPressures=0 TCPMemoryPressuresChrono=0 TCPBacklogDrop=0 TCPZeroWindowDrop=0 TCPRcvQDrop=0 MemAvailable:3065M SwapFree:1023M Dirty:0M Slab:1066M psi_mem=avg60=0.00 psi_cpu=avg60=2.53 load=6.43,3.34,1.50 cpu_u=69813 n=0 s=32386 i=721712 io=2280 irq=0 sirq=9743
  [diag] progress t=80s delivered=1774704 matched=1810843 events~=18 subscribed=99032 rss_mib=3642 swap_mib=0 fanout_done=false
[sys] 03:22:26 tcp_alloc=199186 tcp_mem_pages=13167 PruneCalled=0 RcvPruned=0 TCPRcvCollapsed=0 TCPAbortOnMemory=0 TCPMemoryPressures=0 TCPMemoryPressuresChrono=0 TCPBacklogDrop=0 TCPZeroWindowDrop=0 TCPRcvQDrop=0 MemAvailable:3035M SwapFree:1023M Dirty:0M Slab:1063M psi_mem=avg60=0.00 psi_cpu=avg60=2.43 load=6.00,3.30,1.50 cpu_u=71102 n=0 s=32815 i=723467 io=2280 irq=0 sirq=10177
[sys] 03:22:31 tcp_alloc=199849 tcp_mem_pages=3183 PruneCalled=0 RcvPruned=0 TCPRcvCollapsed=0 TCPAbortOnMemory=0 TCPMemoryPressures=0 TCPMemoryPressuresChrono=0 TCPBacklogDrop=0 TCPZeroWindowDrop=0 TCPRcvQDrop=0 MemAvailable:3031M SwapFree:1023M Dirty:0M Slab:1054M psi_mem=avg60=0.00 psi_cpu=avg60=2.29 load=6.32,3.41,1.55 cpu_u=72672 n=0 s=33381 i=725139 io=2280 irq=0 sirq=10655
  [diag] progress t=90s delivered=2066302 matched=2109214 events~=21 subscribed=99824 rss_mib=3664 swap_mib=0 fanout_done=false
[sys] 03:22:36 tcp_alloc=199849 tcp_mem_pages=9071 PruneCalled=0 RcvPruned=0 TCPRcvCollapsed=0 TCPAbortOnMemory=0 TCPMemoryPressures=0 TCPMemoryPressuresChrono=0 TCPBacklogDrop=0 TCPZeroWindowDrop=0 TCPRcvQDrop=0 MemAvailable:3053M SwapFree:1023M Dirty:0M Slab:1054M psi_mem=avg60=0.00 psi_cpu=avg60=2.21 load=6.61,3.52,1.59 cpu_u=74110 n=0 s=33816 i=726671 io=2281 irq=0 sirq=11143
[sys] 03:22:42 tcp_alloc=199881 tcp_mem_pages=12143 PruneCalled=0 RcvPruned=0 TCPRcvCollapsed=0 TCPAbortOnMemory=0 TCPMemoryPressures=0 TCPMemoryPressuresChrono=0 TCPBacklogDrop=0 TCPZeroWindowDrop=0 TCPRcvQDrop=0 MemAvailable:3048M SwapFree:1023M Dirty:0M Slab:1058M psi_mem=avg60=0.00 psi_cpu=avg60=2.12 load=6.88,3.63,1.64 cpu_u=75368 n=0 s=34204 i=727812 io=2281 irq=0 sirq=11665
  [diag] progress t=100s delivered=2269087 matched=2308868 events~=23 subscribed=100000 rss_mib=3687 swap_mib=0 fanout_done=false
[sys] 03:22:47 tcp_alloc=200025 tcp_mem_pages=13935 PruneCalled=0 RcvPruned=0 TCPRcvCollapsed=0 TCPAbortOnMemory=0 TCPMemoryPressures=0 TCPMemoryPressuresChrono=0 TCPBacklogDrop=0 TCPZeroWindowDrop=0 TCPRcvQDrop=0 MemAvailable:3026M SwapFree:1023M Dirty:0M Slab:1061M psi_mem=avg60=0.00 psi_cpu=avg60=2.11 load=6.73,3.65,1.66 cpu_u=76702 n=0 s=34645 i=729037 io=2281 irq=0 sirq=12169
[sys] 03:22:52 tcp_alloc=200025 tcp_mem_pages=21871 PruneCalled=0 RcvPruned=0 TCPRcvCollapsed=0 TCPAbortOnMemory=0 TCPMemoryPressures=0 TCPMemoryPressuresChrono=0 TCPBacklogDrop=0 TCPZeroWindowDrop=0 TCPRcvQDrop=0 MemAvailable:3021M SwapFree:1023M Dirty:0M Slab:1069M psi_mem=avg60=0.00 psi_cpu=avg60=2.13 load=6.27,3.61,1.65 cpu_u=77594 n=0 s=34897 i=730846 io=2281 irq=0 sirq=12535
  [diag] progress t=110s delivered=2408364 matched=2508868 events~=25 subscribed=100000 rss_mib=3705 swap_mib=0 fanout_done=false
[sys] 03:22:57 tcp_alloc=200025 tcp_mem_pages=22895 PruneCalled=0 RcvPruned=0 TCPRcvCollapsed=0 TCPAbortOnMemory=0 TCPMemoryPressures=0 TCPMemoryPressuresChrono=0 TCPBacklogDrop=0 TCPZeroWindowDrop=0 TCPRcvQDrop=0 MemAvailable:2990M SwapFree:1023M Dirty:0M Slab:1070M psi_mem=avg60=0.00 psi_cpu=avg60=2.18 load=6.01,3.60,1.66 cpu_u=78851 n=0 s=35315 i=732173 io=2281 irq=0 sirq=12978
[sys] 03:23:02 tcp_alloc=200025 tcp_mem_pages=30575 PruneCalled=0 RcvPruned=0 TCPRcvCollapsed=0 TCPAbortOnMemory=0 TCPMemoryPressures=0 TCPMemoryPressuresChrono=0 TCPBacklogDrop=0 TCPZeroWindowDrop=0 TCPRcvQDrop=0 MemAvailable:2938M SwapFree:1023M Dirty:0M Slab:1080M psi_mem=avg60=0.00 psi_cpu=avg60=2.17 load=6.41,3.72,1.71 cpu_u=80162 n=0 s=35778 i=733606 io=2281 irq=0 sirq=13374
  [diag] progress t=120s delivered=2679817 matched=2708868 events~=27 subscribed=100000 rss_mib=3756 swap_mib=0 fanout_done=false
[sys] 03:23:07 tcp_alloc=200025 tcp_mem_pages=7535 PruneCalled=0 RcvPruned=0 TCPRcvCollapsed=0 TCPAbortOnMemory=0 TCPMemoryPressures=0 TCPMemoryPressuresChrono=0 TCPBacklogDrop=0 TCPZeroWindowDrop=0 TCPRcvQDrop=0 MemAvailable:2949M SwapFree:1023M Dirty:0M Slab:1066M psi_mem=avg60=0.00 psi_cpu=avg60=2.12 load=6.70,3.83,1.75 cpu_u=81420 n=0 s=36206 i=735226 io=2282 irq=0 sirq=13705
[sys] 03:23:12 tcp_alloc=200025 tcp_mem_pages=16495 PruneCalled=0 RcvPruned=0 TCPRcvCollapsed=0 TCPAbortOnMemory=0 TCPMemoryPressures=0 TCPMemoryPressuresChrono=0 TCPBacklogDrop=0 TCPZeroWindowDrop=0 TCPRcvQDrop=0 MemAvailable:2947M SwapFree:1023M Dirty:0M Slab:1065M psi_mem=avg60=0.00 psi_cpu=avg60=2.11 load=6.80,3.90,1.79 cpu_u=82713 n=0 s=36623 i=736463 io=2282 irq=0 sirq=14147
  [diag] progress t=130s delivered=2849586 matched=2908868 events~=29 subscribed=100000 rss_mib=3756 swap_mib=0 fanout_done=false
[sys] 03:23:17 tcp_alloc=200025 tcp_mem_pages=19823 PruneCalled=0 RcvPruned=0 TCPRcvCollapsed=0 TCPAbortOnMemory=0 TCPMemoryPressures=0 TCPMemoryPressuresChrono=0 TCPBacklogDrop=0 TCPZeroWindowDrop=0 TCPRcvQDrop=0 MemAvailable:2921M SwapFree:1023M Dirty:0M Slab:1073M psi_mem=avg60=0.00 psi_cpu=avg60=2.07 load=7.06,4.00,1.83 cpu_u=83964 n=0 s=37047 i=737774 io=2282 irq=0 sirq=14588
[sys] 03:23:23 tcp_alloc=200025 tcp_mem_pages=28271 PruneCalled=0 RcvPruned=0 TCPRcvCollapsed=0 TCPAbortOnMemory=0 TCPMemoryPressures=0 TCPMemoryPressuresChrono=0 TCPBacklogDrop=0 TCPZeroWindowDrop=0 TCPRcvQDrop=0 MemAvailable:2877M SwapFree:1023M Dirty:0M Slab:1073M psi_mem=avg60=0.00 psi_cpu=avg60=2.10 load=7.29,4.10,1.88 cpu_u=85136 n=0 s=37427 i=738810 io=2284 irq=0 sirq=15033
  [diag] progress t=140s delivered=2994137 matched=3108868 events~=31 subscribed=100000 rss_mib=3806 swap_mib=0 fanout_done=false
[sys] 03:23:28 tcp_alloc=200025 tcp_mem_pages=33391 PruneCalled=0 RcvPruned=0 TCPRcvCollapsed=0 TCPAbortOnMemory=0 TCPMemoryPressures=0 TCPMemoryPressuresChrono=0 TCPBacklogDrop=0 TCPZeroWindowDrop=0 TCPRcvQDrop=0 MemAvailable:2865M SwapFree:1023M Dirty:0M Slab:1079M psi_mem=avg60=0.00 psi_cpu=avg60=2.15 load=7.51,4.20,1.92 cpu_u=86294 n=0 s=37784 i=739933 io=2284 irq=0 sirq=15419
[sys] 03:23:33 tcp_alloc=200025 tcp_mem_pages=4463 PruneCalled=0 RcvPruned=0 TCPRcvCollapsed=0 TCPAbortOnMemory=0 TCPMemoryPressures=0 TCPMemoryPressuresChrono=0 TCPBacklogDrop=0 TCPZeroWindowDrop=0 TCPRcvQDrop=0 MemAvailable:2907M SwapFree:1023M Dirty:0M Slab:1060M psi_mem=avg60=0.00 psi_cpu=avg60=2.07 load=7.55,4.26,1.95 cpu_u=87667 n=0 s=38238 i=741557 io=2284 irq=0 sirq=15780
  [diag] progress t=150s delivered=3240415 matched=3308868 events~=33 subscribed=100000 rss_mib=3808 swap_mib=0 fanout_done=false
[sys] 03:23:38 tcp_alloc=200025 tcp_mem_pages=19567 PruneCalled=0 RcvPruned=0 TCPRcvCollapsed=0 TCPAbortOnMemory=0 TCPMemoryPressures=0 TCPMemoryPressuresChrono=0 TCPBacklogDrop=0 TCPZeroWindowDrop=0 TCPRcvQDrop=0 MemAvailable:2870M SwapFree:1023M Dirty:0M Slab:1075M psi_mem=avg60=0.00 psi_cpu=avg60=2.10 load=7.75,4.35,2.00 cpu_u=88892 n=0 s=38621 i=742769 io=2284 irq=0 sirq=16186
[sys] 03:23:43 tcp_alloc=200025 tcp_mem_pages=11887 PruneCalled=0 RcvPruned=0 TCPRcvCollapsed=0 TCPAbortOnMemory=0 TCPMemoryPressures=0 TCPMemoryPressuresChrono=0 TCPBacklogDrop=0 TCPZeroWindowDrop=0 TCPRcvQDrop=0 MemAvailable:2862M SwapFree:1023M Dirty:0M Slab:1063M psi_mem=avg60=0.00 psi_cpu=avg60=2.09 load=7.93,4.45,2.04 cpu_u=90242 n=0 s=39100 i=744066 io=2288 irq=0 sirq=16594
  [diag] progress t=160s delivered=3553911 matched=3608868 events~=36 subscribed=100000 rss_mib=3811 swap_mib=0 fanout_done=false
[sys] 03:23:48 tcp_alloc=200025 tcp_mem_pages=26223 PruneCalled=0 RcvPruned=0 TCPRcvCollapsed=0 TCPAbortOnMemory=0 TCPMemoryPressures=0 TCPMemoryPressuresChrono=0 TCPBacklogDrop=0 TCPZeroWindowDrop=0 TCPRcvQDrop=0 MemAvailable:2852M SwapFree:1023M Dirty:0M Slab:1080M psi_mem=avg60=0.00 psi_cpu=avg60=2.08 load=7.85,4.49,2.07 cpu_u=91351 n=0 s=39445 i=744998 io=2288 irq=0 sirq=16977
[sys] 03:23:53 tcp_alloc=200025 tcp_mem_pages=8303 PruneCalled=0 RcvPruned=0 TCPRcvCollapsed=0 TCPAbortOnMemory=0 TCPMemoryPressures=0 TCPMemoryPressuresChrono=0 TCPBacklogDrop=0 TCPZeroWindowDrop=0 TCPRcvQDrop=0 MemAvailable:2909M SwapFree:1023M Dirty:0M Slab:1059M psi_mem=avg60=0.00 psi_cpu=avg60=2.11 load=8.03,4.58,2.11 cpu_u=92720 n=0 s=39894 i=746471 io=2288 irq=0 sirq=17377
  [diag] progress t=170s delivered=3834090 matched=3808868 events~=38 subscribed=100000 rss_mib=3812 swap_mib=0 fanout_done=false
[sys] 03:23:58 tcp_alloc=200025 tcp_mem_pages=11375 PruneCalled=0 RcvPruned=0 TCPRcvCollapsed=0 TCPAbortOnMemory=0 TCPMemoryPressures=0 TCPMemoryPressuresChrono=0 TCPBacklogDrop=0 TCPZeroWindowDrop=0 TCPRcvQDrop=0 MemAvailable:2897M SwapFree:1023M Dirty:0M Slab:1062M psi_mem=avg60=0.00 psi_cpu=avg60=2.10 load=7.46,4.52,2.10 cpu_u=94137 n=0 s=40349 i=747839 io=2288 irq=0 sirq=17803
[sys] 03:24:03 tcp_alloc=200025 tcp_mem_pages=29551 PruneCalled=0 RcvPruned=0 TCPRcvCollapsed=0 TCPAbortOnMemory=0 TCPMemoryPressures=0 TCPMemoryPressuresChrono=0 TCPBacklogDrop=0 TCPZeroWindowDrop=0 TCPRcvQDrop=0 MemAvailable:2856M SwapFree:1023M Dirty:0M Slab:1086M psi_mem=avg60=0.00 psi_cpu=avg60=2.06 load=7.67,4.61,2.15 cpu_u=95378 n=0 s=40743 i=749114 io=2289 irq=0 sirq=18217
  [diag] progress t=180s delivered=4127103 matched=4208868 events~=42 subscribed=100000 rss_mib=3812 swap_mib=0 fanout_done=false
[sys] 03:24:08 tcp_alloc=200025 tcp_mem_pages=9839 PruneCalled=0 RcvPruned=0 TCPRcvCollapsed=0 TCPAbortOnMemory=0 TCPMemoryPressures=0 TCPMemoryPressuresChrono=0 TCPBacklogDrop=0 TCPZeroWindowDrop=0 TCPRcvQDrop=0 MemAvailable:2887M SwapFree:1023M Dirty:0M Slab:1067M psi_mem=avg60=0.00 psi_cpu=avg60=2.05 load=8.00,4.79,2.23 cpu_u=96762 n=0 s=41233 i=750709 io=2289 irq=0 sirq=18592
[sys] 03:24:13 tcp_alloc=200025 tcp_mem_pages=30831 PruneCalled=0 RcvPruned=0 TCPRcvCollapsed=0 TCPAbortOnMemory=0 TCPMemoryPressures=0 TCPMemoryPressuresChrono=0 TCPBacklogDrop=0 TCPZeroWindowDrop=0 TCPRcvQDrop=0 MemAvailable:2864M SwapFree:1023M Dirty:0M Slab:1079M psi_mem=avg60=0.00 psi_cpu=avg60=2.04 load=8.16,4.88,2.27 cpu_u=97944 n=0 s=41586 i=751834 io=2289 irq=0 sirq=18986
  [diag] progress t=190s delivered=4312070 matched=4408868 events~=44 subscribed=100000 rss_mib=3812 swap_mib=0 fanout_done=false
[sys] 03:24:19 tcp_alloc=200025 tcp_mem_pages=33391 PruneCalled=0 RcvPruned=0 TCPRcvCollapsed=0 TCPAbortOnMemory=0 TCPMemoryPressures=0 TCPMemoryPressuresChrono=0 TCPBacklogDrop=0 TCPZeroWindowDrop=0 TCPRcvQDrop=0 MemAvailable:2855M SwapFree:1023M Dirty:0M Slab:1078M psi_mem=avg60=0.00 psi_cpu=avg60=2.07 load=8.31,4.96,2.31 cpu_u=99026 n=0 s=41911 i=753192 io=2289 irq=0 sirq=19366
[sys] 03:24:24 tcp_alloc=200025 tcp_mem_pages=19311 PruneCalled=0 RcvPruned=0 TCPRcvCollapsed=0 TCPAbortOnMemory=0 TCPMemoryPressures=0 TCPMemoryPressuresChrono=0 TCPBacklogDrop=0 TCPZeroWindowDrop=0 TCPRcvQDrop=0 MemAvailable:2889M SwapFree:1023M Dirty:0M Slab:1069M psi_mem=avg60=0.00 psi_cpu=avg60=2.03 load=8.44,5.05,2.36 cpu_u=100437 n=0 s=42395 i=754731 io=2290 irq=0 sirq=19771
  [diag] progress t=200s delivered=4615477 matched=4608868 events~=46 subscribed=100000 rss_mib=3812 swap_mib=0 fanout_done=false
[sys] 03:24:29 tcp_alloc=200025 tcp_mem_pages=26735 PruneCalled=0 RcvPruned=0 TCPRcvCollapsed=0 TCPAbortOnMemory=0 TCPMemoryPressures=0 TCPMemoryPressuresChrono=0 TCPBacklogDrop=0 TCPZeroWindowDrop=0 TCPRcvQDrop=0 MemAvailable:2868M SwapFree:1023M Dirty:0M Slab:1070M psi_mem=avg60=0.00 psi_cpu=avg60=2.03 load=8.33,5.08,2.38 cpu_u=101660 n=0 s=42801 i=755798 io=2290 irq=0 sirq=20199
[sys] 03:24:34 tcp_alloc=200025 tcp_mem_pages=17519 PruneCalled=0 RcvPruned=0 TCPRcvCollapsed=0 TCPAbortOnMemory=0 TCPMemoryPressures=0 TCPMemoryPressuresChrono=0 TCPBacklogDrop=0 TCPZeroWindowDrop=0 TCPRcvQDrop=0 MemAvailable:2876M SwapFree:1023M Dirty:0M Slab:1061M psi_mem=avg60=0.00 psi_cpu=avg60=2.02 load=8.46,5.16,2.42 cpu_u=102828 n=0 s=43202 i=756796 io=2290 irq=0 sirq=20651
  [diag] progress t=210s delivered=4898336 matched=5008868 events~=50 subscribed=100000 rss_mib=3833 swap_mib=0 fanout_done=false
[sys] 03:24:39 tcp_alloc=200025 tcp_mem_pages=24431 PruneCalled=0 RcvPruned=0 TCPRcvCollapsed=0 TCPAbortOnMemory=0 TCPMemoryPressures=0 TCPMemoryPressuresChrono=0 TCPBacklogDrop=0 TCPZeroWindowDrop=0 TCPRcvQDrop=0 MemAvailable:2875M SwapFree:1023M Dirty:0M Slab:1068M psi_mem=avg60=0.00 psi_cpu=avg60=1.96 load=8.59,5.24,2.46 cpu_u=104356 n=0 s=43739 i=758121 io=2290 irq=0 sirq=21102
[sys] 03:24:44 tcp_alloc=200025 tcp_mem_pages=32623 PruneCalled=0 RcvPruned=0 TCPRcvCollapsed=0 TCPAbortOnMemory=0 TCPMemoryPressures=0 TCPMemoryPressuresChrono=0 TCPBacklogDrop=0 TCPZeroWindowDrop=0 TCPRcvQDrop=0 MemAvailable:2836M SwapFree:1023M Dirty:0M Slab:1087M psi_mem=avg60=0.00 psi_cpu=avg60=1.93 load=8.46,5.27,2.49 cpu_u=105795 n=0 s=44273 i=759524 io=2291 irq=0 sirq=21545
  [diag] progress t=220s delivered=5226512 matched=5308868 events~=53 subscribed=100000 rss_mib=3833 swap_mib=0 fanout_done=false
[sys] 03:24:49 tcp_alloc=200025 tcp_mem_pages=19055 PruneCalled=0 RcvPruned=0 TCPRcvCollapsed=0 TCPAbortOnMemory=0 TCPMemoryPressures=0 TCPMemoryPressuresChrono=0 TCPBacklogDrop=0 TCPZeroWindowDrop=0 TCPRcvQDrop=0 MemAvailable:2876M SwapFree:1023M Dirty:0M Slab:1062M psi_mem=avg60=0.00 psi_cpu=avg60=1.93 load=8.34,5.30,2.51 cpu_u=107179 n=0 s=44778 i=761027 io=2291 irq=0 sirq=21946
[sys] 03:24:54 tcp_alloc=200025 tcp_mem_pages=7279 PruneCalled=0 RcvPruned=0 TCPRcvCollapsed=0 TCPAbortOnMemory=0 TCPMemoryPressures=0 TCPMemoryPressuresChrono=0 TCPBacklogDrop=0 TCPZeroWindowDrop=0 TCPRcvQDrop=0 MemAvailable:2870M SwapFree:1023M Dirty:0M Slab:1068M psi_mem=avg60=0.00 psi_cpu=avg60=1.94 load=7.67,5.21,2.50 cpu_u=108558 n=0 s=45242 i=762400 io=2292 irq=0 sirq=22316
  [diag] progress t=230s delivered=5588486 matched=5608868 events~=56 subscribed=100000 rss_mib=3833 swap_mib=0 fanout_done=false
[sys] 03:24:59 tcp_alloc=200025 tcp_mem_pages=14703 PruneCalled=0 RcvPruned=0 TCPRcvCollapsed=0 TCPAbortOnMemory=0 TCPMemoryPressures=0 TCPMemoryPressuresChrono=0 TCPBacklogDrop=0 TCPZeroWindowDrop=0 TCPRcvQDrop=0 MemAvailable:2857M SwapFree:1023M Dirty:0M Slab:1070M psi_mem=avg60=0.00 psi_cpu=avg60=1.88 load=7.78,5.28,2.53 cpu_u=110052 n=0 s=45760 i=763790 io=2292 irq=0 sirq=22752
[sys] 03:25:04 tcp_alloc=200025 tcp_mem_pages=18287 PruneCalled=0 RcvPruned=0 TCPRcvCollapsed=0 TCPAbortOnMemory=0 TCPMemoryPressures=0 TCPMemoryPressuresChrono=0 TCPBacklogDrop=0 TCPZeroWindowDrop=0 TCPRcvQDrop=0 MemAvailable:2871M SwapFree:1023M Dirty:0M Slab:1066M psi_mem=avg60=0.00 psi_cpu=avg60=1.88 load=7.72,5.30,2.56 cpu_u=111428 n=0 s=46238 i=765121 io=2292 irq=0 sirq=23164
  [diag] progress t=240s delivered=5893469 matched=6008868 events~=60 subscribed=100000 rss_mib=3833 swap_mib=0 fanout_done=false
[sys] 03:25:09 tcp_alloc=200025 tcp_mem_pages=13679 PruneCalled=0 RcvPruned=0 TCPRcvCollapsed=0 TCPAbortOnMemory=0 TCPMemoryPressures=0 TCPMemoryPressuresChrono=0 TCPBacklogDrop=0 TCPZeroWindowDrop=0 TCPRcvQDrop=0 MemAvailable:2881M SwapFree:1023M Dirty:0M Slab:1066M psi_mem=avg60=0.00 psi_cpu=avg60=1.86 load=7.18,5.23,2.55 cpu_u=112885 n=0 s=46743 i=766588 io=2292 irq=0 sirq=23566
[sys] 03:25:14 tcp_alloc=200025 tcp_mem_pages=25711 PruneCalled=0 RcvPruned=0 TCPRcvCollapsed=0 TCPAbortOnMemory=0 TCPMemoryPressures=0 TCPMemoryPressuresChrono=0 TCPBacklogDrop=0 TCPZeroWindowDrop=0 TCPRcvQDrop=0 MemAvailable:2844M SwapFree:1023M Dirty:0M Slab:1074M psi_mem=avg60=0.00 psi_cpu=avg60=1.81 load=7.08,5.25,2.57 cpu_u=114320 n=0 s=47241 i=767854 io=2294 irq=0 sirq=23986
  [diag] progress t=250s delivered=6246406 matched=6308868 events~=63 subscribed=100000 rss_mib=3833 swap_mib=0 fanout_done=false
[sys] 03:25:19 tcp_alloc=200025 tcp_mem_pages=16495 PruneCalled=0 RcvPruned=0 TCPRcvCollapsed=0 TCPAbortOnMemory=0 TCPMemoryPressures=0 TCPMemoryPressuresChrono=0 TCPBacklogDrop=0 TCPZeroWindowDrop=0 TCPRcvQDrop=0 MemAvailable:2882M SwapFree:1023M Dirty:0M Slab:1061M psi_mem=avg60=0.00 psi_cpu=avg60=1.79 load=6.60,5.17,2.56 cpu_u=115648 n=0 s=47706 i=769356 io=2294 irq=0 sirq=24387
[sys] 03:25:24 tcp_alloc=200025 tcp_mem_pages=9327 PruneCalled=0 RcvPruned=0 TCPRcvCollapsed=0 TCPAbortOnMemory=0 TCPMemoryPressures=0 TCPMemoryPressuresChrono=0 TCPBacklogDrop=0 TCPZeroWindowDrop=0 TCPRcvQDrop=0 MemAvailable:2868M SwapFree:1023M Dirty:0M Slab:1062M psi_mem=avg60=0.00 psi_cpu=avg60=1.77 load=6.71,5.22,2.59 cpu_u=117220 n=0 s=48249 i=770886 io=2295 irq=0 sirq=24813
  [diag] progress t=260s delivered=6519041 matched=6608868 events~=66 subscribed=100000 rss_mib=3833 swap_mib=0 fanout_done=false
[sys] 03:25:30 tcp_alloc=200025 tcp_mem_pages=18543 PruneCalled=0 RcvPruned=0 TCPRcvCollapsed=0 TCPAbortOnMemory=0 TCPMemoryPressures=0 TCPMemoryPressuresChrono=0 TCPBacklogDrop=0 TCPZeroWindowDrop=0 TCPRcvQDrop=0 MemAvailable:2853M SwapFree:1023M Dirty:0M Slab:1073M psi_mem=avg60=0.02 psi_cpu=avg60=1.79 load=6.97,5.30,2.63 cpu_u=118439 n=0 s=48666 i=772014 io=2295 irq=0 sirq=25254
[sys] 03:25:35 tcp_alloc=200025 tcp_mem_pages=2159 PruneCalled=0 RcvPruned=0 TCPRcvCollapsed=0 TCPAbortOnMemory=0 TCPMemoryPressures=0 TCPMemoryPressuresChrono=0 TCPBacklogDrop=0 TCPZeroWindowDrop=0 TCPRcvQDrop=0 MemAvailable:2895M SwapFree:1023M Dirty:0M Slab:1057M psi_mem=avg60=0.02 psi_cpu=avg60=1.75 load=7.06,5.35,2.66 cpu_u=119844 n=0 s=49174 i=773228 io=2295 irq=0 sirq=25725
  [diag] progress t=270s delivered=6821040 matched=6808868 events~=68 subscribed=100000 rss_mib=3833 swap_mib=0 fanout_done=false
[sys] 03:25:40 tcp_alloc=200025 tcp_mem_pages=11375 PruneCalled=0 RcvPruned=0 TCPRcvCollapsed=0 TCPAbortOnMemory=0 TCPMemoryPressures=0 TCPMemoryPressuresChrono=0 TCPBacklogDrop=0 TCPZeroWindowDrop=0 TCPRcvQDrop=0 MemAvailable:2900M SwapFree:1023M Dirty:0M Slab:1060M psi_mem=avg60=0.05 psi_cpu=avg60=1.76 load=6.81,5.32,2.66 cpu_u=121267 n=0 s=49691 i=774522 io=2295 irq=0 sirq=26179
[sys] 03:25:45 tcp_alloc=200025 tcp_mem_pages=3183 PruneCalled=0 RcvPruned=0 TCPRcvCollapsed=0 TCPAbortOnMemory=0 TCPMemoryPressures=0 TCPMemoryPressuresChrono=0 TCPBacklogDrop=0 TCPZeroWindowDrop=0 TCPRcvQDrop=0 MemAvailable:2896M SwapFree:1023M Dirty:0M Slab:1046M psi_mem=avg60=0.05 psi_cpu=avg60=1.72 load=6.75,5.34,2.68 cpu_u=122613 n=0 s=50125 i=775779 io=2297 irq=0 sirq=26627
  [diag] progress t=280s delivered=7110621 matched=7108868 events~=71 subscribed=100000 rss_mib=3837 swap_mib=0 fanout_done=false
[sys] 03:25:50 tcp_alloc=200025 tcp_mem_pages=2415 PruneCalled=0 RcvPruned=0 TCPRcvCollapsed=0 TCPAbortOnMemory=0 TCPMemoryPressures=0 TCPMemoryPressuresChrono=0 TCPBacklogDrop=0 TCPZeroWindowDrop=0 TCPRcvQDrop=0 MemAvailable:2893M SwapFree:1023M Dirty:0M Slab:1048M psi_mem=avg60=0.04 psi_cpu=avg60=1.71 load=7.01,5.41,2.72 cpu_u=123955 n=0 s=50546 i=777640 io=2297 irq=0 sirq=27047
[sys] 03:25:55 tcp_alloc=200025 tcp_mem_pages=1647 PruneCalled=0 RcvPruned=0 TCPRcvCollapsed=0 TCPAbortOnMemory=0 TCPMemoryPressures=0 TCPMemoryPressuresChrono=0 TCPBacklogDrop=0 TCPZeroWindowDrop=0 TCPRcvQDrop=0 MemAvailable:2895M SwapFree:1023M Dirty:0M Slab:1047M psi_mem=avg60=0.04 psi_cpu=avg60=1.73 load=7.25,5.49,2.76 cpu_u=125399 n=0 s=51002 i=778823 io=2300 irq=0 sirq=27512
  [diag] progress t=290s delivered=7378170 matched=7308868 events~=73 subscribed=100000 rss_mib=3837 swap_mib=0 fanout_done=false
[sys] 03:26:00 tcp_alloc=200025 tcp_mem_pages=8815 PruneCalled=0 RcvPruned=0 TCPRcvCollapsed=0 TCPAbortOnMemory=0 TCPMemoryPressures=0 TCPMemoryPressuresChrono=0 TCPBacklogDrop=0 TCPZeroWindowDrop=0 TCPRcvQDrop=0 MemAvailable:2891M SwapFree:1023M Dirty:0M Slab:1057M psi_mem=avg60=0.03 psi_cpu=avg60=1.72 load=7.47,5.56,2.80 cpu_u=126854 n=0 s=51470 i=780146 io=2300 irq=0 sirq=27943
[sys] 03:26:05 tcp_alloc=200025 tcp_mem_pages=3695 PruneCalled=0 RcvPruned=0 TCPRcvCollapsed=0 TCPAbortOnMemory=0 TCPMemoryPressures=0 TCPMemoryPressuresChrono=0 TCPBacklogDrop=0 TCPZeroWindowDrop=0 TCPRcvQDrop=0 MemAvailable:2888M SwapFree:1023M Dirty:0M Slab:1057M psi_mem=avg60=0.03 psi_cpu=avg60=1.68 load=7.75,5.65,2.85 cpu_u=128110 n=0 s=51871 i=781499 io=2300 irq=0 sirq=28394
  [diag] progress t=300s delivered=7626748 matched=7608868 events~=76 subscribed=100000 rss_mib=3837 swap_mib=0 fanout_done=false
[sys] 03:26:10 tcp_alloc=200025 tcp_mem_pages=8303 PruneCalled=0 RcvPruned=0 TCPRcvCollapsed=0 TCPAbortOnMemory=0 TCPMemoryPressures=0 TCPMemoryPressuresChrono=0 TCPBacklogDrop=0 TCPZeroWindowDrop=0 TCPRcvQDrop=0 MemAvailable:2883M SwapFree:1023M Dirty:0M Slab:1060M psi_mem=avg60=0.03 psi_cpu=avg60=1.67 load=7.93,5.73,2.88 cpu_u=129330 n=0 s=52268 i=782672 io=2300 irq=0 sirq=28836
[sys] 03:26:15 tcp_alloc=200025 tcp_mem_pages=36975 PruneCalled=0 RcvPruned=0 TCPRcvCollapsed=0 TCPAbortOnMemory=0 TCPMemoryPressures=0 TCPMemoryPressuresChrono=0 TCPBacklogDrop=0 TCPZeroWindowDrop=0 TCPRcvQDrop=0 MemAvailable:2854M SwapFree:1023M Dirty:0M Slab:1085M psi_mem=avg60=0.02 psi_cpu=avg60=1.67 load=7.45,5.66,2.88 cpu_u=130701 n=0 s=52723 i=784032 io=2300 irq=0 sirq=29313
  [diag] progress t=310s delivered=7857187 matched=7908868 events~=79 subscribed=100000 rss_mib=3837 swap_mib=0 fanout_done=false
[sys] 03:26:20 tcp_alloc=200025 tcp_mem_pages=34927 PruneCalled=0 RcvPruned=0 TCPRcvCollapsed=0 TCPAbortOnMemory=0 TCPMemoryPressures=0 TCPMemoryPressuresChrono=0 TCPBacklogDrop=0 TCPZeroWindowDrop=0 TCPRcvQDrop=0 MemAvailable:2836M SwapFree:1023M Dirty:0M Slab:1088M psi_mem=avg60=0.02 psi_cpu=avg60=1.65 load=7.34,5.67,2.90 cpu_u=132066 n=0 s=53207 i=785265 io=2300 irq=0 sirq=29739
[sys] 03:26:25 tcp_alloc=200025 tcp_mem_pages=24943 PruneCalled=0 RcvPruned=0 TCPRcvCollapsed=0 TCPAbortOnMemory=0 TCPMemoryPressures=0 TCPMemoryPressuresChrono=0 TCPBacklogDrop=0 TCPZeroWindowDrop=0 TCPRcvQDrop=0 MemAvailable:2860M SwapFree:1023M Dirty:0M Slab:1074M psi_mem=avg60=0.02 psi_cpu=avg60=1.65 load=6.83,5.59,2.89 cpu_u=133353 n=0 s=53653 i=786493 io=2301 irq=0 sirq=30162
  [diag] progress t=320s delivered=8171387 matched=8208868 events~=82 subscribed=100000 rss_mib=3845 swap_mib=0 fanout_done=false
[sys] 03:26:30 tcp_alloc=200025 tcp_mem_pages=15215 PruneCalled=0 RcvPruned=0 TCPRcvCollapsed=0 TCPAbortOnMemory=0 TCPMemoryPressures=0 TCPMemoryPressuresChrono=0 TCPBacklogDrop=0 TCPZeroWindowDrop=0 TCPRcvQDrop=0 MemAvailable:2860M SwapFree:1023M Dirty:0M Slab:1069M psi_mem=avg60=0.02 psi_cpu=avg60=1.68 load=7.00,5.65,2.92 cpu_u=134396 n=0 s=54017 i=787869 io=2301 irq=0 sirq=30549
[sys] 03:26:36 tcp_alloc=200025 tcp_mem_pages=48751 PruneCalled=0 RcvPruned=0 TCPRcvCollapsed=0 TCPAbortOnMemory=0 TCPMemoryPressures=0 TCPMemoryPressuresChrono=0 TCPBacklogDrop=0 TCPZeroWindowDrop=0 TCPRcvQDrop=0 MemAvailable:2805M SwapFree:1023M Dirty:0M Slab:1109M psi_mem=avg60=0.01 psi_cpu=avg60=1.67 load=7.16,5.71,2.95 cpu_u=135668 n=0 s=54428 i=789076 io=2302 irq=0 sirq=30969
  [diag] progress t=330s delivered=8360390 matched=8408868 events~=84 subscribed=100000 rss_mib=3845 swap_mib=0 fanout_done=false
[sys] 03:26:41 tcp_alloc=200025 tcp_mem_pages=36975 PruneCalled=0 RcvPruned=0 TCPRcvCollapsed=0 TCPAbortOnMemory=0 TCPMemoryPressures=0 TCPMemoryPressuresChrono=0 TCPBacklogDrop=0 TCPZeroWindowDrop=0 TCPRcvQDrop=0 MemAvailable:2835M SwapFree:1023M Dirty:0M Slab:1086M psi_mem=avg60=0.01 psi_cpu=avg60=1.63 load=7.39,5.78,2.99 cpu_u=136998 n=0 s=54886 i=790434 io=2303 irq=0 sirq=31369
[sys] 03:26:46 tcp_alloc=200025 tcp_mem_pages=11631 PruneCalled=0 RcvPruned=0 TCPRcvCollapsed=0 TCPAbortOnMemory=0 TCPMemoryPressures=0 TCPMemoryPressuresChrono=0 TCPBacklogDrop=0 TCPZeroWindowDrop=0 TCPRcvQDrop=0 MemAvailable:2882M SwapFree:1023M Dirty:0M Slab:1063M psi_mem=avg60=0.01 psi_cpu=avg60=1.66 load=7.60,5.85,3.03 cpu_u=138318 n=0 s=55353 i=791803 io=2303 irq=0 sirq=31774
  [diag] progress t=340s delivered=8699506 matched=8708868 events~=87 subscribed=100000 rss_mib=3845 swap_mib=0 fanout_done=false
[sys] 03:26:51 tcp_alloc=200025 tcp_mem_pages=9327 PruneCalled=0 RcvPruned=0 TCPRcvCollapsed=0 TCPAbortOnMemory=0 TCPMemoryPressures=0 TCPMemoryPressuresChrono=0 TCPBacklogDrop=0 TCPZeroWindowDrop=0 TCPRcvQDrop=0 MemAvailable:2870M SwapFree:1023M Dirty:0M Slab:1063M psi_mem=avg60=0.01 psi_cpu=avg60=1.70 load=7.79,5.92,3.07 cpu_u=139620 n=0 s=55801 i=793059 io=2303 irq=0 sirq=32198
  [diag] progress t=350s delivered=8895659 matched=8908868 events~=89 subscribed=100000 rss_mib=3845 swap_mib=0 fanout_done=false
[sys] 03:26:56 tcp_alloc=200025 tcp_mem_pages=14191 PruneCalled=0 RcvPruned=0 TCPRcvCollapsed=0 TCPAbortOnMemory=0 TCPMemoryPressures=0 TCPMemoryPressuresChrono=0 TCPBacklogDrop=0 TCPZeroWindowDrop=0 TCPRcvQDrop=0 MemAvailable:2866M SwapFree:1023M Dirty:0M Slab:1071M psi_mem=avg60=0.01 psi_cpu=avg60=1.72 load=7.97,5.98,3.10 cpu_u=140967 n=0 s=56238 i=794261 io=2303 irq=0 sirq=32632
[sys] 03:27:01 tcp_alloc=200025 tcp_mem_pages=22895 PruneCalled=0 RcvPruned=0 TCPRcvCollapsed=0 TCPAbortOnMemory=0 TCPMemoryPressures=0 TCPMemoryPressuresChrono=0 TCPBacklogDrop=0 TCPZeroWindowDrop=0 TCPRcvQDrop=0 MemAvailable:2863M SwapFree:1023M Dirty:0M Slab:1071M psi_mem=avg60=0.00 psi_cpu=avg60=1.68 load=7.97,6.02,3.13 cpu_u=142325 n=0 s=56718 i=795529 io=2303 irq=0 sirq=33086
  [diag] progress t=360s delivered=9189034 matched=9208868 events~=92 subscribed=100000 rss_mib=3845 swap_mib=0 fanout_done=false
[sys] 03:27:06 tcp_alloc=200025 tcp_mem_pages=10863 PruneCalled=0 RcvPruned=0 TCPRcvCollapsed=0 TCPAbortOnMemory=0 TCPMemoryPressures=0 TCPMemoryPressuresChrono=0 TCPBacklogDrop=0 TCPZeroWindowDrop=0 TCPRcvQDrop=0 MemAvailable:2859M SwapFree:1023M Dirty:0M Slab:1071M psi_mem=avg60=0.00 psi_cpu=avg60=1.67 load=8.14,6.08,3.17 cpu_u=143828 n=0 s=57249 i=797102 io=2303 irq=0 sirq=33478
[sys] 03:27:11 tcp_alloc=200025 tcp_mem_pages=17263 PruneCalled=0 RcvPruned=0 TCPRcvCollapsed=0 TCPAbortOnMemory=0 TCPMemoryPressures=0 TCPMemoryPressuresChrono=0 TCPBacklogDrop=0 TCPZeroWindowDrop=0 TCPRcvQDrop=0 MemAvailable:2853M SwapFree:1023M Dirty:0M Slab:1072M psi_mem=avg60=0.00 psi_cpu=avg60=1.66 load=8.20,6.13,3.20 cpu_u=145050 n=0 s=57648 i=798258 io=2304 irq=0 sirq=33910
  [diag] progress t=370s delivered=9437742 matched=9508868 events~=95 subscribed=100000 rss_mib=3845 swap_mib=0 fanout_done=false
[sys] 03:27:16 tcp_alloc=200025 tcp_mem_pages=24175 PruneCalled=0 RcvPruned=0 TCPRcvCollapsed=0 TCPAbortOnMemory=0 TCPMemoryPressures=0 TCPMemoryPressuresChrono=0 TCPBacklogDrop=0 TCPZeroWindowDrop=0 TCPRcvQDrop=0 MemAvailable:2834M SwapFree:1023M Dirty:0M Slab:1074M psi_mem=avg60=0.00 psi_cpu=avg60=1.65 load=8.35,6.20,3.23 cpu_u=146111 n=0 s=57982 i=799257 io=2304 irq=0 sirq=34341
[sys] 03:27:21 tcp_alloc=200025 tcp_mem_pages=22895 PruneCalled=0 RcvPruned=0 TCPRcvCollapsed=0 TCPAbortOnMemory=0 TCPMemoryPressures=0 TCPMemoryPressuresChrono=0 TCPBacklogDrop=0 TCPZeroWindowDrop=0 TCPRcvQDrop=0 MemAvailable:2851M SwapFree:1023M Dirty:0M Slab:1078M psi_mem=avg60=0.00 psi_cpu=avg60=1.65 load=8.32,6.23,3.26 cpu_u=147455 n=0 s=58456 i=800744 io=2304 irq=0 sirq=34745
  [diag] progress t=380s delivered=9675713 matched=9708868 events~=97 subscribed=100000 rss_mib=3845 swap_mib=0 fanout_done=false
[sys] 03:27:26 tcp_alloc=200025 tcp_mem_pages=16495 PruneCalled=0 RcvPruned=0 TCPRcvCollapsed=0 TCPAbortOnMemory=0 TCPMemoryPressures=0 TCPMemoryPressuresChrono=0 TCPBacklogDrop=0 TCPZeroWindowDrop=0 TCPRcvQDrop=0 MemAvailable:2854M SwapFree:1023M Dirty:0M Slab:1071M psi_mem=avg60=0.00 psi_cpu=avg60=1.61 load=8.45,6.29,3.30 cpu_u=148727 n=0 s=58855 i=802537 io=2304 irq=0 sirq=35116
[sys] 03:27:31 tcp_alloc=200025 tcp_mem_pages=19823 PruneCalled=0 RcvPruned=0 TCPRcvCollapsed=0 TCPAbortOnMemory=0 TCPMemoryPressures=0 TCPMemoryPressuresChrono=0 TCPBacklogDrop=0 TCPZeroWindowDrop=0 TCPRcvQDrop=0 MemAvailable:2857M SwapFree:1023M Dirty:0M Slab:1066M psi_mem=avg60=0.03 psi_cpu=avg60=1.65 load=8.58,6.35,3.33 cpu_u=149850 n=0 s=59220 i=803971 io=2305 irq=0 sirq=35526
  [diag] progress t=390s delivered=9827306 matched=9908868 events~=99 subscribed=100000 rss_mib=3845 swap_mib=0 fanout_done=false
[sys] 03:27:36 tcp_alloc=200025 tcp_mem_pages=16495 PruneCalled=0 RcvPruned=0 TCPRcvCollapsed=0 TCPAbortOnMemory=0 TCPMemoryPressures=0 TCPMemoryPressuresChrono=0 TCPBacklogDrop=0 TCPZeroWindowDrop=0 TCPRcvQDrop=0 MemAvailable:2855M SwapFree:1023M Dirty:0M Slab:1073M psi_mem=avg60=0.03 psi_cpu=avg60=1.61 load=8.61,6.40,3.36 cpu_u=151153 n=0 s=59641 i=805519 io=2305 irq=0 sirq=35920
[sys] 03:27:41 tcp_alloc=200025 tcp_mem_pages=35951 PruneCalled=0 RcvPruned=0 TCPRcvCollapsed=0 TCPAbortOnMemory=0 TCPMemoryPressures=0 TCPMemoryPressuresChrono=0 TCPBacklogDrop=0 TCPZeroWindowDrop=0 TCPRcvQDrop=0 MemAvailable:2842M SwapFree:1023M Dirty:0M Slab:1086M psi_mem=avg60=0.02 psi_cpu=avg60=1.64 load=8.48,6.41,3.38 cpu_u=152245 n=0 s=60002 i=806774 io=2305 irq=0 sirq=36325
  [diag] progress t=400s delivered=10005029 matched=10108868 events~=101 subscribed=100000 rss_mib=3845 swap_mib=0 fanout_done=false
[sys] 03:27:47 tcp_alloc=200025 tcp_mem_pages=16495 PruneCalled=0 RcvPruned=0 TCPRcvCollapsed=0 TCPAbortOnMemory=0 TCPMemoryPressures=0 TCPMemoryPressuresChrono=0 TCPBacklogDrop=0 TCPZeroWindowDrop=0 TCPRcvQDrop=0 MemAvailable:2866M SwapFree:1023M Dirty:0M Slab:1074M psi_mem=avg60=0.02 psi_cpu=avg60=1.63 load=8.53,6.45,3.41 cpu_u=153419 n=0 s=60368 i=808319 io=2305 irq=0 sirq=36723
[sys] 03:27:52 tcp_alloc=200025 tcp_mem_pages=12399 PruneCalled=0 RcvPruned=0 TCPRcvCollapsed=0 TCPAbortOnMemory=0 TCPMemoryPressures=0 TCPMemoryPressuresChrono=0 TCPBacklogDrop=0 TCPZeroWindowDrop=0 TCPRcvQDrop=0 MemAvailable:2863M SwapFree:1023M Dirty:0M Slab:1071M psi_mem=avg60=0.05 psi_cpu=avg60=1.67 load=8.24,6.43,3.42 cpu_u=154735 n=0 s=60806 i=810076 io=2315 irq=0 sirq=37113
  [diag] progress t=410s delivered=10170865 matched=10308868 events~=103 subscribed=100000 rss_mib=3845 swap_mib=0 fanout_done=false
[sys] 03:27:57 tcp_alloc=200025 tcp_mem_pages=20079 PruneCalled=0 RcvPruned=0 TCPRcvCollapsed=0 TCPAbortOnMemory=0 TCPMemoryPressures=0 TCPMemoryPressuresChrono=0 TCPBacklogDrop=0 TCPZeroWindowDrop=0 TCPRcvQDrop=0 MemAvailable:2851M SwapFree:1023M Dirty:0M Slab:1073M psi_mem=avg60=0.05 psi_cpu=avg60=1.67 load=7.98,6.40,3.43 cpu_u=156074 n=0 s=61221 i=811442 io=2315 irq=0 sirq=37540
[sys] 03:28:02 tcp_alloc=200025 tcp_mem_pages=15983 PruneCalled=0 RcvPruned=0 TCPRcvCollapsed=0 TCPAbortOnMemory=0 TCPMemoryPressures=0 TCPMemoryPressuresChrono=0 TCPBacklogDrop=0 TCPZeroWindowDrop=0 TCPRcvQDrop=0 MemAvailable:2868M SwapFree:1023M Dirty:0M Slab:1075M psi_mem=avg60=0.04 psi_cpu=avg60=1.66 load=8.06,6.45,3.46 cpu_u=157386 n=0 s=61652 i=812833 io=2315 irq=0 sirq=37951
  [diag] progress t=420s delivered=10452476 matched=10508868 events~=105 subscribed=100000 rss_mib=3845 swap_mib=0 fanout_done=false
[sys] 03:28:07 tcp_alloc=200025 tcp_mem_pages=31343 PruneCalled=0 RcvPruned=0 TCPRcvCollapsed=0 TCPAbortOnMemory=0 TCPMemoryPressures=0 TCPMemoryPressuresChrono=0 TCPBacklogDrop=0 TCPZeroWindowDrop=0 TCPRcvQDrop=0 MemAvailable:2860M SwapFree:1023M Dirty:0M Slab:1075M psi_mem=avg60=0.04 psi_cpu=avg60=1.63 load=8.46,6.56,3.51 cpu_u=158707 n=0 s=62075 i=814221 io=2315 irq=0 sirq=38365
[sys] 03:28:12 tcp_alloc=200025 tcp_mem_pages=12399 PruneCalled=0 RcvPruned=0 TCPRcvCollapsed=0 TCPAbortOnMemory=0 TCPMemoryPressures=0 TCPMemoryPressuresChrono=0 TCPBacklogDrop=0 TCPZeroWindowDrop=0 TCPRcvQDrop=0 MemAvailable:2880M SwapFree:1023M Dirty:0M Slab:1067M psi_mem=avg60=0.03 psi_cpu=avg60=1.68 load=8.18,6.53,3.52 cpu_u=159812 n=0 s=62464 i=815713 io=2315 irq=0 sirq=38731
  [diag] progress t=430s delivered=10582006 matched=10708868 events~=107 subscribed=100000 rss_mib=3845 swap_mib=0 fanout_done=false
[sys] 03:28:17 tcp_alloc=200025 tcp_mem_pages=21103 PruneCalled=0 RcvPruned=0 TCPRcvCollapsed=0 TCPAbortOnMemory=0 TCPMemoryPressures=0 TCPMemoryPressuresChrono=0 TCPBacklogDrop=0 TCPZeroWindowDrop=0 TCPRcvQDrop=0 MemAvailable:2856M SwapFree:1023M Dirty:0M Slab:1071M psi_mem=avg60=0.03 psi_cpu=avg60=1.68 load=7.77,6.47,3.52 cpu_u=160724 n=0 s=62726 i=816673 io=2315 irq=0 sirq=39072
[sys] 03:28:22 tcp_alloc=200025 tcp_mem_pages=12143 PruneCalled=0 RcvPruned=0 TCPRcvCollapsed=0 TCPAbortOnMemory=0 TCPMemoryPressures=0 TCPMemoryPressuresChrono=0 TCPBacklogDrop=0 TCPZeroWindowDrop=0 TCPRcvQDrop=0 MemAvailable:2874M SwapFree:1023M Dirty:0M Slab:1071M psi_mem=avg60=0.03 psi_cpu=avg60=1.80 load=8.03,6.55,3.56 cpu_u=161921 n=0 s=63145 i=818141 io=2322 irq=0 sirq=39484
  [diag] progress t=440s delivered=10796485 matched=10808868 events~=108 subscribed=100000 rss_mib=3845 swap_mib=0 fanout_done=false
[sys] 03:28:27 tcp_alloc=200025 tcp_mem_pages=16751 PruneCalled=0 RcvPruned=0 TCPRcvCollapsed=0 TCPAbortOnMemory=0 TCPMemoryPressures=0 TCPMemoryPressuresChrono=0 TCPBacklogDrop=0 TCPZeroWindowDrop=0 TCPRcvQDrop=0 MemAvailable:2872M SwapFree:1023M Dirty:0M Slab:1068M psi_mem=avg60=0.02 psi_cpu=avg60=1.85 load=8.10,6.59,3.59 cpu_u=162973 n=0 s=63460 i=819242 io=2322 irq=0 sirq=39885
[sys] 03:28:33 tcp_alloc=200025 tcp_mem_pages=21103 PruneCalled=0 RcvPruned=0 TCPRcvCollapsed=0 TCPAbortOnMemory=0 TCPMemoryPressures=0 TCPMemoryPressuresChrono=0 TCPBacklogDrop=0 TCPZeroWindowDrop=0 TCPRcvQDrop=0 MemAvailable:2851M SwapFree:1023M Dirty:0M Slab:1076M psi_mem=avg60=0.02 psi_cpu=avg60=1.79 load=8.26,6.64,3.62 cpu_u=164273 n=0 s=63879 i=820827 io=2322 irq=0 sirq=40287
  [diag] progress t=450s delivered=10916399 matched=11008868 events~=110 subscribed=100000 rss_mib=3845 swap_mib=0 fanout_done=false
[sys] 03:28:38 tcp_alloc=200025 tcp_mem_pages=29039 PruneCalled=0 RcvPruned=0 TCPRcvCollapsed=0 TCPAbortOnMemory=0 TCPMemoryPressures=0 TCPMemoryPressuresChrono=0 TCPBacklogDrop=0 TCPZeroWindowDrop=0 TCPRcvQDrop=0 MemAvailable:2850M SwapFree:1023M Dirty:0M Slab:1076M psi_mem=avg60=0.05 psi_cpu=avg60=1.87 load=7.68,6.55,3.61 cpu_u=165007 n=0 s=64061 i=821783 io=2322 irq=0 sirq=40640
[sys] 03:28:43 tcp_alloc=200025 tcp_mem_pages=32879 PruneCalled=0 RcvPruned=0 TCPRcvCollapsed=0 TCPAbortOnMemory=0 TCPMemoryPressures=0 TCPMemoryPressuresChrono=0 TCPBacklogDrop=0 TCPZeroWindowDrop=0 TCPRcvQDrop=0 MemAvailable:2854M SwapFree:1023M Dirty:0M Slab:1077M psi_mem=avg60=0.08 psi_cpu=avg60=1.95 load=7.54,6.54,3.62 cpu_u=165678 n=0 s=64268 i=822890 io=2323 irq=0 sirq=40897
  [diag] progress t=460s delivered=11044593 matched=11108868 events~=111 subscribed=100000 rss_mib=3845 swap_mib=0 fanout_done=false
[sys] 03:28:48 tcp_alloc=200025 tcp_mem_pages=12143 PruneCalled=0 RcvPruned=0 TCPRcvCollapsed=0 TCPAbortOnMemory=0 TCPMemoryPressures=0 TCPMemoryPressuresChrono=0 TCPBacklogDrop=0 TCPZeroWindowDrop=0 TCPRcvQDrop=0 MemAvailable:2856M SwapFree:1023M Dirty:0M Slab:1071M psi_mem=avg60=0.07 psi_cpu=avg60=1.92 load=7.34,6.52,3.63 cpu_u=166752 n=0 s=64627 i=824586 io=2323 irq=0 sirq=41221
[sys] 03:28:53 tcp_alloc=200025 tcp_mem_pages=19311 PruneCalled=0 RcvPruned=0 TCPRcvCollapsed=0 TCPAbortOnMemory=0 TCPMemoryPressures=0 TCPMemoryPressuresChrono=0 TCPBacklogDrop=0 TCPZeroWindowDrop=0 TCPRcvQDrop=0 MemAvailable:2854M SwapFree:1023M Dirty:0M Slab:1071M psi_mem=avg60=0.06 psi_cpu=avg60=2.02 load=7.39,6.54,3.65 cpu_u=167536 n=0 s=64840 i=825302 io=2325 irq=0 sirq=41588
  [diag] progress t=470s delivered=11165959 matched=11308868 events~=113 subscribed=100000 rss_mib=3845 swap_mib=0 fanout_done=false
[sys] 03:28:59 tcp_alloc=200025 tcp_mem_pages=26735 PruneCalled=0 RcvPruned=0 TCPRcvCollapsed=0 TCPAbortOnMemory=0 TCPMemoryPressures=0 TCPMemoryPressuresChrono=0 TCPBacklogDrop=0 TCPZeroWindowDrop=0 TCPRcvQDrop=0 MemAvailable:2850M SwapFree:1023M Dirty:0M Slab:1071M psi_mem=avg60=0.06 psi_cpu=avg60=2.18 load=6.63,6.41,3.64 cpu_u=168201 n=0 s=65007 i=826187 io=2325 irq=0 sirq=41884
[sys] 03:29:04 tcp_alloc=200025 tcp_mem_pages=31599 PruneCalled=0 RcvPruned=0 TCPRcvCollapsed=0 TCPAbortOnMemory=0 TCPMemoryPressures=0 TCPMemoryPressuresChrono=0 TCPBacklogDrop=0 TCPZeroWindowDrop=0 TCPRcvQDrop=0 MemAvailable:2834M SwapFree:1023M Dirty:0M Slab:1075M psi_mem=avg60=0.05 psi_cpu=avg60=2.19 load=6.50,6.38,3.65 cpu_u=169195 n=0 s=65300 i=827710 io=2326 irq=0 sirq=42229
  [diag] progress t=480s delivered=11294683 matched=11408868 events~=114 subscribed=100000 rss_mib=3845 swap_mib=0 fanout_done=false
[sys] 03:29:09 tcp_alloc=200025 tcp_mem_pages=14959 PruneCalled=0 RcvPruned=0 TCPRcvCollapsed=0 TCPAbortOnMemory=0 TCPMemoryPressures=0 TCPMemoryPressuresChrono=0 TCPBacklogDrop=0 TCPZeroWindowDrop=0 TCPRcvQDrop=0 MemAvailable:2840M SwapFree:1023M Dirty:0M Slab:1074M psi_mem=avg60=0.05 psi_cpu=avg60=2.25 load=6.46,6.38,3.66 cpu_u=169934 n=0 s=65532 i=829000 io=2326 irq=0 sirq=42465
[sys] 03:29:14 tcp_alloc=200025 tcp_mem_pages=26991 PruneCalled=0 RcvPruned=0 TCPRcvCollapsed=0 TCPAbortOnMemory=0 TCPMemoryPressures=0 TCPMemoryPressuresChrono=0 TCPBacklogDrop=0 TCPZeroWindowDrop=0 TCPRcvQDrop=0 MemAvailable:2841M SwapFree:1023M Dirty:0M Slab:1074M psi_mem=avg60=0.04 psi_cpu=avg60=2.22 load=6.75,6.44,3.69 cpu_u=171085 n=0 s=65884 i=830602 io=2326 irq=0 sirq=42857
  [diag] progress t=490s delivered=11451110 matched=11508868 events~=115 subscribed=100000 rss_mib=3845 swap_mib=0 fanout_done=false
[sys] 03:29:19 tcp_alloc=200025 tcp_mem_pages=17519 PruneCalled=0 RcvPruned=0 TCPRcvCollapsed=0 TCPAbortOnMemory=0 TCPMemoryPressures=0 TCPMemoryPressuresChrono=0 TCPBacklogDrop=0 TCPZeroWindowDrop=0 TCPRcvQDrop=0 MemAvailable:2833M SwapFree:1023M Dirty:0M Slab:1078M psi_mem=avg60=0.04 psi_cpu=avg60=2.23 load=6.69,6.43,3.71 cpu_u=172029 n=0 s=66205 i=831663 io=2326 irq=0 sirq=43207
[sys] 03:29:24 tcp_alloc=200025 tcp_mem_pages=23151 PruneCalled=0 RcvPruned=0 TCPRcvCollapsed=0 TCPAbortOnMemory=0 TCPMemoryPressures=0 TCPMemoryPressuresChrono=0 TCPBacklogDrop=0 TCPZeroWindowDrop=0 TCPRcvQDrop=0 MemAvailable:2829M SwapFree:1023M Dirty:0M Slab:1077M psi_mem=avg60=0.03 psi_cpu=avg60=2.21 load=6.55,6.41,3.71 cpu_u=173179 n=0 s=66540 i=832901 io=2327 irq=0 sirq=43595
  [diag] progress t=500s delivered=11649506 matched=11708868 events~=117 subscribed=100000 rss_mib=3845 swap_mib=0 fanout_done=false
[sys] 03:29:29 tcp_alloc=200025 tcp_mem_pages=16495 PruneCalled=0 RcvPruned=0 TCPRcvCollapsed=0 TCPAbortOnMemory=0 TCPMemoryPressures=0 TCPMemoryPressuresChrono=0 TCPBacklogDrop=0 TCPZeroWindowDrop=0 TCPRcvQDrop=0 MemAvailable:2833M SwapFree:1023M Dirty:0M Slab:1076M psi_mem=avg60=0.03 psi_cpu=avg60=2.13 load=6.67,6.43,3.74 cpu_u=174239 n=0 s=66865 i=834264 io=2327 irq=0 sirq=43992
[sys] 03:29:34 tcp_alloc=200025 tcp_mem_pages=11119 PruneCalled=0 RcvPruned=0 TCPRcvCollapsed=0 TCPAbortOnMemory=0 TCPMemoryPressures=0 TCPMemoryPressuresChrono=0 TCPBacklogDrop=0 TCPZeroWindowDrop=0 TCPRcvQDrop=0 MemAvailable:2837M SwapFree:1023M Dirty:0M Slab:1068M psi_mem=avg60=0.03 psi_cpu=avg60=2.08 load=6.77,6.46,3.76 cpu_u=175373 n=0 s=67199 i=836500 io=2327 irq=0 sirq=44294
  [diag] progress t=510s delivered=11820248 matched=11808868 events~=118 subscribed=100000 rss_mib=3845 swap_mib=0 fanout_done=false
[sys] 03:29:40 tcp_alloc=200025 tcp_mem_pages=22127 PruneCalled=0 RcvPruned=0 TCPRcvCollapsed=0 TCPAbortOnMemory=0 TCPMemoryPressures=0 TCPMemoryPressuresChrono=0 TCPBacklogDrop=0 TCPZeroWindowDrop=0 TCPRcvQDrop=0 MemAvailable:2835M SwapFree:1023M Dirty:0M Slab:1067M psi_mem=avg60=0.02 psi_cpu=avg60=2.01 load=6.95,6.50,3.79 cpu_u=176475 n=0 s=67518 i=837888 io=2327 irq=0 sirq=44705
[sys] 03:29:45 tcp_alloc=200025 tcp_mem_pages=22639 PruneCalled=0 RcvPruned=0 TCPRcvCollapsed=0 TCPAbortOnMemory=0 TCPMemoryPressures=0 TCPMemoryPressuresChrono=0 TCPBacklogDrop=0 TCPZeroWindowDrop=0 TCPRcvQDrop=0 MemAvailable:2874M SwapFree:1023M Dirty:0M Slab:1073M psi_mem=avg60=0.02 psi_cpu=avg60=2.01 load=7.04,6.53,3.81 cpu_u=177625 n=0 s=67877 i=839249 io=2328 irq=0 sirq=45072
  [diag] progress t=520s delivered=11936958 matched=12008868 events~=120 subscribed=100000 rss_mib=3845 swap_mib=0 fanout_done=false
[sys] 03:29:50 tcp_alloc=200025 tcp_mem_pages=18799 PruneCalled=0 RcvPruned=0 TCPRcvCollapsed=0 TCPAbortOnMemory=0 TCPMemoryPressures=0 TCPMemoryPressuresChrono=0 TCPBacklogDrop=0 TCPZeroWindowDrop=0 TCPRcvQDrop=0 MemAvailable:2848M SwapFree:1023M Dirty:0M Slab:1078M psi_mem=avg60=0.02 psi_cpu=avg60=1.94 load=6.55,6.43,3.80 cpu_u=178898 n=0 s=68282 i=841033 io=2328 irq=0 sirq=45425
[sys] 03:29:55 tcp_alloc=200025 tcp_mem_pages=33647 PruneCalled=0 RcvPruned=0 TCPRcvCollapsed=0 TCPAbortOnMemory=0 TCPMemoryPressures=0 TCPMemoryPressuresChrono=0 TCPBacklogDrop=0 TCPZeroWindowDrop=0 TCPRcvQDrop=0 MemAvailable:2840M SwapFree:1023M Dirty:0M Slab:1088M psi_mem=avg60=0.02 psi_cpu=avg60=2.14 load=6.27,6.38,3.79 cpu_u=180208 n=0 s=68689 i=842340 io=2328 irq=0 sirq=45832
  [diag] progress t=530s delivered=12166789 matched=12208868 events~=122 subscribed=100000 rss_mib=3845 swap_mib=0 fanout_done=false
[sys] 03:30:00 tcp_alloc=200025 tcp_mem_pages=25455 PruneCalled=0 RcvPruned=0 TCPRcvCollapsed=0 TCPAbortOnMemory=0 TCPMemoryPressures=0 TCPMemoryPressuresChrono=0 TCPBacklogDrop=0 TCPZeroWindowDrop=0 TCPRcvQDrop=0 MemAvailable:2856M SwapFree:1023M Dirty:0M Slab:1074M psi_mem=avg60=0.01 psi_cpu=avg60=2.13 load=6.49,6.42,3.82 cpu_u=181403 n=0 s=69085 i=843670 io=2329 irq=0 sirq=46230
[sys] 03:30:05 tcp_alloc=200025 tcp_mem_pages=33647 PruneCalled=0 RcvPruned=0 TCPRcvCollapsed=0 TCPAbortOnMemory=0 TCPMemoryPressures=0 TCPMemoryPressuresChrono=0 TCPBacklogDrop=0 TCPZeroWindowDrop=0 TCPRcvQDrop=0 MemAvailable:2834M SwapFree:1023M Dirty:0M Slab:1089M psi_mem=avg60=0.01 psi_cpu=avg60=2.11 load=6.05,6.33,3.81 cpu_u=182651 n=0 s=69490 i=844743 io=2330 irq=0 sirq=46662
  [diag] progress t=540s delivered=12377506 matched=12508868 events~=125 subscribed=100000 rss_mib=3845 swap_mib=0 fanout_done=false
[sys] 03:30:10 tcp_alloc=200025 tcp_mem_pages=22127 PruneCalled=0 RcvPruned=0 TCPRcvCollapsed=0 TCPAbortOnMemory=0 TCPMemoryPressures=0 TCPMemoryPressuresChrono=0 TCPBacklogDrop=0 TCPZeroWindowDrop=0 TCPRcvQDrop=0 MemAvailable:2861M SwapFree:1023M Dirty:0M Slab:1071M psi_mem=avg60=0.01 psi_cpu=avg60=2.11 load=6.36,6.39,3.84 cpu_u=184098 n=0 s=69977 i=846302 io=2330 irq=0 sirq=47090
[sys] 03:30:15 tcp_alloc=200025 tcp_mem_pages=26735 PruneCalled=0 RcvPruned=0 TCPRcvCollapsed=0 TCPAbortOnMemory=0 TCPMemoryPressures=0 TCPMemoryPressuresChrono=0 TCPBacklogDrop=0 TCPZeroWindowDrop=0 TCPRcvQDrop=0 MemAvailable:2851M SwapFree:1023M Dirty:0M Slab:1071M psi_mem=avg60=0.01 psi_cpu=avg60=2.00 load=6.42,6.40,3.86 cpu_u=185577 n=0 s=70448 i=847640 io=2330 irq=0 sirq=47518
  [diag] progress t=550s delivered=12677728 matched=12808868 events~=128 subscribed=100000 rss_mib=3845 swap_mib=0 fanout_done=false
[sys] 03:30:20 tcp_alloc=200025 tcp_mem_pages=22383 PruneCalled=0 RcvPruned=0 TCPRcvCollapsed=0 TCPAbortOnMemory=0 TCPMemoryPressures=0 TCPMemoryPressuresChrono=0 TCPBacklogDrop=0 TCPZeroWindowDrop=0 TCPRcvQDrop=0 MemAvailable:2877M SwapFree:1023M Dirty:0M Slab:1065M psi_mem=avg60=0.01 psi_cpu=avg60=2.06 load=6.78,6.48,3.89 cpu_u=186961 n=0 s=70902 i=848932 io=2330 irq=0 sirq=47952
[sys] 03:30:26 tcp_alloc=200025 tcp_mem_pages=13167 PruneCalled=0 RcvPruned=0 TCPRcvCollapsed=0 TCPAbortOnMemory=0 TCPMemoryPressures=0 TCPMemoryPressuresChrono=0 TCPBacklogDrop=0 TCPZeroWindowDrop=0 TCPRcvQDrop=0 MemAvailable:2880M SwapFree:1023M Dirty:0M Slab:1063M psi_mem=avg60=0.00 psi_cpu=avg60=1.99 load=6.80,6.49,3.91 cpu_u=188251 n=0 s=71335 i=850272 io=2330 irq=0 sirq=48335
  [diag] progress t=560s delivered=12943777 matched=13008868 events~=130 subscribed=100000 rss_mib=3845 swap_mib=0 fanout_done=false
[sys] 03:30:31 tcp_alloc=200025 tcp_mem_pages=35183 PruneCalled=0 RcvPruned=0 TCPRcvCollapsed=0 TCPAbortOnMemory=0 TCPMemoryPressures=0 TCPMemoryPressuresChrono=0 TCPBacklogDrop=0 TCPZeroWindowDrop=0 TCPRcvQDrop=0 MemAvailable:2845M SwapFree:1023M Dirty:0M Slab:1079M psi_mem=avg60=0.00 psi_cpu=avg60=2.05 load=6.42,6.41,3.90 cpu_u=189582 n=0 s=71744 i=851425 io=2330 irq=0 sirq=48772
  [diag] progress t=570s delivered=13185902 matched=13308868 events~=133 subscribed=100000 rss_mib=3845 swap_mib=0 fanout_done=false
[sys] 03:30:36 tcp_alloc=200025 tcp_mem_pages=31343 PruneCalled=0 RcvPruned=0 TCPRcvCollapsed=0 TCPAbortOnMemory=0 TCPMemoryPressures=0 TCPMemoryPressuresChrono=0 TCPBacklogDrop=0 TCPZeroWindowDrop=0 TCPRcvQDrop=0 MemAvailable:2847M SwapFree:1023M Dirty:0M Slab:1075M psi_mem=avg60=0.00 psi_cpu=avg60=2.05 load=6.38,6.41,3.91 cpu_u=190781 n=0 s=72142 i=852855 io=2330 irq=0 sirq=49163
[sys] 03:30:41 tcp_alloc=200025 tcp_mem_pages=25711 PruneCalled=0 RcvPruned=0 TCPRcvCollapsed=0 TCPAbortOnMemory=0 TCPMemoryPressures=0 TCPMemoryPressuresChrono=0 TCPBacklogDrop=0 TCPZeroWindowDrop=0 TCPRcvQDrop=0 MemAvailable:2886M SwapFree:1023M Dirty:0M Slab:1069M psi_mem=avg60=0.00 psi_cpu=avg60=1.98 load=6.03,6.33,3.90 cpu_u=192064 n=0 s=72584 i=854380 io=2330 irq=0 sirq=49576
  [diag] progress t=580s delivered=13413196 matched=13408868 events~=134 subscribed=100000 rss_mib=3845 swap_mib=0 fanout_done=false
[sys] 03:30:46 tcp_alloc=200025 tcp_mem_pages=6255 PruneCalled=0 RcvPruned=0 TCPRcvCollapsed=0 TCPAbortOnMemory=0 TCPMemoryPressures=0 TCPMemoryPressuresChrono=0 TCPBacklogDrop=0 TCPZeroWindowDrop=0 TCPRcvQDrop=0 MemAvailable:2897M SwapFree:1023M Dirty:0M Slab:1058M psi_mem=avg60=0.00 psi_cpu=avg60=1.91 load=6.27,6.38,3.93 cpu_u=193273 n=0 s=73029 i=855794 io=2332 irq=0 sirq=49987
[sys] 03:30:51 tcp_alloc=200025 tcp_mem_pages=13167 PruneCalled=0 RcvPruned=0 TCPRcvCollapsed=0 TCPAbortOnMemory=0 TCPMemoryPressures=0 TCPMemoryPressuresChrono=0 TCPBacklogDrop=0 TCPZeroWindowDrop=0 TCPRcvQDrop=0 MemAvailable:2876M SwapFree:1023M Dirty:0M Slab:1068M psi_mem=avg60=0.00 psi_cpu=avg60=1.86 load=6.01,6.32,3.92 cpu_u=194651 n=0 s=73505 i=857222 io=2333 irq=0 sirq=50406
  [diag] progress t=590s delivered=13565067 matched=13608868 events~=136 subscribed=100000 rss_mib=3845 swap_mib=0 fanout_done=false
[sys] 03:30:56 tcp_alloc=200025 tcp_mem_pages=20591 PruneCalled=0 RcvPruned=0 TCPRcvCollapsed=0 TCPAbortOnMemory=0 TCPMemoryPressures=0 TCPMemoryPressuresChrono=0 TCPBacklogDrop=0 TCPZeroWindowDrop=0 TCPRcvQDrop=0 MemAvailable:2862M SwapFree:1023M Dirty:0M Slab:1073M psi_mem=avg60=0.00 psi_cpu=avg60=1.83 load=6.09,6.33,3.94 cpu_u=195936 n=0 s=73877 i=858624 io=2333 irq=0 sirq=50793
[sys] 03:31:02 tcp_alloc=200025 tcp_mem_pages=25455 PruneCalled=0 RcvPruned=0 TCPRcvCollapsed=0 TCPAbortOnMemory=0 TCPMemoryPressures=0 TCPMemoryPressuresChrono=0 TCPBacklogDrop=0 TCPZeroWindowDrop=0 TCPRcvQDrop=0 MemAvailable:2877M SwapFree:1023M Dirty:0M Slab:1068M psi_mem=avg60=0.00 psi_cpu=avg60=1.79 load=6.00,6.31,3.95 cpu_u=196937 n=0 s=74179 i=859755 io=2335 irq=0 sirq=51216
  [diag] progress t=600s delivered=13722889 matched=13808868 events~=138 subscribed=100000 rss_mib=3845 swap_mib=0 fanout_done=false
[sys] 03:31:07 tcp_alloc=200025 tcp_mem_pages=31087 PruneCalled=0 RcvPruned=0 TCPRcvCollapsed=0 TCPAbortOnMemory=0 TCPMemoryPressures=0 TCPMemoryPressuresChrono=0 TCPBacklogDrop=0 TCPZeroWindowDrop=0 TCPRcvQDrop=0 MemAvailable:2841M SwapFree:1023M Dirty:0M Slab:1080M psi_mem=avg60=0.00 psi_cpu=avg60=1.77 load=5.76,6.25,3.94 cpu_u=198207 n=0 s=74586 i=861327 io=2335 irq=0 sirq=51632
[sys] 03:31:12 tcp_alloc=200025 tcp_mem_pages=19055 PruneCalled=0 RcvPruned=0 TCPRcvCollapsed=0 TCPAbortOnMemory=0 TCPMemoryPressures=0 TCPMemoryPressuresChrono=0 TCPBacklogDrop=0 TCPZeroWindowDrop=0 TCPRcvQDrop=0 MemAvailable:2862M SwapFree:1023M Dirty:0M Slab:1071M psi_mem=avg60=0.00 psi_cpu=avg60=1.72 load=5.54,6.20,3.94 cpu_u=199371 n=0 s=74972 i=862858 io=2335 irq=0 sirq=52011
  [diag] progress t=610s delivered=13964777 matched=14008868 events~=140 subscribed=100000 rss_mib=3845 swap_mib=0 fanout_done=false
[sys] 03:31:17 tcp_alloc=200025 tcp_mem_pages=38255 PruneCalled=0 RcvPruned=0 TCPRcvCollapsed=0 TCPAbortOnMemory=0 TCPMemoryPressures=0 TCPMemoryPressuresChrono=0 TCPBacklogDrop=0 TCPZeroWindowDrop=0 TCPRcvQDrop=0 MemAvailable:2841M SwapFree:1023M Dirty:0M Slab:1083M psi_mem=avg60=0.00 psi_cpu=avg60=1.78 load=5.49,6.18,3.94 cpu_u=200437 n=0 s=75311 i=863686 io=2335 irq=0 sirq=52463
[sys] 03:31:22 tcp_alloc=200025 tcp_mem_pages=6767 PruneCalled=0 RcvPruned=0 TCPRcvCollapsed=0 TCPAbortOnMemory=0 TCPMemoryPressures=0 TCPMemoryPressuresChrono=0 TCPBacklogDrop=0 TCPZeroWindowDrop=0 TCPRcvQDrop=0 MemAvailable:2887M SwapFree:1023M Dirty:0M Slab:1063M psi_mem=avg60=0.00 psi_cpu=avg60=1.83 load=5.37,6.14,3.94 cpu_u=201640 n=0 s=75712 i=865041 io=2335 irq=0 sirq=52868
  [diag] progress t=620s delivered=14182859 matched=14308868 events~=143 subscribed=100000 rss_mib=3845 swap_mib=0 fanout_done=false
[sys] 03:31:27 tcp_alloc=200025 tcp_mem_pages=47471 PruneCalled=0 RcvPruned=0 TCPRcvCollapsed=0 TCPAbortOnMemory=0 TCPMemoryPressures=0 TCPMemoryPressuresChrono=0 TCPBacklogDrop=0 TCPZeroWindowDrop=0 TCPRcvQDrop=0 MemAvailable:2830M SwapFree:1023M Dirty:0M Slab:1092M psi_mem=avg60=0.00 psi_cpu=avg60=1.78 load=5.74,6.21,3.98 cpu_u=203075 n=0 s=76176 i=866484 io=2337 irq=0 sirq=53313
[sys] 03:31:32 tcp_alloc=200025 tcp_mem_pages=24687 PruneCalled=0 RcvPruned=0 TCPRcvCollapsed=0 TCPAbortOnMemory=0 TCPMemoryPressures=0 TCPMemoryPressuresChrono=0 TCPBacklogDrop=0 TCPZeroWindowDrop=0 TCPRcvQDrop=0 MemAvailable:2876M SwapFree:1023M Dirty:0M Slab:1067M psi_mem=avg60=0.00 psi_cpu=avg60=1.73 load=5.93,6.24,4.00 cpu_u=204283 n=0 s=76604 i=867729 io=2337 irq=0 sirq=53737
  [diag] progress t=630s delivered=14410883 matched=14408868 events~=144 subscribed=100000 rss_mib=3845 swap_mib=0 fanout_done=false
[sys] 03:31:37 tcp_alloc=200025 tcp_mem_pages=14191 PruneCalled=0 RcvPruned=0 TCPRcvCollapsed=0 TCPAbortOnMemory=0 TCPMemoryPressures=0 TCPMemoryPressuresChrono=0 TCPBacklogDrop=0 TCPZeroWindowDrop=0 TCPRcvQDrop=0 MemAvailable:2860M SwapFree:1023M Dirty:0M Slab:1070M psi_mem=avg60=0.00 psi_cpu=avg60=1.75 load=5.85,6.22,4.00 cpu_u=205410 n=0 s=76977 i=869279 io=2337 irq=0 sirq=54086
[sys] 03:31:42 tcp_alloc=200025 tcp_mem_pages=14447 PruneCalled=0 RcvPruned=0 TCPRcvCollapsed=0 TCPAbortOnMemory=0 TCPMemoryPressures=0 TCPMemoryPressuresChrono=0 TCPBacklogDrop=0 TCPZeroWindowDrop=0 TCPRcvQDrop=0 MemAvailable:2857M SwapFree:1023M Dirty:0M Slab:1071M psi_mem=avg60=0.00 psi_cpu=avg60=1.74 load=5.86,6.21,4.01 cpu_u=206532 n=0 s=77316 i=870648 io=2339 irq=0 sirq=54496
  [diag] progress t=640s delivered=14558824 matched=14608868 events~=146 subscribed=100000 rss_mib=3845 swap_mib=0 fanout_done=false
[sys] 03:31:47 tcp_alloc=200025 tcp_mem_pages=35439 PruneCalled=0 RcvPruned=0 TCPRcvCollapsed=0 TCPAbortOnMemory=0 TCPMemoryPressures=0 TCPMemoryPressuresChrono=0 TCPBacklogDrop=0 TCPZeroWindowDrop=0 TCPRcvQDrop=0 MemAvailable:2842M SwapFree:1023M Dirty:0M Slab:1086M psi_mem=avg60=0.00 psi_cpu=avg60=1.73 load=6.19,6.28,4.05 cpu_u=207738 n=0 s=77718 i=871840 io=2339 irq=0 sirq=54973
[sys] 03:31:53 tcp_alloc=200025 tcp_mem_pages=2159 PruneCalled=0 RcvPruned=0 TCPRcvCollapsed=0 TCPAbortOnMemory=0 TCPMemoryPressures=0 TCPMemoryPressuresChrono=0 TCPBacklogDrop=0 TCPZeroWindowDrop=0 TCPRcvQDrop=0 MemAvailable:2906M SwapFree:1023M Dirty:0M Slab:1049M psi_mem=avg60=0.00 psi_cpu=avg60=1.75 load=6.34,6.30,4.07 cpu_u=208690 n=0 s=78051 i=873770 io=2339 irq=0 sirq=55271
  [diag] progress t=650s delivered=14713783 matched=14808868 events~=148 subscribed=100000 rss_mib=3845 swap_mib=0 fanout_done=false
[sys] 03:31:58 tcp_alloc=200025 tcp_mem_pages=23663 PruneCalled=0 RcvPruned=0 TCPRcvCollapsed=0 TCPAbortOnMemory=0 TCPMemoryPressures=0 TCPMemoryPressuresChrono=0 TCPBacklogDrop=0 TCPZeroWindowDrop=0 TCPRcvQDrop=0 MemAvailable:2876M SwapFree:1023M Dirty:0M Slab:1066M psi_mem=avg60=0.00 psi_cpu=avg60=2.08 load=6.79,6.40,4.11 cpu_u=209491 n=0 s=78264 i=874532 io=2339 irq=0 sirq=55601
[sys] 03:32:03 tcp_alloc=200025 tcp_mem_pages=23151 PruneCalled=0 RcvPruned=0 TCPRcvCollapsed=0 TCPAbortOnMemory=0 TCPMemoryPressures=0 TCPMemoryPressuresChrono=0 TCPBacklogDrop=0 TCPZeroWindowDrop=0 TCPRcvQDrop=0 MemAvailable:2850M SwapFree:1023M Dirty:0M Slab:1076M psi_mem=avg60=0.00 psi_cpu=avg60=2.10 load=6.41,6.33,4.10 cpu_u=210568 n=0 s=78574 i=875902 io=2340 irq=0 sirq=55993
  [diag] progress t=660s delivered=14889100 matched=14908868 events~=149 subscribed=100000 rss_mib=3845 swap_mib=0 fanout_done=false
[sys] 03:32:08 tcp_alloc=200025 tcp_mem_pages=8559 PruneCalled=0 RcvPruned=0 TCPRcvCollapsed=0 TCPAbortOnMemory=0 TCPMemoryPressures=0 TCPMemoryPressuresChrono=0 TCPBacklogDrop=0 TCPZeroWindowDrop=0 TCPRcvQDrop=0 MemAvailable:2875M SwapFree:1023M Dirty:0M Slab:1066M psi_mem=avg60=0.00 psi_cpu=avg60=2.06 load=6.30,6.30,4.10 cpu_u=211769 n=0 s=78967 i=877209 io=2340 irq=0 sirq=56448
[sys] 03:32:13 tcp_alloc=200025 tcp_mem_pages=620 PruneCalled=0 RcvPruned=0 TCPRcvCollapsed=0 TCPAbortOnMemory=0 TCPMemoryPressures=0 TCPMemoryPressuresChrono=0 TCPBacklogDrop=0 TCPZeroWindowDrop=0 TCPRcvQDrop=0 MemAvailable:2886M SwapFree:1023M Dirty:0M Slab:1048M psi_mem=avg60=0.00 psi_cpu=avg60=1.99 load=6.19,6.28,4.11 cpu_u=213410 n=0 s=79513 i=878831 io=2340 irq=0 sirq=56896
  [diag] progress t=670s delivered=15208867 matched=15208868 events~=152 subscribed=100000 rss_mib=3849 swap_mib=0 fanout_done=false
[sys] 03:32:18 tcp_alloc=200025 tcp_mem_pages=6252 PruneCalled=0 RcvPruned=0 TCPRcvCollapsed=0 TCPAbortOnMemory=0 TCPMemoryPressures=0 TCPMemoryPressuresChrono=0 TCPBacklogDrop=0 TCPZeroWindowDrop=0 TCPRcvQDrop=0 MemAvailable:2882M SwapFree:1023M Dirty:0M Slab:1050M psi_mem=avg60=0.00 psi_cpu=avg60=1.89 load=6.50,6.34,4.14 cpu_u=214883 n=0 s=79985 i=880625 io=2340 irq=0 sirq=57359
[sys] 03:32:23 tcp_alloc=200025 tcp_mem_pages=2412 PruneCalled=0 RcvPruned=0 TCPRcvCollapsed=0 TCPAbortOnMemory=0 TCPMemoryPressures=0 TCPMemoryPressuresChrono=0 TCPBacklogDrop=0 TCPZeroWindowDrop=0 TCPRcvQDrop=0 MemAvailable:2897M SwapFree:1023M Dirty:0M Slab:1052M psi_mem=avg60=0.00 psi_cpu=avg60=1.80 load=6.78,6.40,4.17 cpu_u=216437 n=0 s=80499 i=882279 io=2341 irq=0 sirq=57865
  [diag] progress t=680s delivered=15532780 matched=15508868 events~=155 subscribed=100000 rss_mib=3849 swap_mib=0 fanout_done=false
[sys] 03:32:28 tcp_alloc=200025 tcp_mem_pages=620 PruneCalled=0 RcvPruned=0 TCPRcvCollapsed=0 TCPAbortOnMemory=0 TCPMemoryPressures=0 TCPMemoryPressuresChrono=0 TCPBacklogDrop=0 TCPZeroWindowDrop=0 TCPRcvQDrop=0 MemAvailable:2895M SwapFree:1023M Dirty:0M Slab:1044M psi_mem=avg60=0.00 psi_cpu=avg60=1.75 load=6.80,6.41,4.19 cpu_u=217722 n=0 s=80893 i=884434 io=2341 irq=0 sirq=58253
[sys] 03:32:33 tcp_alloc=200025 tcp_mem_pages=7020 PruneCalled=0 RcvPruned=0 TCPRcvCollapsed=0 TCPAbortOnMemory=0 TCPMemoryPressures=0 TCPMemoryPressuresChrono=0 TCPBacklogDrop=0 TCPZeroWindowDrop=0 TCPRcvQDrop=0 MemAvailable:2891M SwapFree:1023M Dirty:0M Slab:1049M psi_mem=avg60=0.00 psi_cpu=avg60=1.62 load=6.33,6.32,4.17 cpu_u=219221 n=0 s=81356 i=886186 io=2341 irq=0 sirq=58765
  [diag] progress t=690s delivered=15792877 matched=15808868 events~=158 subscribed=100000 rss_mib=3849 swap_mib=0 fanout_done=false
[sys] 03:32:38 tcp_alloc=200025 tcp_mem_pages=8556 PruneCalled=0 RcvPruned=0 TCPRcvCollapsed=0 TCPAbortOnMemory=0 TCPMemoryPressures=0 TCPMemoryPressuresChrono=0 TCPBacklogDrop=0 TCPZeroWindowDrop=0 TCPRcvQDrop=0 MemAvailable:2889M SwapFree:1023M Dirty:0M Slab:1050M psi_mem=avg60=0.00 psi_cpu=avg60=1.58 load=6.89,6.45,4.23 cpu_u=220629 n=0 s=81754 i=888108 io=2342 irq=0 sirq=59193
[sys] 03:32:44 tcp_alloc=200025 tcp_mem_pages=12908 PruneCalled=0 RcvPruned=0 TCPRcvCollapsed=0 TCPAbortOnMemory=0 TCPMemoryPressures=0 TCPMemoryPressuresChrono=0 TCPBacklogDrop=0 TCPZeroWindowDrop=0 TCPRcvQDrop=0 MemAvailable:2886M SwapFree:1023M Dirty:0M Slab:1055M psi_mem=avg60=0.00 psi_cpu=avg60=1.52 load=6.58,6.39,4.23 cpu_u=221929 n=0 s=82127 i=889590 io=2343 irq=0 sirq=59661
  [diag] progress t=700s delivered=15980560 matched=16008868 events~=160 subscribed=100000 rss_mib=3849 swap_mib=0 fanout_done=false
[sys] 03:32:49 tcp_alloc=200025 tcp_mem_pages=7532 PruneCalled=0 RcvPruned=0 TCPRcvCollapsed=0 TCPAbortOnMemory=0 TCPMemoryPressures=0 TCPMemoryPressuresChrono=0 TCPBacklogDrop=0 TCPZeroWindowDrop=0 TCPRcvQDrop=0 MemAvailable:2876M SwapFree:1023M Dirty:0M Slab:1059M psi_mem=avg60=0.00 psi_cpu=avg60=1.49 load=6.85,6.45,4.26 cpu_u=223558 n=0 s=82632 i=891121 io=2343 irq=0 sirq=60139
[sys] 03:32:54 tcp_alloc=200025 tcp_mem_pages=620 PruneCalled=0 RcvPruned=0 TCPRcvCollapsed=0 TCPAbortOnMemory=0 TCPMemoryPressures=0 TCPMemoryPressuresChrono=0 TCPBacklogDrop=0 TCPZeroWindowDrop=0 TCPRcvQDrop=0 MemAvailable:2883M SwapFree:1023M Dirty:0M Slab:1046M psi_mem=avg60=0.00 psi_cpu=avg60=1.47 load=6.38,6.36,4.24 cpu_u=225088 n=0 s=83105 i=892508 io=2343 irq=0 sirq=60635
  [diag] progress t=710s delivered=16283796 matched=16308868 events~=163 subscribed=100000 rss_mib=3849 swap_mib=0 fanout_done=false
[sys] 03:32:59 tcp_alloc=200025 tcp_mem_pages=2668 PruneCalled=0 RcvPruned=0 TCPRcvCollapsed=0 TCPAbortOnMemory=0 TCPMemoryPressures=0 TCPMemoryPressuresChrono=0 TCPBacklogDrop=0 TCPZeroWindowDrop=0 TCPRcvQDrop=0 MemAvailable:2880M SwapFree:1023M Dirty:0M Slab:1045M psi_mem=avg60=0.00 psi_cpu=avg60=1.44 load=5.95,6.27,4.22 cpu_u=226535 n=0 s=83626 i=894038 io=2343 irq=0 sirq=61164
[sys] 03:33:04 tcp_alloc=200025 tcp_mem_pages=7788 PruneCalled=0 RcvPruned=0 TCPRcvCollapsed=0 TCPAbortOnMemory=0 TCPMemoryPressures=0 TCPMemoryPressuresChrono=0 TCPBacklogDrop=0 TCPZeroWindowDrop=0 TCPRcvQDrop=0 MemAvailable:2877M SwapFree:1023M Dirty:0M Slab:1053M psi_mem=avg60=0.00 psi_cpu=avg60=1.40 load=6.28,6.33,4.25 cpu_u=228070 n=0 s=84137 i=895584 io=2343 irq=0 sirq=61641
  [diag] progress t=720s delivered=16616682 matched=16608868 events~=166 subscribed=100000 rss_mib=3849 swap_mib=0 fanout_done=false
[sys] 03:33:09 tcp_alloc=200025 tcp_mem_pages=3180 PruneCalled=0 RcvPruned=0 TCPRcvCollapsed=0 TCPAbortOnMemory=0 TCPMemoryPressures=0 TCPMemoryPressuresChrono=0 TCPBacklogDrop=0 TCPZeroWindowDrop=0 TCPRcvQDrop=0 MemAvailable:2881M SwapFree:1023M Dirty:0M Slab:1047M psi_mem=avg60=0.00 psi_cpu=avg60=1.37 load=5.85,6.24,4.24 cpu_u=229619 n=0 s=84617 i=897139 io=2343 irq=0 sirq=62149
[sys] 03:33:14 tcp_alloc=200025 tcp_mem_pages=5740 PruneCalled=0 RcvPruned=0 TCPRcvCollapsed=0 TCPAbortOnMemory=0 TCPMemoryPressures=0 TCPMemoryPressuresChrono=0 TCPBacklogDrop=0 TCPZeroWindowDrop=0 TCPRcvQDrop=0 MemAvailable:2885M SwapFree:1023M Dirty:0M Slab:1047M psi_mem=avg60=0.00 psi_cpu=avg60=1.36 load=6.19,6.30,4.27 cpu_u=230950 n=0 s=85035 i=898344 io=2343 irq=0 sirq=62666
  [diag] progress t=730s delivered=16877965 matched=16908868 events~=169 subscribed=100000 rss_mib=3849 swap_mib=0 fanout_done=false
[sys] 03:33:19 tcp_alloc=200025 tcp_mem_pages=8556 PruneCalled=0 RcvPruned=0 TCPRcvCollapsed=0 TCPAbortOnMemory=0 TCPMemoryPressures=0 TCPMemoryPressuresChrono=0 TCPBacklogDrop=0 TCPZeroWindowDrop=0 TCPRcvQDrop=0 MemAvailable:2879M SwapFree:1023M Dirty:0M Slab:1055M psi_mem=avg60=0.00 psi_cpu=avg60=1.33 load=6.49,6.37,4.30 cpu_u=232573 n=0 s=85548 i=899814 io=2343 irq=0 sirq=63123
[sys] 03:33:24 tcp_alloc=200025 tcp_mem_pages=13420 PruneCalled=0 RcvPruned=0 TCPRcvCollapsed=0 TCPAbortOnMemory=0 TCPMemoryPressures=0 TCPMemoryPressuresChrono=0 TCPBacklogDrop=0 TCPZeroWindowDrop=0 TCPRcvQDrop=0 MemAvailable:2885M SwapFree:1023M Dirty:0M Slab:1056M psi_mem=avg60=0.00 psi_cpu=avg60=1.34 load=6.05,6.28,4.28 cpu_u=233832 n=0 s=85942 i=901128 io=2343 irq=0 sirq=63623
  [diag] progress t=740s delivered=17111935 matched=17108868 events~=171 subscribed=100000 rss_mib=3849 swap_mib=0 fanout_done=false
[sys] 03:33:29 tcp_alloc=200025 tcp_mem_pages=9580 PruneCalled=0 RcvPruned=0 TCPRcvCollapsed=0 TCPAbortOnMemory=0 TCPMemoryPressures=0 TCPMemoryPressuresChrono=0 TCPBacklogDrop=0 TCPZeroWindowDrop=0 TCPRcvQDrop=0 MemAvailable:2888M SwapFree:1023M Dirty:0M Slab:1052M psi_mem=avg60=0.00 psi_cpu=avg60=1.34 load=6.21,6.30,4.30 cpu_u=235336 n=0 s=86412 i=902549 io=2343 irq=0 sirq=64098
[sys] 03:33:34 tcp_alloc=200025 tcp_mem_pages=3436 PruneCalled=0 RcvPruned=0 TCPRcvCollapsed=0 TCPAbortOnMemory=0 TCPMemoryPressures=0 TCPMemoryPressuresChrono=0 TCPBacklogDrop=0 TCPZeroWindowDrop=0 TCPRcvQDrop=0 MemAvailable:2887M SwapFree:1023M Dirty:0M Slab:1045M psi_mem=avg60=0.00 psi_cpu=avg60=1.35 load=5.79,6.22,4.28 cpu_u=236743 n=0 s=86849 i=904232 io=2345 irq=0 sirq=64590
  [diag] progress t=750s delivered=17356753 matched=17308868 events~=173 subscribed=100000 rss_mib=3849 swap_mib=0 fanout_done=false
[sys] 03:33:39 tcp_alloc=200025 tcp_mem_pages=108 PruneCalled=0 RcvPruned=0 TCPRcvCollapsed=0 TCPAbortOnMemory=0 TCPMemoryPressures=0 TCPMemoryPressuresChrono=0 TCPBacklogDrop=0 TCPZeroWindowDrop=0 TCPRcvQDrop=0 MemAvailable:2909M SwapFree:1023M Dirty:0M Slab:1043M psi_mem=avg60=0.00 psi_cpu=avg60=1.28 load=6.13,6.28,4.31 cpu_u=238299 n=0 s=87382 i=905764 io=2345 irq=0 sirq=65103
[sys] 03:33:44 tcp_alloc=200025 tcp_mem_pages=14188 PruneCalled=0 RcvPruned=0 TCPRcvCollapsed=0 TCPAbortOnMemory=0 TCPMemoryPressures=0 TCPMemoryPressuresChrono=0 TCPBacklogDrop=0 TCPZeroWindowDrop=0 TCPRcvQDrop=0 MemAvailable:2889M SwapFree:1023M Dirty:0M Slab:1055M psi_mem=avg60=0.00 psi_cpu=avg60=1.26 load=6.36,6.32,4.34 cpu_u=239669 n=0 s=87782 i=907704 io=2345 irq=0 sirq=65513
  [diag] progress t=760s delivered=17616774 matched=17608868 events~=176 subscribed=100000 rss_mib=3849 swap_mib=0 fanout_done=false
[sys] 03:33:49 tcp_alloc=200025 tcp_mem_pages=1132 PruneCalled=0 RcvPruned=0 TCPRcvCollapsed=0 TCPAbortOnMemory=0 TCPMemoryPressures=0 TCPMemoryPressuresChrono=0 TCPBacklogDrop=0 TCPZeroWindowDrop=0 TCPRcvQDrop=0 MemAvailable:2891M SwapFree:1023M Dirty:0M Slab:1045M psi_mem=avg60=0.00 psi_cpu=avg60=1.20 load=6.57,6.37,4.36 cpu_u=241076 n=0 s=88179 i=910024 io=2345 irq=0 sirq=65907
[sys] 03:33:55 tcp_alloc=200025 tcp_mem_pages=7276 PruneCalled=0 RcvPruned=0 TCPRcvCollapsed=0 TCPAbortOnMemory=0 TCPMemoryPressures=0 TCPMemoryPressuresChrono=0 TCPBacklogDrop=0 TCPZeroWindowDrop=0 TCPRcvQDrop=0 MemAvailable:2888M SwapFree:1023M Dirty:0M Slab:1049M psi_mem=avg60=0.00 psi_cpu=avg60=1.19 load=6.77,6.41,4.39 cpu_u=242438 n=0 s=88539 i=911758 io=2346 irq=0 sirq=66369
  [diag] progress t=770s delivered=17800413 matched=17808868 events~=178 subscribed=100000 rss_mib=3849 swap_mib=0 fanout_done=false
[sys] 03:34:00 tcp_alloc=200025 tcp_mem_pages=12140 PruneCalled=0 RcvPruned=0 TCPRcvCollapsed=0 TCPAbortOnMemory=0 TCPMemoryPressures=0 TCPMemoryPressuresChrono=0 TCPBacklogDrop=0 TCPZeroWindowDrop=0 TCPRcvQDrop=0 MemAvailable:2882M SwapFree:1023M Dirty:0M Slab:1058M psi_mem=avg60=0.00 psi_cpu=avg60=1.20 load=6.94,6.46,4.41 cpu_u=243603 n=0 s=88890 i=913686 io=2346 irq=0 sirq=66780
[sys] 03:34:05 tcp_alloc=200025 tcp_mem_pages=3948 PruneCalled=0 RcvPruned=0 TCPRcvCollapsed=0 TCPAbortOnMemory=0 TCPMemoryPressures=0 TCPMemoryPressuresChrono=0 TCPBacklogDrop=0 TCPZeroWindowDrop=0 TCPRcvQDrop=0 MemAvailable:2899M SwapFree:1023M Dirty:0M Slab:1044M psi_mem=avg60=0.00 psi_cpu=avg60=1.19 load=6.87,6.45,4.42 cpu_u=245093 n=0 s=89365 i=915321 io=2346 irq=0 sirq=67279
  [diag] progress t=780s delivered=18051046 matched=18008868 events~=180 subscribed=100000 rss_mib=3849 swap_mib=0 fanout_done=false
[sys] 03:34:10 tcp_alloc=200025 tcp_mem_pages=8556 PruneCalled=0 RcvPruned=0 TCPRcvCollapsed=0 TCPAbortOnMemory=0 TCPMemoryPressures=0 TCPMemoryPressuresChrono=0 TCPBacklogDrop=0 TCPZeroWindowDrop=0 TCPRcvQDrop=0 MemAvailable:2881M SwapFree:1023M Dirty:0M Slab:1049M psi_mem=avg60=0.00 psi_cpu=avg60=1.17 load=7.12,6.51,4.45 cpu_u=246685 n=0 s=89930 i=916791 io=2346 irq=0 sirq=67776
[sys] 03:34:15 tcp_alloc=200025 tcp_mem_pages=24428 PruneCalled=0 RcvPruned=0 TCPRcvCollapsed=0 TCPAbortOnMemory=0 TCPMemoryPressures=0 TCPMemoryPressuresChrono=0 TCPBacklogDrop=0 TCPZeroWindowDrop=0 TCPRcvQDrop=0 MemAvailable:2870M SwapFree:1023M Dirty:0M Slab:1072M psi_mem=avg60=0.00 psi_cpu=avg60=1.16 load=6.63,6.42,4.43 cpu_u=248267 n=0 s=90483 i=918614 io=2347 irq=0 sirq=68219
  [diag] progress t=790s delivered=18493008 matched=18508868 events~=185 subscribed=100000 rss_mib=3849 swap_mib=0 fanout_done=false
[sys] 03:34:20 tcp_alloc=200025 tcp_mem_pages=108 PruneCalled=0 RcvPruned=0 TCPRcvCollapsed=0 TCPAbortOnMemory=0 TCPMemoryPressures=0 TCPMemoryPressuresChrono=0 TCPBacklogDrop=0 TCPZeroWindowDrop=0 TCPRcvQDrop=0 MemAvailable:2869M SwapFree:1023M Dirty:0M Slab:1044M psi_mem=avg60=0.00 psi_cpu=avg60=1.11 load=6.90,6.47,4.46 cpu_u=249986 n=0 s=91060 i=920279 io=2347 irq=0 sirq=68699
[sys] 03:34:25 tcp_alloc=200025 tcp_mem_pages=41068 PruneCalled=0 RcvPruned=0 TCPRcvCollapsed=0 TCPAbortOnMemory=0 TCPMemoryPressures=0 TCPMemoryPressuresChrono=0 TCPBacklogDrop=0 TCPZeroWindowDrop=0 TCPRcvQDrop=0 MemAvailable:2847M SwapFree:1023M Dirty:0M Slab:1087M psi_mem=avg60=0.00 psi_cpu=avg60=1.16 load=7.15,6.53,4.49 cpu_u=251323 n=0 s=91504 i=921660 io=2347 irq=0 sirq=69254
  [diag] progress t=800s delivered=18899748 matched=19008868 events~=190 subscribed=100000 rss_mib=3849 swap_mib=0 fanout_done=false
[sys] 03:34:30 tcp_alloc=200025 tcp_mem_pages=21612 PruneCalled=0 RcvPruned=0 TCPRcvCollapsed=0 TCPAbortOnMemory=0 TCPMemoryPressures=0 TCPMemoryPressuresChrono=0 TCPBacklogDrop=0 TCPZeroWindowDrop=0 TCPRcvQDrop=0 MemAvailable:2827M SwapFree:1023M Dirty:0M Slab:1077M psi_mem=avg60=0.00 psi_cpu=avg60=1.18 load=7.30,6.57,4.52 cpu_u=252946 n=0 s=92094 i=922863 io=2347 irq=0 sirq=69763
[sys] 03:34:35 tcp_alloc=200025 tcp_mem_pages=1900 PruneCalled=0 RcvPruned=0 TCPRcvCollapsed=0 TCPAbortOnMemory=0 TCPMemoryPressures=0 TCPMemoryPressuresChrono=0 TCPBacklogDrop=0 TCPZeroWindowDrop=0 TCPRcvQDrop=0 MemAvailable:2885M SwapFree:1023M Dirty:0M Slab:1047M psi_mem=avg60=0.00 psi_cpu=avg60=1.16 load=6.79,6.48,4.50 cpu_u=254522 n=0 s=92661 i=924153 io=2348 irq=0 sirq=70281
  [diag] progress t=810s delivered=19508867 matched=19508868 events~=195 subscribed=100000 rss_mib=3849 swap_mib=0 fanout_done=false
[sys] 03:34:40 tcp_alloc=200025 tcp_mem_pages=20588 PruneCalled=0 RcvPruned=0 TCPRcvCollapsed=0 TCPAbortOnMemory=0 TCPMemoryPressures=0 TCPMemoryPressuresChrono=0 TCPBacklogDrop=0 TCPZeroWindowDrop=0 TCPRcvQDrop=0 MemAvailable:2874M SwapFree:1023M Dirty:0M Slab:1070M psi_mem=avg60=0.00 psi_cpu=avg60=1.18 load=6.33,6.39,4.48 cpu_u=255883 n=0 s=93113 i=925477 io=2348 irq=0 sirq=70778
[sys] 03:34:45 tcp_alloc=200025 tcp_mem_pages=5228 PruneCalled=0 RcvPruned=0 TCPRcvCollapsed=0 TCPAbortOnMemory=0 TCPMemoryPressures=0 TCPMemoryPressuresChrono=0 TCPBacklogDrop=0 TCPZeroWindowDrop=0 TCPRcvQDrop=0 MemAvailable:2899M SwapFree:1023M Dirty:0M Slab:1048M psi_mem=avg60=0.00 psi_cpu=avg60=1.17 load=6.62,6.45,4.51 cpu_u=257385 n=0 s=93627 i=926715 io=2348 irq=0 sirq=71281
  [diag] progress t=820s delivered=19855021 matched=19808868 events~=198 subscribed=100000 rss_mib=3849 swap_mib=0 fanout_done=false
[sys] 03:34:50 tcp_alloc=200025 tcp_mem_pages=620 PruneCalled=0 RcvPruned=0 TCPRcvCollapsed=0 TCPAbortOnMemory=0 TCPMemoryPressures=0 TCPMemoryPressuresChrono=0 TCPBacklogDrop=0 TCPZeroWindowDrop=0 TCPRcvQDrop=0 MemAvailable:2908M SwapFree:1023M Dirty:0M Slab:1043M psi_mem=avg60=0.00 psi_cpu=avg60=1.12 load=6.65,6.46,4.52 cpu_u=258860 n=0 s=94122 i=928461 io=2348 irq=0 sirq=71753
[sys] 03:34:55 tcp_alloc=200025 tcp_mem_pages=5484 PruneCalled=0 RcvPruned=0 TCPRcvCollapsed=0 TCPAbortOnMemory=0 TCPMemoryPressures=0 TCPMemoryPressuresChrono=0 TCPBacklogDrop=0 TCPZeroWindowDrop=0 TCPRcvQDrop=0 MemAvailable:2889M SwapFree:1023M Dirty:0M Slab:1050M psi_mem=avg60=0.00 psi_cpu=avg60=1.11 load=6.12,6.35,4.50 cpu_u=260094 n=0 s=94496 i=930202 io=2348 irq=0 sirq=72200
  [diag] progress t=830s delivered=20134842 matched=20108868 events~=201 subscribed=100000 rss_mib=3849 swap_mib=0 fanout_done=false
[sys] 03:35:00 tcp_alloc=200025 tcp_mem_pages=876 PruneCalled=0 RcvPruned=0 TCPRcvCollapsed=0 TCPAbortOnMemory=0 TCPMemoryPressures=0 TCPMemoryPressuresChrono=0 TCPBacklogDrop=0 TCPZeroWindowDrop=0 TCPRcvQDrop=0 MemAvailable:2885M SwapFree:1023M Dirty:0M Slab:1049M psi_mem=avg60=0.00 psi_cpu=avg60=1.10 load=6.43,6.41,4.53 cpu_u=261651 n=0 s=95020 i=931859 io=2348 irq=0 sirq=72669
[sys] 03:35:05 tcp_alloc=200025 tcp_mem_pages=620 PruneCalled=0 RcvPruned=0 TCPRcvCollapsed=0 TCPAbortOnMemory=0 TCPMemoryPressures=0 TCPMemoryPressuresChrono=0 TCPBacklogDrop=0 TCPZeroWindowDrop=0 TCPRcvQDrop=0 MemAvailable:2883M SwapFree:1023M Dirty:0M Slab:1047M psi_mem=avg60=0.00 psi_cpu=avg60=1.09 load=6.72,6.47,4.56 cpu_u=262916 n=0 s=95384 i=933401 io=2349 irq=0 sirq=73130
  [diag] progress t=840s delivered=20415846 matched=20408868 events~=204 subscribed=100000 rss_mib=3849 swap_mib=0 fanout_done=false
[sys] 03:35:11 tcp_alloc=200025 tcp_mem_pages=7532 PruneCalled=0 RcvPruned=0 TCPRcvCollapsed=0 TCPAbortOnMemory=0 TCPMemoryPressures=0 TCPMemoryPressuresChrono=0 TCPBacklogDrop=0 TCPZeroWindowDrop=0 TCPRcvQDrop=0 MemAvailable:2882M SwapFree:1023M Dirty:0M Slab:1054M psi_mem=avg60=0.00 psi_cpu=avg60=1.05 load=6.58,6.45,4.56 cpu_u=264501 n=0 s=95915 i=935095 io=2349 irq=0 sirq=73638
[sys] 03:35:16 tcp_alloc=200025 tcp_mem_pages=1132 PruneCalled=0 RcvPruned=0 TCPRcvCollapsed=0 TCPAbortOnMemory=0 TCPMemoryPressures=0 TCPMemoryPressuresChrono=0 TCPBacklogDrop=0 TCPZeroWindowDrop=0 TCPRcvQDrop=0 MemAvailable:2881M SwapFree:1023M Dirty:0M Slab:1049M psi_mem=avg60=0.00 psi_cpu=avg60=1.04 load=6.85,6.51,4.59 cpu_u=265828 n=0 s=96315 i=936880 io=2349 irq=0 sirq=74073
  [diag] progress t=850s delivered=20708867 matched=20708868 events~=207 subscribed=100000 rss_mib=3849 swap_mib=0 fanout_done=false
[sys] 03:35:21 tcp_alloc=200025 tcp_mem_pages=1388 PruneCalled=0 RcvPruned=0 TCPRcvCollapsed=0 TCPAbortOnMemory=0 TCPMemoryPressures=0 TCPMemoryPressuresChrono=0 TCPBacklogDrop=0 TCPZeroWindowDrop=0 TCPRcvQDrop=0 MemAvailable:2880M SwapFree:1023M Dirty:0M Slab:1048M psi_mem=avg60=0.00 psi_cpu=avg60=1.04 load=6.87,6.52,4.60 cpu_u=267299 n=0 s=96821 i=938485 io=2349 irq=0 sirq=74565
[sys] 03:35:26 tcp_alloc=200025 tcp_mem_pages=23404 PruneCalled=0 RcvPruned=0 TCPRcvCollapsed=0 TCPAbortOnMemory=0 TCPMemoryPressures=0 TCPMemoryPressuresChrono=0 TCPBacklogDrop=0 TCPZeroWindowDrop=0 TCPRcvQDrop=0 MemAvailable:2868M SwapFree:1023M Dirty:0M Slab:1065M psi_mem=avg60=0.00 psi_cpu=avg60=1.00 load=6.64,6.47,4.60 cpu_u=268461 n=0 s=97154 i=940056 io=2351 irq=0 sirq=74970
  [diag] progress t=860s delivered=20955429 matched=21008868 events~=210 subscribed=100000 rss_mib=3849 swap_mib=0 fanout_done=false
[sys] 03:35:31 tcp_alloc=200025 tcp_mem_pages=15212 PruneCalled=0 RcvPruned=0 TCPRcvCollapsed=0 TCPAbortOnMemory=0 TCPMemoryPressures=0 TCPMemoryPressuresChrono=0 TCPBacklogDrop=0 TCPZeroWindowDrop=0 TCPRcvQDrop=0 MemAvailable:2867M SwapFree:1023M Dirty:0M Slab:1060M psi_mem=avg60=0.00 psi_cpu=avg60=1.00 load=6.83,6.52,4.62 cpu_u=269995 n=0 s=97668 i=941639 io=2351 irq=0 sirq=75432
  [diag] progress t=870s delivered=21220660 matched=21208868 events~=212 subscribed=100000 rss_mib=3849 swap_mib=0 fanout_done=false
[sys] 03:35:36 tcp_alloc=200025 tcp_mem_pages=3692 PruneCalled=0 RcvPruned=0 TCPRcvCollapsed=0 TCPAbortOnMemory=0 TCPMemoryPressures=0 TCPMemoryPressuresChrono=0 TCPBacklogDrop=0 TCPZeroWindowDrop=0 TCPRcvQDrop=0 MemAvailable:2899M SwapFree:1023M Dirty:0M Slab:1049M psi_mem=avg60=0.00 psi_cpu=avg60=1.00 load=6.60,6.47,4.62 cpu_u=271504 n=0 s=98161 i=943090 io=2351 irq=0 sirq=75920
[sys] 03:35:41 tcp_alloc=200025 tcp_mem_pages=13676 PruneCalled=0 RcvPruned=0 TCPRcvCollapsed=0 TCPAbortOnMemory=0 TCPMemoryPressures=0 TCPMemoryPressuresChrono=0 TCPBacklogDrop=0 TCPZeroWindowDrop=0 TCPRcvQDrop=0 MemAvailable:2884M SwapFree:1023M Dirty:0M Slab:1055M psi_mem=avg60=0.00 psi_cpu=avg60=1.00 load=7.11,6.58,4.67 cpu_u=272901 n=0 s=98599 i=944510 io=2351 irq=0 sirq=76366
  [diag] progress t=880s delivered=21487447 matched=21508868 events~=215 subscribed=100000 rss_mib=3849 swap_mib=0 fanout_done=false
[sys] 03:35:46 tcp_alloc=200025 tcp_mem_pages=10860 PruneCalled=0 RcvPruned=0 TCPRcvCollapsed=0 TCPAbortOnMemory=0 TCPMemoryPressures=0 TCPMemoryPressuresChrono=0 TCPBacklogDrop=0 TCPZeroWindowDrop=0 TCPRcvQDrop=0 MemAvailable:2879M SwapFree:1023M Dirty:0M Slab:1056M psi_mem=avg60=0.00 psi_cpu=avg60=1.03 load=7.34,6.64,4.70 cpu_u=274476 n=0 s=99107 i=946051 io=2352 irq=0 sirq=76842
[sys] 03:35:51 tcp_alloc=200025 tcp_mem_pages=0 PruneCalled=0 RcvPruned=0 TCPRcvCollapsed=0 TCPAbortOnMemory=0 TCPMemoryPressures=0 TCPMemoryPressuresChrono=0 TCPBacklogDrop=0 TCPZeroWindowDrop=0 TCPRcvQDrop=0 MemAvailable:2877M SwapFree:1023M Dirty:0M Slab:1046M psi_mem=avg60=0.00 psi_cpu=avg60=1.09 load=7.48,6.68,4.72 cpu_u=276033 n=0 s=99629 i=947777 io=2352 irq=0 sirq=77329
  [diag] progress t=890s delivered=21731050 matched=21708868 events~=217 subscribed=100000 rss_mib=3849 swap_mib=0 fanout_done=false
[sys] 03:35:56 tcp_alloc=200026 tcp_mem_pages=23404 PruneCalled=0 RcvPruned=0 TCPRcvCollapsed=0 TCPAbortOnMemory=0 TCPMemoryPressures=0 TCPMemoryPressuresChrono=0 TCPBacklogDrop=0 TCPZeroWindowDrop=0 TCPRcvQDrop=0 MemAvailable:2876M SwapFree:1023M Dirty:0M Slab:1066M psi_mem=avg60=0.00 psi_cpu=avg60=1.24 load=7.84,6.77,4.76 cpu_u=277159 n=0 s=99931 i=949407 io=2352 irq=0 sirq=77700
[sys] 03:36:01 tcp_alloc=200026 tcp_mem_pages=8812 PruneCalled=0 RcvPruned=0 TCPRcvCollapsed=0 TCPAbortOnMemory=0 TCPMemoryPressures=0 TCPMemoryPressuresChrono=0 TCPBacklogDrop=0 TCPZeroWindowDrop=0 TCPRcvQDrop=0 MemAvailable:2868M SwapFree:1023M Dirty:0M Slab:1055M psi_mem=avg60=0.00 psi_cpu=avg60=1.22 load=7.85,6.79,4.78 cpu_u=278520 n=0 s=100365 i=950982 io=2353 irq=0 sirq=78148
  [diag] progress t=900s delivered=21910096 matched=21908868 events~=219 subscribed=100000 rss_mib=3849 swap_mib=0 fanout_done=false
[sys] 03:36:06 tcp_alloc=200026 tcp_mem_pages=3436 PruneCalled=0 RcvPruned=0 TCPRcvCollapsed=0 TCPAbortOnMemory=0 TCPMemoryPressures=0 TCPMemoryPressuresChrono=0 TCPBacklogDrop=0 TCPZeroWindowDrop=0 TCPRcvQDrop=0 MemAvailable:2890M SwapFree:1023M Dirty:0M Slab:1050M psi_mem=avg60=0.00 psi_cpu=avg60=1.24 load=7.86,6.81,4.79 cpu_u=279922 n=0 s=100785 i=952581 io=2353 irq=0 sirq=78576
[sys] 03:36:11 tcp_alloc=200026 tcp_mem_pages=1900 PruneCalled=0 RcvPruned=0 TCPRcvCollapsed=0 TCPAbortOnMemory=0 TCPMemoryPressures=0 TCPMemoryPressuresChrono=0 TCPBacklogDrop=0 TCPZeroWindowDrop=0 TCPRcvQDrop=0 MemAvailable:2905M SwapFree:1023M Dirty:0M Slab:1048M psi_mem=avg60=0.00 psi_cpu=avg60=1.21 load=7.87,6.83,4.81 cpu_u=281185 n=0 s=101161 i=953812 io=2353 irq=0 sirq=79049
  [diag] progress t=910s delivered=22087598 matched=22108868 events~=221 subscribed=100000 rss_mib=3849 swap_mib=0 fanout_done=false
[sys] 03:36:17 tcp_alloc=200026 tcp_mem_pages=1388 PruneCalled=0 RcvPruned=0 TCPRcvCollapsed=0 TCPAbortOnMemory=0 TCPMemoryPressures=0 TCPMemoryPressuresChrono=0 TCPBacklogDrop=0 TCPZeroWindowDrop=0 TCPRcvQDrop=0 MemAvailable:2905M SwapFree:1023M Dirty:0M Slab:1047M psi_mem=avg60=0.00 psi_cpu=avg60=1.23 load=8.05,6.88,4.84 cpu_u=282445 n=0 s=101536 i=954888 io=2353 irq=0 sirq=79552
[sys] 03:36:22 tcp_alloc=200026 tcp_mem_pages=876 PruneCalled=0 RcvPruned=0 TCPRcvCollapsed=0 TCPAbortOnMemory=0 TCPMemoryPressures=0 TCPMemoryPressuresChrono=0 TCPBacklogDrop=0 TCPZeroWindowDrop=0 TCPRcvQDrop=0 MemAvailable:2889M SwapFree:1023M Dirty:0M Slab:1047M psi_mem=avg60=0.00 psi_cpu=avg60=1.30 load=8.20,6.93,4.87 cpu_u=283754 n=0 s=101920 i=956420 io=2353 irq=0 sirq=79988
  [diag] progress t=920s delivered=22269391 matched=22208868 events~=222 subscribed=100000 rss_mib=3849 swap_mib=0 fanout_done=false
[sys] 03:36:27 tcp_alloc=200026 tcp_mem_pages=7532 PruneCalled=0 RcvPruned=0 TCPRcvCollapsed=0 TCPAbortOnMemory=0 TCPMemoryPressures=0 TCPMemoryPressuresChrono=0 TCPBacklogDrop=0 TCPZeroWindowDrop=0 TCPRcvQDrop=0 MemAvailable:2888M SwapFree:1023M Dirty:0M Slab:1050M psi_mem=avg60=0.00 psi_cpu=avg60=1.28 load=8.35,6.98,4.90 cpu_u=284847 n=0 s=102248 i=957813 io=2353 irq=0 sirq=80464
[sys] 03:36:32 tcp_alloc=200026 tcp_mem_pages=4716 PruneCalled=0 RcvPruned=0 TCPRcvCollapsed=0 TCPAbortOnMemory=0 TCPMemoryPressures=0 TCPMemoryPressuresChrono=0 TCPBacklogDrop=0 TCPZeroWindowDrop=0 TCPRcvQDrop=0 MemAvailable:2880M SwapFree:1023M Dirty:0M Slab:1049M psi_mem=avg60=0.00 psi_cpu=avg60=1.42 load=8.48,7.03,4.92 cpu_u=286206 n=0 s=102664 i=959134 io=2356 irq=0 sirq=80934
  [diag] progress t=930s delivered=22470551 matched=22408868 events~=224 subscribed=100000 rss_mib=3849 swap_mib=0 fanout_done=false
[sys] 03:36:37 tcp_alloc=200026 tcp_mem_pages=6764 PruneCalled=0 RcvPruned=0 TCPRcvCollapsed=0 TCPAbortOnMemory=0 TCPMemoryPressures=0 TCPMemoryPressuresChrono=0 TCPBacklogDrop=0 TCPZeroWindowDrop=0 TCPRcvQDrop=0 MemAvailable:2875M SwapFree:1023M Dirty:0M Slab:1049M psi_mem=avg60=0.00 psi_cpu=avg60=1.39 load=8.60,7.08,4.95 cpu_u=287612 n=0 s=103092 i=960775 io=2356 irq=0 sirq=81405
[sys] 03:36:42 tcp_alloc=200026 tcp_mem_pages=4460 PruneCalled=0 RcvPruned=0 TCPRcvCollapsed=0 TCPAbortOnMemory=0 TCPMemoryPressures=0 TCPMemoryPressuresChrono=0 TCPBacklogDrop=0 TCPZeroWindowDrop=0 TCPRcvQDrop=0 MemAvailable:2875M SwapFree:1023M Dirty:0M Slab:1045M psi_mem=avg60=0.00 psi_cpu=avg60=1.35 load=8.71,7.13,4.98 cpu_u=288784 n=0 s=103451 i=962190 io=2356 irq=0 sirq=81870
  [diag] progress t=940s delivered=22718763 matched=22708868 events~=227 subscribed=100000 rss_mib=3849 swap_mib=0 fanout_done=false
[sys] 03:36:47 tcp_alloc=200026 tcp_mem_pages=16748 PruneCalled=0 RcvPruned=0 TCPRcvCollapsed=0 TCPAbortOnMemory=0 TCPMemoryPressures=0 TCPMemoryPressuresChrono=0 TCPBacklogDrop=0 TCPZeroWindowDrop=0 TCPRcvQDrop=0 MemAvailable:2862M SwapFree:1023M Dirty:0M Slab:1059M psi_mem=avg60=0.00 psi_cpu=avg60=1.36 load=8.82,7.18,5.01 cpu_u=290246 n=0 s=103938 i=963335 io=2356 irq=0 sirq=82301
[sys] 03:36:52 tcp_alloc=200026 tcp_mem_pages=18284 PruneCalled=0 RcvPruned=0 TCPRcvCollapsed=0 TCPAbortOnMemory=0 TCPMemoryPressures=0 TCPMemoryPressuresChrono=0 TCPBacklogDrop=0 TCPZeroWindowDrop=0 TCPRcvQDrop=0 MemAvailable:2879M SwapFree:1023M Dirty:0M Slab:1061M psi_mem=avg60=0.00 psi_cpu=avg60=1.39 load=8.75,7.19,5.02 cpu_u=291614 n=0 s=104383 i=964525 io=2356 irq=0 sirq=82762
  [diag] progress t=950s delivered=22869174 matched=22908868 events~=229 subscribed=100000 rss_mib=3849 swap_mib=0 fanout_done=false
[sys] 03:36:57 tcp_alloc=200026 tcp_mem_pages=13676 PruneCalled=0 RcvPruned=0 TCPRcvCollapsed=0 TCPAbortOnMemory=0 TCPMemoryPressures=0 TCPMemoryPressuresChrono=0 TCPBacklogDrop=0 TCPZeroWindowDrop=0 TCPRcvQDrop=0 MemAvailable:2866M SwapFree:1023M Dirty:0M Slab:1070M psi_mem=avg60=0.00 psi_cpu=avg60=1.44 load=8.85,7.24,5.05 cpu_u=292612 n=0 s=104700 i=965710 io=2356 irq=0 sirq=83116
[sys] 03:37:02 tcp_alloc=200026 tcp_mem_pages=26476 PruneCalled=0 RcvPruned=0 TCPRcvCollapsed=0 TCPAbortOnMemory=0 TCPMemoryPressures=0 TCPMemoryPressuresChrono=0 TCPBacklogDrop=0 TCPZeroWindowDrop=0 TCPRcvQDrop=0 MemAvailable:2826M SwapFree:1023M Dirty:0M Slab:1082M psi_mem=avg60=0.00 psi_cpu=avg60=1.41 load=8.78,7.25,5.06 cpu_u=294039 n=0 s=105159 i=967017 io=2357 irq=0 sirq=83617
  [diag] progress t=960s delivered=23083956 matched=23108868 events~=231 subscribed=100000 rss_mib=3849 swap_mib=0 fanout_done=false
[sys] 03:37:07 tcp_alloc=200026 tcp_mem_pages=10348 PruneCalled=0 RcvPruned=0 TCPRcvCollapsed=0 TCPAbortOnMemory=0 TCPMemoryPressures=0 TCPMemoryPressuresChrono=0 TCPBacklogDrop=0 TCPZeroWindowDrop=0 TCPRcvQDrop=0 MemAvailable:2856M SwapFree:1023M Dirty:0M Slab:1072M psi_mem=avg60=0.03 psi_cpu=avg60=1.40 load=8.64,7.25,5.08 cpu_u=295144 n=0 s=105527 i=968829 io=2358 irq=0 sirq=83958
[sys] 03:37:12 tcp_alloc=200026 tcp_mem_pages=10348 PruneCalled=0 RcvPruned=0 TCPRcvCollapsed=0 TCPAbortOnMemory=0 TCPMemoryPressures=0 TCPMemoryPressuresChrono=0 TCPBacklogDrop=0 TCPZeroWindowDrop=0 TCPRcvQDrop=0 MemAvailable:2852M SwapFree:1023M Dirty:0M Slab:1071M psi_mem=avg60=0.02 psi_cpu=avg60=1.38 load=8.51,7.25,5.09 cpu_u=296449 n=0 s=105962 i=970444 io=2358 irq=0 sirq=84393
  [diag] progress t=970s delivered=23271430 matched=23308868 events~=233 subscribed=100000 rss_mib=3849 swap_mib=0 fanout_done=false
[sys] 03:37:17 tcp_alloc=200026 tcp_mem_pages=12908 PruneCalled=0 RcvPruned=0 TCPRcvCollapsed=0 TCPAbortOnMemory=0 TCPMemoryPressures=0 TCPMemoryPressuresChrono=0 TCPBacklogDrop=0 TCPZeroWindowDrop=0 TCPRcvQDrop=0 MemAvailable:2859M SwapFree:1023M Dirty:0M Slab:1069M psi_mem=avg60=0.02 psi_cpu=avg60=1.34 load=8.55,7.27,5.11 cpu_u=297814 n=0 s=106375 i=972322 io=2358 irq=0 sirq=84802
[sys] 03:37:22 tcp_alloc=200026 tcp_mem_pages=24940 PruneCalled=0 RcvPruned=0 TCPRcvCollapsed=0 TCPAbortOnMemory=0 TCPMemoryPressures=0 TCPMemoryPressuresChrono=0 TCPBacklogDrop=0 TCPZeroWindowDrop=0 TCPRcvQDrop=0 MemAvailable:2857M SwapFree:1023M Dirty:0M Slab:1068M psi_mem=avg60=0.02 psi_cpu=avg60=1.35 load=8.58,7.30,5.13 cpu_u=299053 n=0 s=106758 i=973937 io=2358 irq=0 sirq=85253
  [diag] progress t=980s delivered=23419997 matched=23508868 events~=235 subscribed=100000 rss_mib=3849 swap_mib=0 fanout_done=false
[sys] 03:37:27 tcp_alloc=200026 tcp_mem_pages=35180 PruneCalled=0 RcvPruned=0 TCPRcvCollapsed=0 TCPAbortOnMemory=0 TCPMemoryPressures=0 TCPMemoryPressuresChrono=0 TCPBacklogDrop=0 TCPZeroWindowDrop=0 TCPRcvQDrop=0 MemAvailable:2842M SwapFree:1023M Dirty:0M Slab:1080M psi_mem=avg60=0.02 psi_cpu=avg60=1.35 load=8.22,7.25,5.12 cpu_u=300288 n=0 s=107157 i=975586 io=2359 irq=0 sirq=85715
[sys] 03:37:33 tcp_alloc=200026 tcp_mem_pages=19820 PruneCalled=0 RcvPruned=0 TCPRcvCollapsed=0 TCPAbortOnMemory=0 TCPMemoryPressures=0 TCPMemoryPressuresChrono=0 TCPBacklogDrop=0 TCPZeroWindowDrop=0 TCPRcvQDrop=0 MemAvailable:2830M SwapFree:1023M Dirty:0M Slab:1081M psi_mem=avg60=0.02 psi_cpu=avg60=1.39 load=8.28,7.28,5.14 cpu_u=301577 n=0 s=107582 i=977323 io=2360 irq=0 sirq=86122
  [diag] progress t=990s delivered=23629505 matched=23708868 events~=237 subscribed=100000 rss_mib=3849 swap_mib=0 fanout_done=false
[sys] 03:37:38 tcp_alloc=200026 tcp_mem_pages=35948 PruneCalled=0 RcvPruned=0 TCPRcvCollapsed=0 TCPAbortOnMemory=0 TCPMemoryPressures=0 TCPMemoryPressuresChrono=0 TCPBacklogDrop=0 TCPZeroWindowDrop=0 TCPRcvQDrop=0 MemAvailable:2838M SwapFree:1023M Dirty:0M Slab:1080M psi_mem=avg60=0.01 psi_cpu=avg60=1.32 load=7.78,7.19,5.13 cpu_u=302977 n=0 s=108003 i=979243 io=2360 irq=0 sirq=86574
[sys] 03:37:43 tcp_alloc=200026 tcp_mem_pages=20844 PruneCalled=0 RcvPruned=0 TCPRcvCollapsed=0 TCPAbortOnMemory=0 TCPMemoryPressures=0 TCPMemoryPressuresChrono=0 TCPBacklogDrop=0 TCPZeroWindowDrop=0 TCPRcvQDrop=0 MemAvailable:2856M SwapFree:1023M Dirty:0M Slab:1072M psi_mem=avg60=0.01 psi_cpu=avg60=1.33 load=7.88,7.22,5.15 cpu_u=304342 n=0 s=108468 i=980995 io=2361 irq=0 sirq=86991
  [diag] progress t=1000s delivered=23839648 matched=23908868 events~=239 subscribed=100000 rss_mib=3849 swap_mib=0 fanout_done=false
[sys] 03:37:48 tcp_alloc=200026 tcp_mem_pages=28268 PruneCalled=0 RcvPruned=0 TCPRcvCollapsed=0 TCPAbortOnMemory=0 TCPMemoryPressures=0 TCPMemoryPressuresChrono=0 TCPBacklogDrop=0 TCPZeroWindowDrop=0 TCPRcvQDrop=0 MemAvailable:2821M SwapFree:1023M Dirty:0M Slab:1087M psi_mem=avg60=0.01 psi_cpu=avg60=1.30 load=7.89,7.23,5.16 cpu_u=305880 n=0 s=108993 i=982488 io=2361 irq=0 sirq=87486
[sys] 03:37:53 tcp_alloc=200026 tcp_mem_pages=17004 PruneCalled=0 RcvPruned=0 TCPRcvCollapsed=0 TCPAbortOnMemory=0 TCPMemoryPressures=0 TCPMemoryPressuresChrono=0 TCPBacklogDrop=0 TCPZeroWindowDrop=0 TCPRcvQDrop=0 MemAvailable:2870M SwapFree:1023M Dirty:0M Slab:1065M psi_mem=avg60=0.01 psi_cpu=avg60=1.31 load=7.57,7.18,5.16 cpu_u=307271 n=0 s=109445 i=983835 io=2364 irq=0 sirq=87956
  [diag] progress t=1010s delivered=24102794 matched=24108868 events~=241 subscribed=100000 rss_mib=3849 swap_mib=0 fanout_done=false
[sys] 03:37:58 tcp_alloc=200026 tcp_mem_pages=19052 PruneCalled=0 RcvPruned=0 TCPRcvCollapsed=0 TCPAbortOnMemory=0 TCPMemoryPressures=0 TCPMemoryPressuresChrono=0 TCPBacklogDrop=0 TCPZeroWindowDrop=0 TCPRcvQDrop=0 MemAvailable:2855M SwapFree:1023M Dirty:0M Slab:1070M psi_mem=avg60=0.01 psi_cpu=avg60=1.34 load=7.77,7.23,5.18 cpu_u=308565 n=0 s=109856 i=985229 io=2364 irq=0 sirq=88409
[sys] 03:38:03 tcp_alloc=200026 tcp_mem_pages=27756 PruneCalled=0 RcvPruned=0 TCPRcvCollapsed=0 TCPAbortOnMemory=0 TCPMemoryPressures=0 TCPMemoryPressuresChrono=0 TCPBacklogDrop=0 TCPZeroWindowDrop=0 TCPRcvQDrop=0 MemAvailable:2839M SwapFree:1023M Dirty:0M Slab:1077M psi_mem=avg60=0.00 psi_cpu=avg60=1.39 load=8.03,7.29,5.21 cpu_u=309828 n=0 s=110237 i=986473 io=2365 irq=0 sirq=88866
  [diag] progress t=1020s delivered=24317811 matched=24408868 events~=244 subscribed=100000 rss_mib=3849 swap_mib=0 fanout_done=false
[sys] 03:38:08 tcp_alloc=200026 tcp_mem_pages=12396 PruneCalled=0 RcvPruned=0 TCPRcvCollapsed=0 TCPAbortOnMemory=0 TCPMemoryPressures=0 TCPMemoryPressuresChrono=0 TCPBacklogDrop=0 TCPZeroWindowDrop=0 TCPRcvQDrop=0 MemAvailable:2852M SwapFree:1023M Dirty:0M Slab:1077M psi_mem=avg60=0.00 psi_cpu=avg60=1.45 load=8.19,7.33,5.24 cpu_u=311005 n=0 s=110642 i=988051 io=2365 irq=0 sirq=89238
[sys] 03:38:13 tcp_alloc=200026 tcp_mem_pages=21100 PruneCalled=0 RcvPruned=0 TCPRcvCollapsed=0 TCPAbortOnMemory=0 TCPMemoryPressures=0 TCPMemoryPressuresChrono=0 TCPBacklogDrop=0 TCPZeroWindowDrop=0 TCPRcvQDrop=0 MemAvailable:2848M SwapFree:1023M Dirty:0M Slab:1066M psi_mem=avg60=0.00 psi_cpu=avg60=1.50 load=8.33,7.38,5.27 cpu_u=312099 n=0 s=110982 i=989365 io=2365 irq=0 sirq=89637
  [diag] progress t=1030s delivered=24480893 matched=24508868 events~=245 subscribed=100000 rss_mib=3849 swap_mib=0 fanout_done=false
[sys] 03:38:18 tcp_alloc=200026 tcp_mem_pages=12396 PruneCalled=0 RcvPruned=0 TCPRcvCollapsed=0 TCPAbortOnMemory=0 TCPMemoryPressures=0 TCPMemoryPressuresChrono=0 TCPBacklogDrop=0 TCPZeroWindowDrop=0 TCPRcvQDrop=0 MemAvailable:2841M SwapFree:1023M Dirty:0M Slab:1066M psi_mem=avg60=0.00 psi_cpu=avg60=1.56 load=8.30,7.39,5.28 cpu_u=313167 n=0 s=111313 i=990826 io=2365 irq=0 sirq=90011
[sys] 03:38:23 tcp_alloc=200026 tcp_mem_pages=29292 PruneCalled=0 RcvPruned=0 TCPRcvCollapsed=0 TCPAbortOnMemory=0 TCPMemoryPressures=0 TCPMemoryPressuresChrono=0 TCPBacklogDrop=0 TCPZeroWindowDrop=0 TCPRcvQDrop=0 MemAvailable:2833M SwapFree:1023M Dirty:0M Slab:1077M psi_mem=avg60=0.00 psi_cpu=avg60=1.54 load=8.12,7.37,5.28 cpu_u=314493 n=0 s=111697 i=992432 io=2365 irq=0 sirq=90416
  [diag] progress t=1040s delivered=24688209 matched=24708868 events~=247 subscribed=100000 rss_mib=3849 swap_mib=0 fanout_done=false
[sys] 03:38:28 tcp_alloc=200026 tcp_mem_pages=14188 PruneCalled=0 RcvPruned=0 TCPRcvCollapsed=0 TCPAbortOnMemory=0 TCPMemoryPressures=0 TCPMemoryPressuresChrono=0 TCPBacklogDrop=0 TCPZeroWindowDrop=0 TCPRcvQDrop=0 MemAvailable:2866M SwapFree:1023M Dirty:0M Slab:1068M psi_mem=avg60=0.00 psi_cpu=avg60=1.54 load=8.27,7.41,5.31 cpu_u=315760 n=0 s=112109 i=994131 io=2365 irq=0 sirq=90848
[sys] 03:38:33 tcp_alloc=200026 tcp_mem_pages=12908 PruneCalled=0 RcvPruned=0 TCPRcvCollapsed=0 TCPAbortOnMemory=0 TCPMemoryPressures=0 TCPMemoryPressuresChrono=0 TCPBacklogDrop=0 TCPZeroWindowDrop=0 TCPRcvQDrop=0 MemAvailable:2862M SwapFree:1023M Dirty:0M Slab:1067M psi_mem=avg60=0.00 psi_cpu=avg60=1.52 load=8.33,7.44,5.33 cpu_u=317049 n=0 s=112512 i=995692 io=2366 irq=0 sirq=91281
  [diag] progress t=1050s delivered=24882261 matched=24908868 events~=249 subscribed=100000 rss_mib=3849 swap_mib=0 fanout_done=false
[sys] 03:38:39 tcp_alloc=200026 tcp_mem_pages=7788 PruneCalled=0 RcvPruned=0 TCPRcvCollapsed=0 TCPAbortOnMemory=0 TCPMemoryPressures=0 TCPMemoryPressuresChrono=0 TCPBacklogDrop=0 TCPZeroWindowDrop=0 TCPRcvQDrop=0 MemAvailable:2854M SwapFree:1023M Dirty:0M Slab:1067M psi_mem=avg60=0.00 psi_cpu=avg60=1.48 load=8.90,7.59,5.40 cpu_u=318403 n=0 s=112951 i=997474 io=2366 irq=0 sirq=91720
[sys] 03:38:44 tcp_alloc=200026 tcp_mem_pages=14956 PruneCalled=0 RcvPruned=0 TCPRcvCollapsed=0 TCPAbortOnMemory=0 TCPMemoryPressures=0 TCPMemoryPressuresChrono=0 TCPBacklogDrop=0 TCPZeroWindowDrop=0 TCPRcvQDrop=0 MemAvailable:2849M SwapFree:1023M Dirty:0M Slab:1069M psi_mem=avg60=0.00 psi_cpu=avg60=1.47 load=8.99,7.63,5.43 cpu_u=319791 n=0 s=113375 i=999140 io=2366 irq=0 sirq=92170
  [diag] progress t=1060s delivered=25042830 matched=25108868 events~=251 subscribed=100000 rss_mib=3849 swap_mib=0 fanout_done=false
[sys] 03:38:49 tcp_alloc=200026 tcp_mem_pages=19820 PruneCalled=0 RcvPruned=0 TCPRcvCollapsed=0 TCPAbortOnMemory=0 TCPMemoryPressures=0 TCPMemoryPressuresChrono=0 TCPBacklogDrop=0 TCPZeroWindowDrop=0 TCPRcvQDrop=0 MemAvailable:2851M SwapFree:1023M Dirty:0M Slab:1069M psi_mem=avg60=0.00 psi_cpu=avg60=1.43 load=8.75,7.60,5.43 cpu_u=320994 n=0 s=113707 i=1000902 io=2366 irq=0 sirq=92589
[sys] 03:38:54 tcp_alloc=200026 tcp_mem_pages=22380 PruneCalled=0 RcvPruned=0 TCPRcvCollapsed=0 TCPAbortOnMemory=0 TCPMemoryPressures=0 TCPMemoryPressuresChrono=0 TCPBacklogDrop=0 TCPZeroWindowDrop=0 TCPRcvQDrop=0 MemAvailable:2850M SwapFree:1023M Dirty:0M Slab:1068M psi_mem=avg60=0.00 psi_cpu=avg60=1.49 load=8.85,7.64,5.46 cpu_u=322477 n=0 s=114128 i=1002576 io=2368 irq=0 sirq=93038
  [diag] progress t=1070s delivered=25154498 matched=25208868 events~=252 subscribed=100000 rss_mib=3849 swap_mib=0 fanout_done=false
[sys] 03:38:59 tcp_alloc=200026 tcp_mem_pages=13676 PruneCalled=0 RcvPruned=0 TCPRcvCollapsed=0 TCPAbortOnMemory=0 TCPMemoryPressures=0 TCPMemoryPressuresChrono=0 TCPBacklogDrop=0 TCPZeroWindowDrop=0 TCPRcvQDrop=0 MemAvailable:2850M SwapFree:1023M Dirty:0M Slab:1071M psi_mem=avg60=0.00 psi_cpu=avg60=1.49 load=8.38,7.56,5.44 cpu_u=323685 n=0 s=114498 i=1004455 io=2369 irq=0 sirq=93427
[sys] 03:39:04 tcp_alloc=200026 tcp_mem_pages=21356 PruneCalled=0 RcvPruned=0 TCPRcvCollapsed=0 TCPAbortOnMemory=0 TCPMemoryPressures=0 TCPMemoryPressuresChrono=0 TCPBacklogDrop=0 TCPZeroWindowDrop=0 TCPRcvQDrop=0 MemAvailable:2835M SwapFree:1023M Dirty:0M Slab:1075M psi_mem=avg60=0.00 psi_cpu=avg60=1.44 load=8.51,7.60,5.47 cpu_u=324975 n=0 s=114898 i=1006333 io=2369 irq=0 sirq=93829
  [diag] progress t=1080s delivered=25350017 matched=25408868 events~=254 subscribed=100000 rss_mib=3849 swap_mib=0 fanout_done=false
[sys] 03:39:09 tcp_alloc=200026 tcp_mem_pages=15980 PruneCalled=0 RcvPruned=0 TCPRcvCollapsed=0 TCPAbortOnMemory=0 TCPMemoryPressures=0 TCPMemoryPressuresChrono=0 TCPBacklogDrop=0 TCPZeroWindowDrop=0 TCPRcvQDrop=0 MemAvailable:2867M SwapFree:1023M Dirty:0M Slab:1067M psi_mem=avg60=0.00 psi_cpu=avg60=1.40 load=8.71,7.66,5.50 cpu_u=326282 n=0 s=115340 i=1008243 io=2369 irq=0 sirq=94256
[sys] 03:39:14 tcp_alloc=200026 tcp_mem_pages=14188 PruneCalled=0 RcvPruned=0 TCPRcvCollapsed=0 TCPAbortOnMemory=0 TCPMemoryPressures=0 TCPMemoryPressuresChrono=0 TCPBacklogDrop=0 TCPZeroWindowDrop=0 TCPRcvQDrop=0 MemAvailable:2844M SwapFree:1023M Dirty:0M Slab:1073M psi_mem=avg60=0.00 psi_cpu=avg60=1.37 load=8.73,7.68,5.52 cpu_u=327514 n=0 s=115755 i=1010578 io=2369 irq=0 sirq=94599
  [diag] progress t=1090s delivered=25525065 matched=25608868 events~=256 subscribed=100000 rss_mib=3849 swap_mib=0 fanout_done=false
[sys] 03:39:19 tcp_alloc=200026 tcp_mem_pages=31340 PruneCalled=0 RcvPruned=0 TCPRcvCollapsed=0 TCPAbortOnMemory=0 TCPMemoryPressures=0 TCPMemoryPressuresChrono=0 TCPBacklogDrop=0 TCPZeroWindowDrop=0 TCPRcvQDrop=0 MemAvailable:2832M SwapFree:1023M Dirty:0M Slab:1075M psi_mem=avg60=0.00 psi_cpu=avg60=1.37 load=8.84,7.72,5.54 cpu_u=328762 n=0 s=116119 i=1012416 io=2369 irq=0 sirq=95023
[sys] 03:39:24 tcp_alloc=200026 tcp_mem_pages=33644 PruneCalled=0 RcvPruned=0 TCPRcvCollapsed=0 TCPAbortOnMemory=0 TCPMemoryPressures=0 TCPMemoryPressuresChrono=0 TCPBacklogDrop=0 TCPZeroWindowDrop=0 TCPRcvQDrop=0 MemAvailable:2807M SwapFree:1023M Dirty:0M Slab:1087M psi_mem=avg60=0.00 psi_cpu=avg60=1.41 load=8.85,7.74,5.56 cpu_u=329785 n=0 s=116436 i=1014365 io=2370 irq=0 sirq=95411
  [diag] progress t=1100s delivered=25714765 matched=25808868 events~=258 subscribed=100000 rss_mib=3849 swap_mib=0 fanout_done=false
[sys] 03:39:29 tcp_alloc=200026 tcp_mem_pages=30060 PruneCalled=0 RcvPruned=0 TCPRcvCollapsed=0 TCPAbortOnMemory=0 TCPMemoryPressures=0 TCPMemoryPressuresChrono=0 TCPBacklogDrop=0 TCPZeroWindowDrop=0 TCPRcvQDrop=0 MemAvailable:2844M SwapFree:1023M Dirty:0M Slab:1074M psi_mem=avg60=0.00 psi_cpu=avg60=1.37 load=8.94,7.78,5.58 cpu_u=331010 n=0 s=116846 i=1015913 io=2370 irq=0 sirq=95862
[sys] 03:39:35 tcp_alloc=200026 tcp_mem_pages=16492 PruneCalled=0 RcvPruned=0 TCPRcvCollapsed=0 TCPAbortOnMemory=0 TCPMemoryPressures=0 TCPMemoryPressuresChrono=0 TCPBacklogDrop=0 TCPZeroWindowDrop=0 TCPRcvQDrop=0 MemAvailable:2856M SwapFree:1023M Dirty:0M Slab:1065M psi_mem=avg60=0.00 psi_cpu=avg60=1.37 load=9.03,7.82,5.61 cpu_u=332740 n=0 s=117525 i=1017144 io=2370 irq=0 sirq=96422
  [diag] progress t=1110s delivered=26656982 matched=26708868 events~=267 subscribed=100000 rss_mib=3849 swap_mib=0 fanout_done=false
[sys] 03:39:40 tcp_alloc=200026 tcp_mem_pages=17772 PruneCalled=0 RcvPruned=0 TCPRcvCollapsed=0 TCPAbortOnMemory=0 TCPMemoryPressures=0 TCPMemoryPressuresChrono=0 TCPBacklogDrop=0 TCPZeroWindowDrop=0 TCPRcvQDrop=0 MemAvailable:2847M SwapFree:1023M Dirty:0M Slab:1076M psi_mem=avg60=0.00 psi_cpu=avg60=1.37 load=9.10,7.85,5.63 cpu_u=334348 n=0 s=118155 i=1018361 io=2370 irq=0 sirq=96956
[sys] 03:39:45 tcp_alloc=200026 tcp_mem_pages=16492 PruneCalled=0 RcvPruned=0 TCPRcvCollapsed=0 TCPAbortOnMemory=0 TCPMemoryPressures=0 TCPMemoryPressuresChrono=0 TCPBacklogDrop=0 TCPZeroWindowDrop=0 TCPRcvQDrop=0 MemAvailable:2789M SwapFree:1023M Dirty:0M Slab:1071M psi_mem=avg60=0.00 psi_cpu=avg60=1.34 load=8.69,7.79,5.62 cpu_u=336028 n=0 s=118770 i=1019655 io=2370 irq=0 sirq=97450
  [diag] progress t=1120s delivered=27839014 matched=28108868 events~=281 subscribed=100000 rss_mib=3915 swap_mib=0 fanout_done=false
[sys] 03:39:50 tcp_alloc=200026 tcp_mem_pages=25452 PruneCalled=0 RcvPruned=0 TCPRcvCollapsed=0 TCPAbortOnMemory=0 TCPMemoryPressures=0 TCPMemoryPressuresChrono=0 TCPBacklogDrop=0 TCPZeroWindowDrop=0 TCPRcvQDrop=0 MemAvailable:2667M SwapFree:1023M Dirty:0M Slab:1076M psi_mem=avg60=0.00 psi_cpu=avg60=1.34 load=8.80,7.83,5.65 cpu_u=337675 n=0 s=119341 i=1020824 io=2371 irq=0 sirq=97904
[sys] 03:39:55 tcp_alloc=200026 tcp_mem_pages=24940 PruneCalled=0 RcvPruned=0 TCPRcvCollapsed=0 TCPAbortOnMemory=0 TCPMemoryPressures=0 TCPMemoryPressuresChrono=0 TCPBacklogDrop=0 TCPZeroWindowDrop=0 TCPRcvQDrop=0 MemAvailable:2670M SwapFree:1023M Dirty:0M Slab:1072M psi_mem=avg60=0.00 psi_cpu=avg60=1.38 load=8.90,7.86,5.67 cpu_u=338905 n=0 s=119736 i=1022008 io=2371 irq=0 sirq=98370
  [diag] progress t=1130s delivered=28671318 matched=28808868 events~=288 subscribed=100000 rss_mib=3956 swap_mib=0 fanout_done=false
[sys] 03:40:00 tcp_alloc=200026 tcp_mem_pages=24684 PruneCalled=0 RcvPruned=0 TCPRcvCollapsed=0 TCPAbortOnMemory=0 TCPMemoryPressures=0 TCPMemoryPressuresChrono=0 TCPBacklogDrop=0 TCPZeroWindowDrop=0 TCPRcvQDrop=0 MemAvailable:2715M SwapFree:1023M Dirty:0M Slab:1077M psi_mem=avg60=0.00 psi_cpu=avg60=1.41 load=8.98,7.90,5.69 cpu_u=340600 n=0 s=120324 i=1023323 io=2371 irq=0 sirq=98823
[sys] 03:40:05 tcp_alloc=200026 tcp_mem_pages=24684 PruneCalled=0 RcvPruned=0 TCPRcvCollapsed=0 TCPAbortOnMemory=0 TCPMemoryPressures=0 TCPMemoryPressuresChrono=0 TCPBacklogDrop=0 TCPZeroWindowDrop=0 TCPRcvQDrop=0 MemAvailable:2698M SwapFree:1023M Dirty:0M Slab:1083M psi_mem=avg60=0.00 psi_cpu=avg60=1.38 load=8.51,7.82,5.68 cpu_u=342169 n=0 s=120859 i=1024731 io=2371 irq=0 sirq=99282
  [diag] progress t=1140s delivered=29358249 matched=29408868 events~=294 subscribed=100000 rss_mib=3974 swap_mib=0 fanout_done=false
[sys] 03:40:10 tcp_alloc=200026 tcp_mem_pages=31596 PruneCalled=0 RcvPruned=0 TCPRcvCollapsed=0 TCPAbortOnMemory=0 TCPMemoryPressures=0 TCPMemoryPressuresChrono=0 TCPBacklogDrop=0 TCPZeroWindowDrop=0 TCPRcvQDrop=0 MemAvailable:2708M SwapFree:1023M Dirty:0M Slab:1072M psi_mem=avg60=0.00 psi_cpu=avg60=1.34 load=8.71,7.87,5.71 cpu_u=344031 n=0 s=121574 i=1025932 io=2371 irq=0 sirq=99821
[sys] 03:40:15 tcp_alloc=200026 tcp_mem_pages=25964 PruneCalled=0 RcvPruned=0 TCPRcvCollapsed=0 TCPAbortOnMemory=0 TCPMemoryPressures=0 TCPMemoryPressuresChrono=0 TCPBacklogDrop=0 TCPZeroWindowDrop=0 TCPRcvQDrop=0 MemAvailable:2686M SwapFree:1023M Dirty:0M Slab:1077M psi_mem=avg60=0.00 psi_cpu=avg60=1.32 load=8.81,7.91,5.73 cpu_u=345771 n=0 s=122207 i=1027087 io=2371 irq=0 sirq=100337
  [diag] progress t=1150s delivered=30325549 matched=30508868 events~=305 subscribed=100000 rss_mib=3956 swap_mib=0 fanout_done=false
[sys] 03:40:20 tcp_alloc=200026 tcp_mem_pages=20332 PruneCalled=0 RcvPruned=0 TCPRcvCollapsed=0 TCPAbortOnMemory=0 TCPMemoryPressures=0 TCPMemoryPressuresChrono=0 TCPBacklogDrop=0 TCPZeroWindowDrop=0 TCPRcvQDrop=0 MemAvailable:2705M SwapFree:1023M Dirty:0M Slab:1068M psi_mem=avg60=0.00 psi_cpu=avg60=1.29 load=8.74,7.91,5.74 cpu_u=347632 n=0 s=122910 i=1028254 io=2371 irq=0 sirq=100858
[sys] 03:40:25 tcp_alloc=200026 tcp_mem_pages=28524 PruneCalled=0 RcvPruned=0 TCPRcvCollapsed=0 TCPAbortOnMemory=0 TCPMemoryPressures=0 TCPMemoryPressuresChrono=0 TCPBacklogDrop=0 TCPZeroWindowDrop=0 TCPRcvQDrop=0 MemAvailable:2698M SwapFree:1023M Dirty:0M Slab:1069M psi_mem=avg60=0.00 psi_cpu=avg60=1.29 load=8.85,7.94,5.77 cpu_u=349413 n=0 s=123567 i=1029408 io=2372 irq=0 sirq=101413
  [diag] progress t=1160s delivered=31277776 matched=31408868 events~=314 subscribed=100000 rss_mib=3974 swap_mib=0 fanout_done=false
[sys] 03:40:30 tcp_alloc=200026 tcp_mem_pages=2668 PruneCalled=0 RcvPruned=0 TCPRcvCollapsed=0 TCPAbortOnMemory=0 TCPMemoryPressures=0 TCPMemoryPressuresChrono=0 TCPBacklogDrop=0 TCPZeroWindowDrop=0 TCPRcvQDrop=0 MemAvailable:2739M SwapFree:1023M Dirty:0M Slab:1056M psi_mem=avg60=0.00 psi_cpu=avg60=1.27 load=8.38,7.86,5.75 cpu_u=351088 n=0 s=124178 i=1030787 io=2372 irq=0 sirq=101883
[sys] 03:40:35 tcp_alloc=200026 tcp_mem_pages=5996 PruneCalled=0 RcvPruned=0 TCPRcvCollapsed=0 TCPAbortOnMemory=0 TCPMemoryPressures=0 TCPMemoryPressuresChrono=0 TCPBacklogDrop=0 TCPZeroWindowDrop=0 TCPRcvQDrop=0 MemAvailable:2745M SwapFree:1023M Dirty:0M Slab:1061M psi_mem=avg60=0.00 psi_cpu=avg60=1.28 load=8.51,7.90,5.77 cpu_u=352757 n=0 s=124782 i=1031990 io=2372 irq=0 sirq=102376
  [diag] progress t=1170s delivered=31976293 matched=32008868 events~=320 subscribed=100000 rss_mib=3962 swap_mib=0 fanout_done=false
[sys] 03:40:40 tcp_alloc=200026 tcp_mem_pages=7275 PruneCalled=0 RcvPruned=0 TCPRcvCollapsed=0 TCPAbortOnMemory=0 TCPMemoryPressures=0 TCPMemoryPressuresChrono=0 TCPBacklogDrop=0 TCPZeroWindowDrop=0 TCPRcvQDrop=0 MemAvailable:2749M SwapFree:1023M Dirty:0M Slab:1046M psi_mem=avg60=0.00 psi_cpu=avg60=1.29 load=8.55,7.92,5.79 cpu_u=354359 n=0 s=125304 i=1033474 io=2372 irq=0 sirq=102864
[sys] 03:40:45 tcp_alloc=200026 tcp_mem_pages=4971 PruneCalled=0 RcvPruned=0 TCPRcvCollapsed=0 TCPAbortOnMemory=0 TCPMemoryPressures=0 TCPMemoryPressuresChrono=0 TCPBacklogDrop=0 TCPZeroWindowDrop=0 TCPRcvQDrop=0 MemAvailable:2766M SwapFree:1023M Dirty:0M Slab:1048M psi_mem=avg60=0.00 psi_cpu=avg60=1.33 load=8.66,7.95,5.81 cpu_u=355878 n=0 s=125789 i=1034912 io=2372 irq=0 sirq=103314
  [diag] progress t=1180s delivered=32293818 matched=32308868 events~=323 subscribed=100000 rss_mib=3961 swap_mib=0 fanout_done=false
[sys] 03:40:50 tcp_alloc=200026 tcp_mem_pages=1131 PruneCalled=0 RcvPruned=0 TCPRcvCollapsed=0 TCPAbortOnMemory=0 TCPMemoryPressures=0 TCPMemoryPressuresChrono=0 TCPBacklogDrop=0 TCPZeroWindowDrop=0 TCPRcvQDrop=0 MemAvailable:2764M SwapFree:1023M Dirty:0M Slab:1043M psi_mem=avg60=0.00 psi_cpu=avg60=1.27 load=8.77,7.98,5.84 cpu_u=357505 n=0 s=126359 i=1036562 io=2372 irq=0 sirq=103804
[sys] 03:40:56 tcp_alloc=200026 tcp_mem_pages=10859 PruneCalled=0 RcvPruned=0 TCPRcvCollapsed=0 TCPAbortOnMemory=0 TCPMemoryPressures=0 TCPMemoryPressuresChrono=0 TCPBacklogDrop=0 TCPZeroWindowDrop=0 TCPRcvQDrop=0 MemAvailable:2731M SwapFree:1023M Dirty:0M Slab:1059M psi_mem=avg60=0.00 psi_cpu=avg60=1.27 load=8.87,8.02,5.86 cpu_u=358822 n=0 s=126794 i=1038107 io=2372 irq=0 sirq=104276
  [diag] progress t=1190s delivered=32635486 matched=32608868 events~=326 subscribed=100000 rss_mib=3978 swap_mib=0 fanout_done=false
[sys] 03:41:01 tcp_alloc=200026 tcp_mem_pages=32107 PruneCalled=0 RcvPruned=0 TCPRcvCollapsed=0 TCPAbortOnMemory=0 TCPMemoryPressures=0 TCPMemoryPressuresChrono=0 TCPBacklogDrop=0 TCPZeroWindowDrop=0 TCPRcvQDrop=0 MemAvailable:2730M SwapFree:1023M Dirty:0M Slab:1080M psi_mem=avg60=0.00 psi_cpu=avg60=1.26 load=8.96,8.05,5.88 cpu_u=360367 n=0 s=127406 i=1039528 io=2372 irq=0 sirq=104761
[sys] 03:41:06 tcp_alloc=200026 tcp_mem_pages=18027 PruneCalled=0 RcvPruned=0 TCPRcvCollapsed=0 TCPAbortOnMemory=0 TCPMemoryPressures=0 TCPMemoryPressuresChrono=0 TCPBacklogDrop=0 TCPZeroWindowDrop=0 TCPRcvQDrop=0 MemAvailable:2749M SwapFree:1023M Dirty:0M Slab:1060M psi_mem=avg60=0.00 psi_cpu=avg60=1.23 load=8.40,7.95,5.86 cpu_u=361750 n=0 s=127890 i=1040826 io=2373 irq=0 sirq=105180
  [diag] at window end: connected=100000 subscribed=100000 connect_failed=0 subscribed_at_start=81552 late_subscribers=18448 (late subscribers' pre-subscribe events stay in the drop count)
  [diag] router: matched=33108868 delivered=33108868 dropped=0 faulted=0 events_fanned_out~=331 (matched/subscribed)
  [diag] undelivered breakdown (events): never_connected_x_events=0 pre_subscribe_or_not_yet_fanned_out=466891132 router_dropped=0 router_faulted=0 in_flight_or_unaccounted=57356 sum=466948488 (attempted-delivered=466948488)
  [diag] completed=false (delivered 33051512 of 500000000 before the 1200s window) peak_rss_mib=3978
  [diag] finish: fanout_done=false reachable=33108868 delivered=33051512 elapsed_to_finish=n/a
  [diag] fanout_task_finished=false (true = replicator budget exhausted before the window closed)

=== nostos-bench-10k probe ===
  clients   : 100000
  events    : 5000 (attempted deliveries: 500000000)
  window    : 1200s
  ---------------------------
  delivered : 33051512
  ops/sec   : 27543
  drop%     : 93.39
  elapsed   : 1200.01s
  elapsed_to_finish : n/a (window expired)
  ops/sec (finish)  : n/a
SOAK rc=0 03:41:08
HOST tier=100000 end 13:41:08 load1=16.91 rc=0
HOST tier=50000 start 13:42:38 load1=7.12 waited=60s
env: Linux 7.0.12-linuxkit aarch64 nproc=10 nofile=1048576 mem=8124516kB swap=1048572kB tcp_rmem=4096-131072-33554432 tcp_wmem=4096-16384-4194304
SOAK start 03:42:39 clients=50000 events=5000 window=600 ack=1 listeners=1
  [diag] listeners: ws://127.0.0.1:10747/sync
[sys] 03:42:39 tcp_alloc=26 tcp_mem_pages=0 PruneCalled=0 RcvPruned=0 TCPRcvCollapsed=0 TCPAbortOnMemory=0 TCPMemoryPressures=0 TCPMemoryPressuresChrono=0 TCPBacklogDrop=0 TCPZeroWindowDrop=0 TCPRcvQDrop=0 MemAvailable:7290M SwapFree:1023M Dirty:0M Slab:307M psi_mem=avg60=0.00 psi_cpu=avg60=0.28 load=1.88,5.81,5.30 cpu_u=362021 n=0 s=128148 i=1133109 io=2384 irq=0 sirq=105312
[sys] 03:42:44 tcp_alloc=58169 tcp_mem_pages=26219 PruneCalled=0 RcvPruned=0 TCPRcvCollapsed=0 TCPAbortOnMemory=0 TCPMemoryPressures=0 TCPMemoryPressuresChrono=0 TCPBacklogDrop=0 TCPZeroWindowDrop=0 TCPRcvQDrop=0 MemAvailable:6593M SwapFree:1023M Dirty:0M Slab:526M psi_mem=avg60=0.00 psi_cpu=avg60=0.44 load=2.53,5.88,5.32 cpu_u=362124 n=0 s=131683 i=1133604 io=2384 irq=0 sirq=105371
[sys] 03:42:49 tcp_alloc=87760 tcp_mem_pages=13419 PruneCalled=0 RcvPruned=0 TCPRcvCollapsed=0 TCPAbortOnMemory=0 TCPMemoryPressures=0 TCPMemoryPressuresChrono=0 TCPBacklogDrop=0 TCPZeroWindowDrop=0 TCPRcvQDrop=0 MemAvailable:5520M SwapFree:1023M Dirty:0M Slab:648M psi_mem=avg60=0.00 psi_cpu=avg60=0.58 load=2.33,5.79,5.29 cpu_u=362423 n=0 s=133060 i=1136374 io=2385 irq=0 sirq=105479
[sys] 03:42:54 tcp_alloc=95546 tcp_mem_pages=5739 PruneCalled=0 RcvPruned=0 TCPRcvCollapsed=0 TCPAbortOnMemory=0 TCPMemoryPressures=0 TCPMemoryPressuresChrono=0 TCPBacklogDrop=0 TCPZeroWindowDrop=0 TCPRcvQDrop=0 MemAvailable:5287M SwapFree:1023M Dirty:0M Slab:666M psi_mem=avg60=0.00 psi_cpu=avg60=0.52 load=2.14,5.69,5.26 cpu_u=362514 n=0 s=133142 i=1141165 io=2385 irq=0 sirq=105503
[sys] 03:42:59 tcp_alloc=96302 tcp_mem_pages=4203 PruneCalled=0 RcvPruned=0 TCPRcvCollapsed=0 TCPAbortOnMemory=0 TCPMemoryPressures=0 TCPMemoryPressuresChrono=0 TCPBacklogDrop=0 TCPZeroWindowDrop=0 TCPRcvQDrop=0 MemAvailable:5255M SwapFree:1023M Dirty:0M Slab:666M psi_mem=avg60=0.00 psi_cpu=avg60=0.49 load=1.97,5.59,5.24 cpu_u=362529 n=0 s=133155 i=1146138 io=2385 irq=0 sirq=105509
[sys] 03:43:04 tcp_alloc=96918 tcp_mem_pages=3947 PruneCalled=0 RcvPruned=0 TCPRcvCollapsed=0 TCPAbortOnMemory=0 TCPMemoryPressures=0 TCPMemoryPressuresChrono=0 TCPBacklogDrop=0 TCPZeroWindowDrop=0 TCPRcvQDrop=0 MemAvailable:5248M SwapFree:1023M Dirty:0M Slab:667M psi_mem=avg60=0.00 psi_cpu=avg60=0.44 load=1.81,5.50,5.21 cpu_u=362537 n=0 s=133167 i=1151122 io=2385 irq=0 sirq=105511
  [diag] subscribe quorum after 25.22s: connected=46839 subscribed=46839 connect_failed=0 complete=false (ceiling 250s, stall 5s)
[sys] 03:43:09 tcp_alloc=96961 tcp_mem_pages=6506 PruneCalled=0 RcvPruned=0 TCPRcvCollapsed=0 TCPAbortOnMemory=0 TCPMemoryPressures=0 TCPMemoryPressuresChrono=0 TCPBacklogDrop=0 TCPZeroWindowDrop=0 TCPRcvQDrop=0 MemAvailable:4908M SwapFree:1023M Dirty:0M Slab:665M psi_mem=avg60=0.00 psi_cpu=avg60=0.41 load=2.47,5.58,5.23 cpu_u=364370 n=0 s=133704 i=1153246 io=2385 irq=0 sirq=105756
[sys] 03:43:14 tcp_alloc=97213 tcp_mem_pages=7780 PruneCalled=0 RcvPruned=0 TCPRcvCollapsed=0 TCPAbortOnMemory=0 TCPMemoryPressures=0 TCPMemoryPressuresChrono=0 TCPBacklogDrop=0 TCPZeroWindowDrop=0 TCPRcvQDrop=0 MemAvailable:4901M SwapFree:1023M Dirty:0M Slab:665M psi_mem=avg60=0.00 psi_cpu=avg60=0.60 load=3.07,5.65,5.26 cpu_u=366377 n=0 s=134200 i=1154426 io=2387 irq=0 sirq=106032
  [diag] progress t=10s delivered=4961295 matched=5167642 events~=109 subscribed=47188 rss_mib=2027 swap_mib=0 fanout_done=false
[sys] 03:43:19 tcp_alloc=98304 tcp_mem_pages=4195 PruneCalled=0 RcvPruned=0 TCPRcvCollapsed=0 TCPAbortOnMemory=0 TCPMemoryPressures=0 TCPMemoryPressuresChrono=0 TCPBacklogDrop=0 TCPZeroWindowDrop=0 TCPRcvQDrop=0 MemAvailable:4861M SwapFree:1023M Dirty:0M Slab:666M psi_mem=avg60=0.00 psi_cpu=avg60=0.75 load=3.63,5.72,5.29 cpu_u=368348 n=0 s=134795 i=1155679 io=2387 irq=0 sirq=106405
[sys] 03:43:24 tcp_alloc=98304 tcp_mem_pages=4711 PruneCalled=0 RcvPruned=0 TCPRcvCollapsed=0 TCPAbortOnMemory=0 TCPMemoryPressures=0 TCPMemoryPressuresChrono=0 TCPBacklogDrop=0 TCPZeroWindowDrop=0 TCPRcvQDrop=0 MemAvailable:4835M SwapFree:1023M Dirty:0M Slab:666M psi_mem=avg60=0.00 psi_cpu=avg60=0.75 load=4.14,5.79,5.31 cpu_u=370521 n=0 s=135324 i=1156913 io=2388 irq=0 sirq=106670
  [diag] progress t=20s delivered=10208832 matched=10365211 events~=214 subscribed=48279 rss_mib=2092 swap_mib=0 fanout_done=false
[sys] 03:43:29 tcp_alloc=98304 tcp_mem_pages=12386 PruneCalled=0 RcvPruned=0 TCPRcvCollapsed=0 TCPAbortOnMemory=0 TCPMemoryPressures=0 TCPMemoryPressuresChrono=0 TCPBacklogDrop=0 TCPZeroWindowDrop=0 TCPRcvQDrop=0 MemAvailable:4558M SwapFree:1023M Dirty:0M Slab:666M psi_mem=avg60=0.00 psi_cpu=avg60=0.76 load=4.61,5.86,5.34 cpu_u=372188 n=0 s=135717 i=1158225 io=2388 irq=0 sirq=106917
[sys] 03:43:34 tcp_alloc=98304 tcp_mem_pages=10323 PruneCalled=0 RcvPruned=0 TCPRcvCollapsed=0 TCPAbortOnMemory=0 TCPMemoryPressures=0 TCPMemoryPressuresChrono=0 TCPBacklogDrop=0 TCPZeroWindowDrop=0 TCPRcvQDrop=0 MemAvailable:4344M SwapFree:1023M Dirty:0M Slab:666M psi_mem=avg60=0.00 psi_cpu=avg60=0.79 load=4.96,5.92,5.36 cpu_u=374296 n=0 s=136192 i=1159699 io=2389 irq=0 sirq=107155
  [diag] progress t=30s delivered=13504506 matched=13696462 events~=283 subscribed=48279 rss_mib=2617 swap_mib=0 fanout_done=false
[sys] 03:43:39 tcp_alloc=98564 tcp_mem_pages=18272 PruneCalled=0 RcvPruned=0 TCPRcvCollapsed=0 TCPAbortOnMemory=0 TCPMemoryPressures=0 TCPMemoryPressuresChrono=0 TCPBacklogDrop=0 TCPZeroWindowDrop=0 TCPRcvQDrop=0 MemAvailable:4298M SwapFree:1023M Dirty:0M Slab:668M psi_mem=avg60=0.00 psi_cpu=avg60=0.86 load=5.36,5.98,5.38 cpu_u=376184 n=0 s=136651 i=1160806 io=2389 irq=0 sirq=107483
[sys] 03:43:44 tcp_alloc=98564 tcp_mem_pages=9558 PruneCalled=0 RcvPruned=0 TCPRcvCollapsed=0 TCPAbortOnMemory=0 TCPMemoryPressures=0 TCPMemoryPressuresChrono=0 TCPBacklogDrop=0 TCPZeroWindowDrop=0 TCPRcvQDrop=0 MemAvailable:4356M SwapFree:1023M Dirty:0M Slab:667M psi_mem=avg60=0.00 psi_cpu=avg60=0.94 load=5.73,6.05,5.41 cpu_u=377549 n=0 s=137120 i=1161981 io=2390 irq=0 sirq=107851
  [diag] progress t=40s delivered=15021389 matched=15049065 events~=310 subscribed=48539 rss_mib=2629 swap_mib=0 fanout_done=false
[sys] 03:43:49 tcp_alloc=98747 tcp_mem_pages=13142 PruneCalled=0 RcvPruned=0 TCPRcvCollapsed=0 TCPAbortOnMemory=0 TCPMemoryPressures=0 TCPMemoryPressuresChrono=0 TCPBacklogDrop=0 TCPZeroWindowDrop=0 TCPRcvQDrop=0 MemAvailable:4323M SwapFree:1023M Dirty:0M Slab:667M psi_mem=avg60=0.00 psi_cpu=avg60=0.97 load=6.08,6.12,5.43 cpu_u=379468 n=0 s=137633 i=1163092 io=2390 irq=0 sirq=108207
  [diag] progress t=50s delivered=16685792 matched=16993554 events~=348 subscribed=48722 rss_mib=2638 swap_mib=0 fanout_done=false
[sys] 03:43:54 tcp_alloc=98747 tcp_mem_pages=8278 PruneCalled=0 RcvPruned=0 TCPRcvCollapsed=0 TCPAbortOnMemory=0 TCPMemoryPressures=0 TCPMemoryPressuresChrono=0 TCPBacklogDrop=0 TCPZeroWindowDrop=0 TCPRcvQDrop=0 MemAvailable:4320M SwapFree:1023M Dirty:0M Slab:665M psi_mem=avg60=0.00 psi_cpu=avg60=0.98 load=6.39,6.18,5.46 cpu_u=381057 n=0 s=138082 i=1164239 io=2391 irq=0 sirq=108605
[sys] 03:43:59 tcp_alloc=98747 tcp_mem_pages=11354 PruneCalled=0 RcvPruned=0 TCPRcvCollapsed=0 TCPAbortOnMemory=0 TCPMemoryPressures=0 TCPMemoryPressuresChrono=0 TCPBacklogDrop=0 TCPZeroWindowDrop=0 TCPRcvQDrop=0 MemAvailable:4309M SwapFree:1023M Dirty:0M Slab:665M psi_mem=avg60=0.00 psi_cpu=avg60=1.01 load=6.68,6.24,5.48 cpu_u=383001 n=0 s=138420 i=1165207 io=2391 irq=0 sirq=108869
  [diag] progress t=60s delivered=20425303 matched=20842592 events~=427 subscribed=48722 rss_mib=2652 swap_mib=0 fanout_done=false
[sys] 03:44:04 tcp_alloc=98747 tcp_mem_pages=11084 PruneCalled=0 RcvPruned=0 TCPRcvCollapsed=0 TCPAbortOnMemory=0 TCPMemoryPressures=0 TCPMemoryPressuresChrono=0 TCPBacklogDrop=0 TCPZeroWindowDrop=0 TCPRcvQDrop=0 MemAvailable:4321M SwapFree:1023M Dirty:0M Slab:665M psi_mem=avg60=0.00 psi_cpu=avg60=0.98 load=7.03,6.32,5.51 cpu_u=385187 n=0 s=138800 i=1166345 io=2392 irq=0 sirq=109088
[sys] 03:44:09 tcp_alloc=98747 tcp_mem_pages=11575 PruneCalled=0 RcvPruned=0 TCPRcvCollapsed=0 TCPAbortOnMemory=0 TCPMemoryPressures=0 TCPMemoryPressuresChrono=0 TCPBacklogDrop=0 TCPZeroWindowDrop=0 TCPRcvQDrop=0 MemAvailable:4305M SwapFree:1023M Dirty:0M Slab:665M psi_mem=avg60=0.00 psi_cpu=avg60=0.98 load=7.26,6.38,5.53 cpu_u=387313 n=0 s=139146 i=1167552 io=2392 irq=0 sirq=109276
  [diag] progress t=70s delivered=24366847 matched=24642908 events~=505 subscribed=48722 rss_mib=2653 swap_mib=0 fanout_done=false
[sys] 03:44:14 tcp_alloc=98747 tcp_mem_pages=8502 PruneCalled=0 RcvPruned=0 TCPRcvCollapsed=0 TCPAbortOnMemory=0 TCPMemoryPressures=0 TCPMemoryPressuresChrono=0 TCPBacklogDrop=0 TCPZeroWindowDrop=0 TCPRcvQDrop=0 MemAvailable:4314M SwapFree:1023M Dirty:0M Slab:665M psi_mem=avg60=0.00 psi_cpu=avg60=0.94 load=7.48,6.44,5.56 cpu_u=389622 n=0 s=139586 i=1168829 io=2393 irq=0 sirq=109520
[sys] 03:44:20 tcp_alloc=98747 tcp_mem_pages=17206 PruneCalled=0 RcvPruned=0 TCPRcvCollapsed=0 TCPAbortOnMemory=0 TCPMemoryPressures=0 TCPMemoryPressuresChrono=0 TCPBacklogDrop=0 TCPZeroWindowDrop=0 TCPRcvQDrop=0 MemAvailable:4295M SwapFree:1023M Dirty:0M Slab:665M psi_mem=avg60=0.00 psi_cpu=avg60=0.92 load=7.44,6.45,5.57 cpu_u=391749 n=0 s=140004 i=1169977 io=2393 irq=0 sirq=109759
  [diag] progress t=80s delivered=27930415 matched=28199614 events~=578 subscribed=48722 rss_mib=2654 swap_mib=0 fanout_done=false
[sys] 03:44:25 tcp_alloc=98747 tcp_mem_pages=6179 PruneCalled=0 RcvPruned=0 TCPRcvCollapsed=0 TCPAbortOnMemory=0 TCPMemoryPressures=0 TCPMemoryPressuresChrono=0 TCPBacklogDrop=0 TCPZeroWindowDrop=0 TCPRcvQDrop=0 MemAvailable:4334M SwapFree:1023M Dirty:0M Slab:665M psi_mem=avg60=0.00 psi_cpu=avg60=0.92 load=7.65,6.51,5.59 cpu_u=393866 n=0 s=140490 i=1171279 io=2393 irq=0 sirq=110046
[sys] 03:44:30 tcp_alloc=98747 tcp_mem_pages=15138 PruneCalled=0 RcvPruned=0 TCPRcvCollapsed=0 TCPAbortOnMemory=0 TCPMemoryPressures=0 TCPMemoryPressuresChrono=0 TCPBacklogDrop=0 TCPZeroWindowDrop=0 TCPRcvQDrop=0 MemAvailable:4312M SwapFree:1023M Dirty:0M Slab:665M psi_mem=avg60=0.00 psi_cpu=avg60=0.99 load=7.84,6.57,5.61 cpu_u=395486 n=0 s=140850 i=1172107 io=2393 irq=0 sirq=110321
  [diag] progress t=90s delivered=30664463 matched=30928046 events~=634 subscribed=48722 rss_mib=2656 swap_mib=0 fanout_done=false
[sys] 03:44:35 tcp_alloc=98860 tcp_mem_pages=15382 PruneCalled=0 RcvPruned=0 TCPRcvCollapsed=0 TCPAbortOnMemory=0 TCPMemoryPressures=0 TCPMemoryPressuresChrono=0 TCPBacklogDrop=0 TCPZeroWindowDrop=0 TCPRcvQDrop=0 MemAvailable:4304M SwapFree:1023M Dirty:0M Slab:665M psi_mem=avg60=0.00 psi_cpu=avg60=1.55 load=8.01,6.63,5.64 cpu_u=397509 n=0 s=141270 i=1173192 io=2394 irq=0 sirq=110610
[sys] 03:44:40 tcp_alloc=100025 tcp_mem_pages=9735 PruneCalled=0 RcvPruned=0 TCPRcvCollapsed=0 TCPAbortOnMemory=0 TCPMemoryPressures=0 TCPMemoryPressuresChrono=0 TCPBacklogDrop=0 TCPZeroWindowDrop=0 TCPRcvQDrop=0 MemAvailable:4341M SwapFree:1023M Dirty:0M Slab:671M psi_mem=avg60=0.00 psi_cpu=avg60=1.88 load=7.45,6.53,5.61 cpu_u=398761 n=0 s=141794 i=1174327 io=2394 irq=0 sirq=110977
  [diag] progress t=100s delivered=31940999 matched=32269701 events~=645 subscribed=50000 rss_mib=2666 swap_mib=0 fanout_done=false
[sys] 03:44:45 tcp_alloc=100025 tcp_mem_pages=10758 PruneCalled=0 RcvPruned=0 TCPRcvCollapsed=0 TCPAbortOnMemory=0 TCPMemoryPressures=0 TCPMemoryPressuresChrono=0 TCPBacklogDrop=0 TCPZeroWindowDrop=0 TCPRcvQDrop=0 MemAvailable:4292M SwapFree:1023M Dirty:0M Slab:669M psi_mem=avg60=0.00 psi_cpu=avg60=1.89 load=7.57,6.58,5.63 cpu_u=400594 n=0 s=142273 i=1175434 io=2394 irq=0 sirq=111351
[sys] 03:44:50 tcp_alloc=100025 tcp_mem_pages=6406 PruneCalled=0 RcvPruned=0 TCPRcvCollapsed=0 TCPAbortOnMemory=0 TCPMemoryPressures=0 TCPMemoryPressuresChrono=0 TCPBacklogDrop=0 TCPZeroWindowDrop=0 TCPRcvQDrop=0 MemAvailable:4329M SwapFree:1023M Dirty:0M Slab:674M psi_mem=avg60=0.00 psi_cpu=avg60=1.83 load=7.77,6.63,5.66 cpu_u=402150 n=0 s=142675 i=1176860 io=2394 irq=0 sirq=111688
  [diag] progress t=110s delivered=33413241 matched=33469701 events~=669 subscribed=50000 rss_mib=2666 swap_mib=0 fanout_done=false
[sys] 03:44:55 tcp_alloc=100025 tcp_mem_pages=9734 PruneCalled=0 RcvPruned=0 TCPRcvCollapsed=0 TCPAbortOnMemory=0 TCPMemoryPressures=0 TCPMemoryPressuresChrono=0 TCPBacklogDrop=0 TCPZeroWindowDrop=0 TCPRcvQDrop=0 MemAvailable:4323M SwapFree:1023M Dirty:0M Slab:672M psi_mem=avg60=0.00 psi_cpu=avg60=1.88 load=7.47,6.59,5.65 cpu_u=403994 n=0 s=143099 i=1178021 io=2394 irq=0 sirq=112003
[sys] 03:45:00 tcp_alloc=100025 tcp_mem_pages=4101 PruneCalled=0 RcvPruned=0 TCPRcvCollapsed=0 TCPAbortOnMemory=0 TCPMemoryPressures=0 TCPMemoryPressuresChrono=0 TCPBacklogDrop=0 TCPZeroWindowDrop=0 TCPRcvQDrop=0 MemAvailable:4323M SwapFree:1023M Dirty:0M Slab:670M psi_mem=avg60=0.00 psi_cpu=avg60=1.85 load=7.67,6.65,5.67 cpu_u=406218 n=0 s=143567 i=1179311 io=2395 irq=0 sirq=112263
  [diag] progress t=120s delivered=37410313 matched=37569701 events~=751 subscribed=50000 rss_mib=2667 swap_mib=0 fanout_done=false
[sys] 03:45:05 tcp_alloc=100025 tcp_mem_pages=1797 PruneCalled=0 RcvPruned=0 TCPRcvCollapsed=0 TCPAbortOnMemory=0 TCPMemoryPressures=0 TCPMemoryPressuresChrono=0 TCPBacklogDrop=0 TCPZeroWindowDrop=0 TCPRcvQDrop=0 MemAvailable:4332M SwapFree:1023M Dirty:0M Slab:664M psi_mem=avg60=0.00 psi_cpu=avg60=1.80 load=7.86,6.70,5.69 cpu_u=408384 n=0 s=144158 i=1180721 io=2395 irq=0 sirq=112571
[sys] 03:45:10 tcp_alloc=100025 tcp_mem_pages=4357 PruneCalled=0 RcvPruned=0 TCPRcvCollapsed=0 TCPAbortOnMemory=0 TCPMemoryPressures=0 TCPMemoryPressuresChrono=0 TCPBacklogDrop=0 TCPZeroWindowDrop=0 TCPRcvQDrop=0 MemAvailable:4311M SwapFree:1023M Dirty:0M Slab:664M psi_mem=avg60=0.00 psi_cpu=avg60=1.79 load=8.03,6.76,5.72 cpu_u=410416 n=0 s=144719 i=1182122 io=2395 irq=0 sirq=112886
  [diag] progress t=130s delivered=40745763 matched=40919701 events~=818 subscribed=50000 rss_mib=2668 swap_mib=0 fanout_done=false
[sys] 03:45:15 tcp_alloc=100025 tcp_mem_pages=5636 PruneCalled=0 RcvPruned=0 TCPRcvCollapsed=0 TCPAbortOnMemory=0 TCPMemoryPressures=0 TCPMemoryPressuresChrono=0 TCPBacklogDrop=0 TCPZeroWindowDrop=0 TCPRcvQDrop=0 MemAvailable:4311M SwapFree:1023M Dirty:0M Slab:664M psi_mem=avg60=0.00 psi_cpu=avg60=1.74 load=8.19,6.81,5.74 cpu_u=412344 n=0 s=145236 i=1183437 io=2395 irq=0 sirq=113198
[sys] 03:45:20 tcp_alloc=100025 tcp_mem_pages=10244 PruneCalled=0 RcvPruned=0 TCPRcvCollapsed=0 TCPAbortOnMemory=0 TCPMemoryPressures=0 TCPMemoryPressuresChrono=0 TCPBacklogDrop=0 TCPZeroWindowDrop=0 TCPRcvQDrop=0 MemAvailable:4302M SwapFree:1023M Dirty:0M Slab:666M psi_mem=avg60=0.00 psi_cpu=avg60=1.72 load=8.33,6.86,5.76 cpu_u=414174 n=0 s=145707 i=1184721 io=2395 irq=0 sirq=113496
  [diag] progress t=140s delivered=43417884 matched=43669701 events~=873 subscribed=50000 rss_mib=2668 swap_mib=0 fanout_done=false
[sys] 03:45:25 tcp_alloc=100025 tcp_mem_pages=6916 PruneCalled=0 RcvPruned=0 TCPRcvCollapsed=0 TCPAbortOnMemory=0 TCPMemoryPressures=0 TCPMemoryPressuresChrono=0 TCPBacklogDrop=0 TCPZeroWindowDrop=0 TCPRcvQDrop=0 MemAvailable:4315M SwapFree:1023M Dirty:0M Slab:667M psi_mem=avg60=0.00 psi_cpu=avg60=1.65 load=8.47,6.92,5.79 cpu_u=416213 n=0 s=146174 i=1186046 io=2395 irq=0 sirq=113774
[sys] 03:45:30 tcp_alloc=100025 tcp_mem_pages=5637 PruneCalled=0 RcvPruned=0 TCPRcvCollapsed=0 TCPAbortOnMemory=0 TCPMemoryPressures=0 TCPMemoryPressuresChrono=0 TCPBacklogDrop=0 TCPZeroWindowDrop=0 TCPRcvQDrop=0 MemAvailable:4307M SwapFree:1023M Dirty:0M Slab:666M psi_mem=avg60=0.00 psi_cpu=avg60=1.61 load=8.51,6.95,5.80 cpu_u=418055 n=0 s=146659 i=1187246 io=2396 irq=0 sirq=114089
  [diag] progress t=150s delivered=45905151 matched=46219701 events~=924 subscribed=50000 rss_mib=2677 swap_mib=0 fanout_done=false
[sys] 03:45:36 tcp_alloc=100025 tcp_mem_pages=10765 PruneCalled=0 RcvPruned=0 TCPRcvCollapsed=0 TCPAbortOnMemory=0 TCPMemoryPressures=0 TCPMemoryPressuresChrono=0 TCPBacklogDrop=0 TCPZeroWindowDrop=0 TCPRcvQDrop=0 MemAvailable:4291M SwapFree:1023M Dirty:0M Slab:668M psi_mem=avg60=0.00 psi_cpu=avg60=1.58 load=8.55,6.99,5.82 cpu_u=419928 n=0 s=147061 i=1188241 io=2396 irq=0 sirq=114389
[sys] 03:45:41 tcp_alloc=100025 tcp_mem_pages=14099 PruneCalled=0 RcvPruned=0 TCPRcvCollapsed=0 TCPAbortOnMemory=0 TCPMemoryPressures=0 TCPMemoryPressuresChrono=0 TCPBacklogDrop=0 TCPZeroWindowDrop=0 TCPRcvQDrop=0 MemAvailable:4286M SwapFree:1023M Dirty:0M Slab:673M psi_mem=avg60=0.00 psi_cpu=avg60=1.61 load=7.94,6.89,5.79 cpu_u=421708 n=0 s=147472 i=1189411 io=2397 irq=0 sirq=114724
  [diag] progress t=160s delivered=47343587 matched=47519701 events~=950 subscribed=50000 rss_mib=2678 swap_mib=0 fanout_done=false
[sys] 03:45:46 tcp_alloc=100025 tcp_mem_pages=8213 PruneCalled=0 RcvPruned=0 TCPRcvCollapsed=0 TCPAbortOnMemory=0 TCPMemoryPressures=0 TCPMemoryPressuresChrono=0 TCPBacklogDrop=0 TCPZeroWindowDrop=0 TCPRcvQDrop=0 MemAvailable:4300M SwapFree:1023M Dirty:0M Slab:672M psi_mem=avg60=0.00 psi_cpu=avg60=1.58 load=7.71,6.85,5.79 cpu_u=423472 n=0 s=147985 i=1190641 io=2397 irq=0 sirq=115050
[sys] 03:45:51 tcp_alloc=100025 tcp_mem_pages=7445 PruneCalled=0 RcvPruned=0 TCPRcvCollapsed=0 TCPAbortOnMemory=0 TCPMemoryPressures=0 TCPMemoryPressuresChrono=0 TCPBacklogDrop=0 TCPZeroWindowDrop=0 TCPRcvQDrop=0 MemAvailable:4306M SwapFree:1023M Dirty:0M Slab:677M psi_mem=avg60=0.00 psi_cpu=avg60=1.58 load=7.89,6.91,5.81 cpu_u=424983 n=0 s=148456 i=1191744 io=2398 irq=0 sirq=115388
  [diag] progress t=170s delivered=48655886 matched=48869701 events~=977 subscribed=50000 rss_mib=2678 swap_mib=0 fanout_done=false
[sys] 03:45:56 tcp_alloc=100025 tcp_mem_pages=6422 PruneCalled=0 RcvPruned=0 TCPRcvCollapsed=0 TCPAbortOnMemory=0 TCPMemoryPressures=0 TCPMemoryPressuresChrono=0 TCPBacklogDrop=0 TCPZeroWindowDrop=0 TCPRcvQDrop=0 MemAvailable:4295M SwapFree:1023M Dirty:0M Slab:673M psi_mem=avg60=0.00 psi_cpu=avg60=1.58 load=8.06,6.96,5.84 cpu_u=426736 n=0 s=148926 i=1192767 io=2398 irq=0 sirq=115720
[sys] 03:46:01 tcp_alloc=100025 tcp_mem_pages=12565 PruneCalled=0 RcvPruned=0 TCPRcvCollapsed=0 TCPAbortOnMemory=0 TCPMemoryPressures=0 TCPMemoryPressuresChrono=0 TCPBacklogDrop=0 TCPZeroWindowDrop=0 TCPRcvQDrop=0 MemAvailable:4290M SwapFree:1023M Dirty:0M Slab:672M psi_mem=avg60=0.00 psi_cpu=avg60=1.64 load=8.22,7.01,5.86 cpu_u=428445 n=0 s=149340 i=1193958 io=2398 irq=0 sirq=116030
  [diag] progress t=180s delivered=50874248 matched=51369701 events~=1027 subscribed=50000 rss_mib=2678 swap_mib=0 fanout_done=false
[sys] 03:46:06 tcp_alloc=100025 tcp_mem_pages=19988 PruneCalled=0 RcvPruned=0 TCPRcvCollapsed=0 TCPAbortOnMemory=0 TCPMemoryPressures=0 TCPMemoryPressuresChrono=0 TCPBacklogDrop=0 TCPZeroWindowDrop=0 TCPRcvQDrop=0 MemAvailable:4268M SwapFree:1023M Dirty:0M Slab:672M psi_mem=avg60=0.00 psi_cpu=avg60=1.58 load=8.36,7.06,5.88 cpu_u=430164 n=0 s=149694 i=1194894 io=2398 irq=0 sirq=116288
[sys] 03:46:11 tcp_alloc=100025 tcp_mem_pages=16124 PruneCalled=0 RcvPruned=0 TCPRcvCollapsed=0 TCPAbortOnMemory=0 TCPMemoryPressures=0 TCPMemoryPressuresChrono=0 TCPBacklogDrop=0 TCPZeroWindowDrop=0 TCPRcvQDrop=0 MemAvailable:4307M SwapFree:1023M Dirty:0M Slab:672M psi_mem=avg60=0.00 psi_cpu=avg60=1.57 load=8.49,7.11,5.90 cpu_u=431702 n=0 s=150105 i=1196009 io=2398 irq=0 sirq=116646
  [diag] progress t=190s delivered=52211759 matched=52419701 events~=1048 subscribed=50000 rss_mib=2678 swap_mib=0 fanout_done=false
[sys] 03:46:16 tcp_alloc=100025 tcp_mem_pages=9467 PruneCalled=0 RcvPruned=0 TCPRcvCollapsed=0 TCPAbortOnMemory=0 TCPMemoryPressures=0 TCPMemoryPressuresChrono=0 TCPBacklogDrop=0 TCPZeroWindowDrop=0 TCPRcvQDrop=0 MemAvailable:4278M SwapFree:1023M Dirty:0M Slab:675M psi_mem=avg60=0.00 psi_cpu=avg60=1.64 load=8.61,7.16,5.93 cpu_u=433287 n=0 s=150508 i=1197074 io=2398 irq=0 sirq=116969
[sys] 03:46:21 tcp_alloc=100025 tcp_mem_pages=5099 PruneCalled=0 RcvPruned=0 TCPRcvCollapsed=0 TCPAbortOnMemory=0 TCPMemoryPressures=0 TCPMemoryPressuresChrono=0 TCPBacklogDrop=0 TCPZeroWindowDrop=0 TCPRcvQDrop=0 MemAvailable:4314M SwapFree:1023M Dirty:0M Slab:672M psi_mem=avg60=0.00 psi_cpu=avg60=1.63 load=8.72,7.20,5.95 cpu_u=434972 n=0 s=150930 i=1198351 io=2399 irq=0 sirq=117269
  [diag] progress t=200s delivered=54710611 matched=54869701 events~=1097 subscribed=50000 rss_mib=2679 swap_mib=0 fanout_done=false
[sys] 03:46:26 tcp_alloc=100025 tcp_mem_pages=8939 PruneCalled=0 RcvPruned=0 TCPRcvCollapsed=0 TCPAbortOnMemory=0 TCPMemoryPressures=0 TCPMemoryPressuresChrono=0 TCPBacklogDrop=0 TCPZeroWindowDrop=0 TCPRcvQDrop=0 MemAvailable:4307M SwapFree:1023M Dirty:0M Slab:672M psi_mem=avg60=0.00 psi_cpu=avg60=1.63 load=8.67,7.22,5.96 cpu_u=436752 n=0 s=151357 i=1199622 io=2399 irq=0 sirq=117575
[sys] 03:46:31 tcp_alloc=100025 tcp_mem_pages=5867 PruneCalled=0 RcvPruned=0 TCPRcvCollapsed=0 TCPAbortOnMemory=0 TCPMemoryPressures=0 TCPMemoryPressuresChrono=0 TCPBacklogDrop=0 TCPZeroWindowDrop=0 TCPRcvQDrop=0 MemAvailable:4302M SwapFree:1023M Dirty:0M Slab:670M psi_mem=avg60=0.00 psi_cpu=avg60=1.65 load=8.85,7.28,5.99 cpu_u=438745 n=0 s=151900 i=1201094 io=2399 irq=0 sirq=117868
  [diag] progress t=210s delivered=56714856 matched=56919701 events~=1138 subscribed=50000 rss_mib=2680 swap_mib=0 fanout_done=false
[sys] 03:46:36 tcp_alloc=100025 tcp_mem_pages=5856 PruneCalled=0 RcvPruned=0 TCPRcvCollapsed=0 TCPAbortOnMemory=0 TCPMemoryPressures=0 TCPMemoryPressuresChrono=0 TCPBacklogDrop=0 TCPZeroWindowDrop=0 TCPRcvQDrop=0 MemAvailable:4305M SwapFree:1023M Dirty:0M Slab:669M psi_mem=avg60=0.00 psi_cpu=avg60=1.62 load=8.94,7.33,6.01 cpu_u=440502 n=0 s=152374 i=1202283 io=2399 irq=0 sirq=118192
[sys] 03:46:42 tcp_alloc=100025 tcp_mem_pages=3299 PruneCalled=0 RcvPruned=0 TCPRcvCollapsed=0 TCPAbortOnMemory=0 TCPMemoryPressures=0 TCPMemoryPressuresChrono=0 TCPBacklogDrop=0 TCPZeroWindowDrop=0 TCPRcvQDrop=0 MemAvailable:4309M SwapFree:1023M Dirty:0M Slab:666M psi_mem=avg60=0.00 psi_cpu=avg60=1.59 load=9.03,7.37,6.03 cpu_u=442583 n=0 s=152849 i=1203725 io=2400 irq=0 sirq=118463
  [diag] progress t=220s delivered=59948139 matched=60169701 events~=1203 subscribed=50000 rss_mib=2681 swap_mib=0 fanout_done=false
[sys] 03:46:47 tcp_alloc=100025 tcp_mem_pages=5347 PruneCalled=0 RcvPruned=0 TCPRcvCollapsed=0 TCPAbortOnMemory=0 TCPMemoryPressures=0 TCPMemoryPressuresChrono=0 TCPBacklogDrop=0 TCPZeroWindowDrop=0 TCPRcvQDrop=0 MemAvailable:4306M SwapFree:1023M Dirty:0M Slab:664M psi_mem=avg60=0.00 psi_cpu=avg60=1.55 load=9.11,7.41,6.05 cpu_u=444439 n=0 s=153378 i=1205086 io=2400 irq=0 sirq=118801
[sys] 03:46:52 tcp_alloc=100025 tcp_mem_pages=14819 PruneCalled=0 RcvPruned=0 TCPRcvCollapsed=0 TCPAbortOnMemory=0 TCPMemoryPressures=0 TCPMemoryPressuresChrono=0 TCPBacklogDrop=0 TCPZeroWindowDrop=0 TCPRcvQDrop=0 MemAvailable:4297M SwapFree:1023M Dirty:0M Slab:672M psi_mem=avg60=0.00 psi_cpu=avg60=1.50 load=9.02,7.42,6.06 cpu_u=446019 n=0 s=153854 i=1206528 io=2400 irq=0 sirq=119105
  [diag] progress t=230s delivered=61980494 matched=62219701 events~=1244 subscribed=50000 rss_mib=2681 swap_mib=0 fanout_done=false
[sys] 03:46:57 tcp_alloc=100025 tcp_mem_pages=1510 PruneCalled=0 RcvPruned=0 TCPRcvCollapsed=0 TCPAbortOnMemory=0 TCPMemoryPressures=0 TCPMemoryPressuresChrono=0 TCPBacklogDrop=0 TCPZeroWindowDrop=0 TCPRcvQDrop=0 MemAvailable:4297M SwapFree:1023M Dirty:0M Slab:665M psi_mem=avg60=0.00 psi_cpu=avg60=1.47 load=9.18,7.48,6.09 cpu_u=447846 n=0 s=154318 i=1208096 io=2400 irq=0 sirq=119404
[sys] 03:47:02 tcp_alloc=100025 tcp_mem_pages=15846 PruneCalled=0 RcvPruned=0 TCPRcvCollapsed=0 TCPAbortOnMemory=0 TCPMemoryPressures=0 TCPMemoryPressuresChrono=0 TCPBacklogDrop=0 TCPZeroWindowDrop=0 TCPRcvQDrop=0 MemAvailable:4289M SwapFree:1023M Dirty:0M Slab:674M psi_mem=avg60=0.00 psi_cpu=avg60=1.45 load=9.24,7.53,6.11 cpu_u=449316 n=0 s=154741 i=1209088 io=2400 irq=0 sirq=119753
  [diag] progress t=240s delivered=64499946 matched=64669701 events~=1293 subscribed=50000 rss_mib=2681 swap_mib=0 fanout_done=false
[sys] 03:47:07 tcp_alloc=100025 tcp_mem_pages=6118 PruneCalled=0 RcvPruned=0 TCPRcvCollapsed=0 TCPAbortOnMemory=0 TCPMemoryPressures=0 TCPMemoryPressuresChrono=0 TCPBacklogDrop=0 TCPZeroWindowDrop=0 TCPRcvQDrop=0 MemAvailable:4291M SwapFree:1023M Dirty:0M Slab:668M psi_mem=avg60=0.00 psi_cpu=avg60=1.46 load=9.30,7.57,6.13 cpu_u=451187 n=0 s=155217 i=1210454 io=2400 irq=0 sirq=120056
[sys] 03:47:12 tcp_alloc=100025 tcp_mem_pages=3051 PruneCalled=0 RcvPruned=0 TCPRcvCollapsed=0 TCPAbortOnMemory=0 TCPMemoryPressures=0 TCPMemoryPressuresChrono=0 TCPBacklogDrop=0 TCPZeroWindowDrop=0 TCPRcvQDrop=0 MemAvailable:4294M SwapFree:1023M Dirty:0M Slab:666M psi_mem=avg60=0.00 psi_cpu=avg60=1.48 load=9.12,7.56,6.14 cpu_u=452950 n=0 s=155695 i=1211765 io=2401 irq=0 sirq=120369
  [diag] progress t=250s delivered=67978966 matched=68119701 events~=1362 subscribed=50000 rss_mib=2681 swap_mib=0 fanout_done=false
[sys] 03:47:17 tcp_alloc=100025 tcp_mem_pages=2279 PruneCalled=0 RcvPruned=0 TCPRcvCollapsed=0 TCPAbortOnMemory=0 TCPMemoryPressures=0 TCPMemoryPressuresChrono=0 TCPBacklogDrop=0 TCPZeroWindowDrop=0 TCPRcvQDrop=0 MemAvailable:4297M SwapFree:1023M Dirty:0M Slab:661M psi_mem=avg60=0.00 psi_cpu=avg60=1.44 load=8.71,7.50,6.12 cpu_u=454865 n=0 s=156310 i=1213223 io=2401 irq=0 sirq=120770
[sys] 03:47:22 tcp_alloc=100025 tcp_mem_pages=5607 PruneCalled=0 RcvPruned=0 TCPRcvCollapsed=0 TCPAbortOnMemory=0 TCPMemoryPressures=0 TCPMemoryPressuresChrono=0 TCPBacklogDrop=0 TCPZeroWindowDrop=0 TCPRcvQDrop=0 MemAvailable:4299M SwapFree:1023M Dirty:0M Slab:664M psi_mem=avg60=0.00 psi_cpu=avg60=1.40 load=8.81,7.54,6.15 cpu_u=456633 n=0 s=156963 i=1214610 io=2402 irq=0 sirq=121251
  [diag] progress t=260s delivered=71985140 matched=72119701 events~=1442 subscribed=50000 rss_mib=2682 swap_mib=0 fanout_done=false
[sys] 03:47:27 tcp_alloc=100025 tcp_mem_pages=6872 PruneCalled=0 RcvPruned=0 TCPRcvCollapsed=0 TCPAbortOnMemory=0 TCPMemoryPressures=0 TCPMemoryPressuresChrono=0 TCPBacklogDrop=0 TCPZeroWindowDrop=0 TCPRcvQDrop=0 MemAvailable:4292M SwapFree:1023M Dirty:0M Slab:668M psi_mem=avg60=0.00 psi_cpu=avg60=1.41 load=8.91,7.58,6.17 cpu_u=458346 n=0 s=157451 i=1215942 io=2402 irq=0 sirq=121575
[sys] 03:47:32 tcp_alloc=100025 tcp_mem_pages=6616 PruneCalled=0 RcvPruned=0 TCPRcvCollapsed=0 TCPAbortOnMemory=0 TCPMemoryPressures=0 TCPMemoryPressuresChrono=0 TCPBacklogDrop=0 TCPZeroWindowDrop=0 TCPRcvQDrop=0 MemAvailable:4285M SwapFree:1023M Dirty:0M Slab:665M psi_mem=avg60=0.00 psi_cpu=avg60=1.46 load=9.00,7.62,6.19 cpu_u=460047 n=0 s=157869 i=1217227 io=2402 irq=0 sirq=121842
  [diag] progress t=270s delivered=75008907 matched=75319701 events~=1506 subscribed=50000 rss_mib=2683 swap_mib=0 fanout_done=false
[sys] 03:47:37 tcp_alloc=100025 tcp_mem_pages=4053 PruneCalled=0 RcvPruned=0 TCPRcvCollapsed=0 TCPAbortOnMemory=0 TCPMemoryPressures=0 TCPMemoryPressuresChrono=0 TCPBacklogDrop=0 TCPZeroWindowDrop=0 TCPRcvQDrop=0 MemAvailable:4282M SwapFree:1023M Dirty:0M Slab:664M psi_mem=avg60=0.00 psi_cpu=avg60=1.40 load=9.08,7.66,6.21 cpu_u=461944 n=0 s=158335 i=1218512 io=2402 irq=0 sirq=122127
[sys] 03:47:42 tcp_alloc=100025 tcp_mem_pages=4565 PruneCalled=0 RcvPruned=0 TCPRcvCollapsed=0 TCPAbortOnMemory=0 TCPMemoryPressures=0 TCPMemoryPressuresChrono=0 TCPBacklogDrop=0 TCPZeroWindowDrop=0 TCPRcvQDrop=0 MemAvailable:4293M SwapFree:1023M Dirty:0M Slab:664M psi_mem=avg60=0.00 psi_cpu=avg60=1.39 load=9.15,7.70,6.23 cpu_u=463705 n=0 s=158873 i=1219949 io=2402 irq=0 sirq=122423
  [diag] progress t=280s delivered=78362199 matched=78619701 events~=1572 subscribed=50000 rss_mib=2683 swap_mib=0 fanout_done=false
[sys] 03:47:47 tcp_alloc=100025 tcp_mem_pages=8149 PruneCalled=0 RcvPruned=0 TCPRcvCollapsed=0 TCPAbortOnMemory=0 TCPMemoryPressures=0 TCPMemoryPressuresChrono=0 TCPBacklogDrop=0 TCPZeroWindowDrop=0 TCPRcvQDrop=0 MemAvailable:4290M SwapFree:1023M Dirty:0M Slab:664M psi_mem=avg60=0.00 psi_cpu=avg60=1.39 load=8.74,7.64,6.22 cpu_u=465457 n=0 s=159372 i=1221220 io=2402 irq=0 sirq=122763
[sys] 03:47:52 tcp_alloc=100025 tcp_mem_pages=7380 PruneCalled=0 RcvPruned=0 TCPRcvCollapsed=0 TCPAbortOnMemory=0 TCPMemoryPressures=0 TCPMemoryPressuresChrono=0 TCPBacklogDrop=0 TCPZeroWindowDrop=0 TCPRcvQDrop=0 MemAvailable:4298M SwapFree:1023M Dirty:0M Slab:663M psi_mem=avg60=0.00 psi_cpu=avg60=1.39 load=8.04,7.51,6.18 cpu_u=467253 n=0 s=159937 i=1222552 io=2404 irq=0 sirq=123113
  [diag] progress t=290s delivered=81469674 matched=81619701 events~=1632 subscribed=50000 rss_mib=2684 swap_mib=0 fanout_done=false
[sys] 03:47:58 tcp_alloc=100025 tcp_mem_pages=2753 PruneCalled=0 RcvPruned=0 TCPRcvCollapsed=0 TCPAbortOnMemory=0 TCPMemoryPressures=0 TCPMemoryPressuresChrono=0 TCPBacklogDrop=0 TCPZeroWindowDrop=0 TCPRcvQDrop=0 MemAvailable:4297M SwapFree:1023M Dirty:0M Slab:663M psi_mem=avg60=0.00 psi_cpu=avg60=1.45 load=8.20,7.55,6.20 cpu_u=469232 n=0 s=160484 i=1224117 io=2404 irq=0 sirq=123451
[sys] 03:48:03 tcp_alloc=100025 tcp_mem_pages=3011 PruneCalled=0 RcvPruned=0 TCPRcvCollapsed=0 TCPAbortOnMemory=0 TCPMemoryPressures=0 TCPMemoryPressuresChrono=0 TCPBacklogDrop=0 TCPZeroWindowDrop=0 TCPRcvQDrop=0 MemAvailable:4300M SwapFree:1023M Dirty:0M Slab:663M psi_mem=avg60=0.00 psi_cpu=avg60=1.42 load=8.34,7.59,6.22 cpu_u=471118 n=0 s=161046 i=1225658 io=2405 irq=0 sirq=123793
  [diag] progress t=300s delivered=85749880 matched=85869701 events~=1717 subscribed=50000 rss_mib=2685 swap_mib=0 fanout_done=false
[sys] 03:48:08 tcp_alloc=100025 tcp_mem_pages=3250 PruneCalled=0 RcvPruned=0 TCPRcvCollapsed=0 TCPAbortOnMemory=0 TCPMemoryPressures=0 TCPMemoryPressuresChrono=0 TCPBacklogDrop=0 TCPZeroWindowDrop=0 TCPRcvQDrop=0 MemAvailable:4299M SwapFree:1023M Dirty:0M Slab:662M psi_mem=avg60=0.00 psi_cpu=avg60=1.31 load=8.47,7.63,6.24 cpu_u=473049 n=0 s=161602 i=1227190 io=2405 irq=0 sirq=124141
[sys] 03:48:13 tcp_alloc=100025 tcp_mem_pages=2744 PruneCalled=0 RcvPruned=0 TCPRcvCollapsed=0 TCPAbortOnMemory=0 TCPMemoryPressures=0 TCPMemoryPressuresChrono=0 TCPBacklogDrop=0 TCPZeroWindowDrop=0 TCPRcvQDrop=0 MemAvailable:4309M SwapFree:1023M Dirty:0M Slab:661M psi_mem=avg60=0.00 psi_cpu=avg60=1.29 load=8.60,7.67,6.27 cpu_u=474846 n=0 s=162169 i=1228645 io=2406 irq=0 sirq=124518
  [diag] progress t=310s delivered=90029168 matched=90169701 events~=1803 subscribed=50000 rss_mib=2686 swap_mib=0 fanout_done=false
[sys] 03:48:18 tcp_alloc=100025 tcp_mem_pages=6584 PruneCalled=0 RcvPruned=0 TCPRcvCollapsed=0 TCPAbortOnMemory=0 TCPMemoryPressures=0 TCPMemoryPressuresChrono=0 TCPBacklogDrop=0 TCPZeroWindowDrop=0 TCPRcvQDrop=0 MemAvailable:4294M SwapFree:1023M Dirty:0M Slab:663M psi_mem=avg60=0.00 psi_cpu=avg60=1.29 load=8.47,7.66,6.27 cpu_u=476617 n=0 s=162611 i=1230175 io=2406 irq=0 sirq=124790
[sys] 03:48:23 tcp_alloc=100025 tcp_mem_pages=2746 PruneCalled=0 RcvPruned=0 TCPRcvCollapsed=0 TCPAbortOnMemory=0 TCPMemoryPressures=0 TCPMemoryPressuresChrono=0 TCPBacklogDrop=0 TCPZeroWindowDrop=0 TCPRcvQDrop=0 MemAvailable:4291M SwapFree:1023M Dirty:0M Slab:663M psi_mem=avg60=0.00 psi_cpu=avg60=1.34 load=8.19,7.62,6.26 cpu_u=478505 n=0 s=163115 i=1231474 io=2406 irq=0 sirq=125074
  [diag] progress t=320s delivered=93062818 matched=93219701 events~=1864 subscribed=50000 rss_mib=2687 swap_mib=0 fanout_done=false
[sys] 03:48:28 tcp_alloc=100025 tcp_mem_pages=1465 PruneCalled=0 RcvPruned=0 TCPRcvCollapsed=0 TCPAbortOnMemory=0 TCPMemoryPressures=0 TCPMemoryPressuresChrono=0 TCPBacklogDrop=0 TCPZeroWindowDrop=0 TCPRcvQDrop=0 MemAvailable:4289M SwapFree:1023M Dirty:0M Slab:662M psi_mem=avg60=0.00 psi_cpu=avg60=1.27 load=8.33,7.66,6.28 cpu_u=480308 n=0 s=163603 i=1232726 io=2406 irq=0 sirq=125356
[sys] 03:48:33 tcp_alloc=100025 tcp_mem_pages=2751 PruneCalled=0 RcvPruned=0 TCPRcvCollapsed=0 TCPAbortOnMemory=0 TCPMemoryPressures=0 TCPMemoryPressuresChrono=0 TCPBacklogDrop=0 TCPZeroWindowDrop=0 TCPRcvQDrop=0 MemAvailable:4286M SwapFree:1023M Dirty:0M Slab:666M psi_mem=avg60=0.00 psi_cpu=avg60=1.29 load=8.47,7.70,6.30 cpu_u=482198 n=0 s=164127 i=1234009 io=2407 irq=0 sirq=125650
  [diag] progress t=330s delivered=96325340 matched=96519701 events~=1930 subscribed=50000 rss_mib=2687 swap_mib=0 fanout_done=false
[sys] 03:48:38 tcp_alloc=100025 tcp_mem_pages=3516 PruneCalled=0 RcvPruned=0 TCPRcvCollapsed=0 TCPAbortOnMemory=0 TCPMemoryPressures=0 TCPMemoryPressuresChrono=0 TCPBacklogDrop=0 TCPZeroWindowDrop=0 TCPRcvQDrop=0 MemAvailable:4285M SwapFree:1023M Dirty:0M Slab:663M psi_mem=avg60=0.00 psi_cpu=avg60=1.26 load=8.51,7.72,6.32 cpu_u=484052 n=0 s=164715 i=1235510 io=2407 irq=0 sirq=126023
[sys] 03:48:43 tcp_alloc=100025 tcp_mem_pages=5820 PruneCalled=0 RcvPruned=0 TCPRcvCollapsed=0 TCPAbortOnMemory=0 TCPMemoryPressures=0 TCPMemoryPressuresChrono=0 TCPBacklogDrop=0 TCPZeroWindowDrop=0 TCPRcvQDrop=0 MemAvailable:4293M SwapFree:1023M Dirty:0M Slab:669M psi_mem=avg60=0.00 psi_cpu=avg60=1.37 load=7.99,7.62,6.29 cpu_u=485658 n=0 s=165187 i=1236590 io=2407 irq=0 sirq=126364
  [diag] progress t=340s delivered=98755651 matched=99119701 events~=1982 subscribed=50000 rss_mib=2688 swap_mib=0 fanout_done=false
[sys] 03:48:48 tcp_alloc=100025 tcp_mem_pages=8635 PruneCalled=0 RcvPruned=0 TCPRcvCollapsed=0 TCPAbortOnMemory=0 TCPMemoryPressures=0 TCPMemoryPressuresChrono=0 TCPBacklogDrop=0 TCPZeroWindowDrop=0 TCPRcvQDrop=0 MemAvailable:4258M SwapFree:1023M Dirty:0M Slab:671M psi_mem=avg60=0.00 psi_cpu=avg60=1.40 load=7.75,7.58,6.29 cpu_u=487258 n=0 s=165573 i=1237566 io=2408 irq=0 sirq=126632
[sys] 03:48:53 tcp_alloc=100025 tcp_mem_pages=5048 PruneCalled=0 RcvPruned=0 TCPRcvCollapsed=0 TCPAbortOnMemory=0 TCPMemoryPressures=0 TCPMemoryPressuresChrono=0 TCPBacklogDrop=0 TCPZeroWindowDrop=0 TCPRcvQDrop=0 MemAvailable:4275M SwapFree:1023M Dirty:0M Slab:668M psi_mem=avg60=0.00 psi_cpu=avg60=1.41 load=8.01,7.64,6.31 cpu_u=488909 n=0 s=166025 i=1238715 io=2408 irq=0 sirq=126923
  [diag] progress t=350s delivered=101276117 matched=101419701 events~=2028 subscribed=50000 rss_mib=2688 swap_mib=0 fanout_done=false
[sys] 03:48:58 tcp_alloc=100025 tcp_mem_pages=3256 PruneCalled=0 RcvPruned=0 TCPRcvCollapsed=0 TCPAbortOnMemory=0 TCPMemoryPressures=0 TCPMemoryPressuresChrono=0 TCPBacklogDrop=0 TCPZeroWindowDrop=0 TCPRcvQDrop=0 MemAvailable:4273M SwapFree:1023M Dirty:0M Slab:664M psi_mem=avg60=0.00 psi_cpu=avg60=1.43 load=8.17,7.68,6.33 cpu_u=490692 n=0 s=166473 i=1239965 io=2408 irq=0 sirq=127224
[sys] 03:49:03 tcp_alloc=100025 tcp_mem_pages=2488 PruneCalled=0 RcvPruned=0 TCPRcvCollapsed=0 TCPAbortOnMemory=0 TCPMemoryPressures=0 TCPMemoryPressuresChrono=0 TCPBacklogDrop=0 TCPZeroWindowDrop=0 TCPRcvQDrop=0 MemAvailable:4282M SwapFree:1023M Dirty:0M Slab:662M psi_mem=avg60=0.00 psi_cpu=avg60=1.39 load=8.32,7.72,6.35 cpu_u=492685 n=0 s=167007 i=1241535 io=2409 irq=0 sirq=127553
  [diag] progress t=360s delivered=105910594 matched=106069701 events~=2121 subscribed=50000 rss_mib=2689 swap_mib=0 fanout_done=false
[sys] 03:49:08 tcp_alloc=100025 tcp_mem_pages=3521 PruneCalled=0 RcvPruned=0 TCPRcvCollapsed=0 TCPAbortOnMemory=0 TCPMemoryPressures=0 TCPMemoryPressuresChrono=0 TCPBacklogDrop=0 TCPZeroWindowDrop=0 TCPRcvQDrop=0 MemAvailable:4280M SwapFree:1023M Dirty:0M Slab:661M psi_mem=avg60=0.00 psi_cpu=avg60=1.33 load=8.45,7.75,6.37 cpu_u=494522 n=0 s=167552 i=1243048 io=2409 irq=0 sirq=127933
[sys] 03:49:13 tcp_alloc=100025 tcp_mem_pages=2241 PruneCalled=0 RcvPruned=0 TCPRcvCollapsed=0 TCPAbortOnMemory=0 TCPMemoryPressures=0 TCPMemoryPressuresChrono=0 TCPBacklogDrop=0 TCPZeroWindowDrop=0 TCPRcvQDrop=0 MemAvailable:4278M SwapFree:1023M Dirty:0M Slab:661M psi_mem=avg60=0.00 psi_cpu=avg60=1.33 load=8.58,7.79,6.39 cpu_u=496251 n=0 s=168153 i=1244482 io=2409 irq=0 sirq=128385
  [diag] progress t=370s delivered=110077879 matched=110119701 events~=2202 subscribed=50000 rss_mib=2690 swap_mib=0 fanout_done=false
[sys] 03:49:19 tcp_alloc=100025 tcp_mem_pages=2999 PruneCalled=0 RcvPruned=0 TCPRcvCollapsed=0 TCPAbortOnMemory=0 TCPMemoryPressures=0 TCPMemoryPressuresChrono=0 TCPBacklogDrop=0 TCPZeroWindowDrop=0 TCPRcvQDrop=0 MemAvailable:4277M SwapFree:1023M Dirty:0M Slab:663M psi_mem=avg60=0.00 psi_cpu=avg60=1.37 load=8.69,7.83,6.41 cpu_u=497788 n=0 s=168616 i=1245678 io=2409 irq=0 sirq=128723
[sys] 03:49:24 tcp_alloc=100025 tcp_mem_pages=2490 PruneCalled=0 RcvPruned=0 TCPRcvCollapsed=0 TCPAbortOnMemory=0 TCPMemoryPressures=0 TCPMemoryPressuresChrono=0 TCPBacklogDrop=0 TCPZeroWindowDrop=0 TCPRcvQDrop=0 MemAvailable:4280M SwapFree:1023M Dirty:0M Slab:661M psi_mem=avg60=0.00 psi_cpu=avg60=1.33 load=8.80,7.86,6.43 cpu_u=499715 n=0 s=169290 i=1247048 io=2410 irq=0 sirq=129144
  [diag] progress t=380s delivered=114018970 matched=114169701 events~=2283 subscribed=50000 rss_mib=2691 swap_mib=0 fanout_done=false
[sys] 03:49:29 tcp_alloc=100025 tcp_mem_pages=1722 PruneCalled=0 RcvPruned=0 TCPRcvCollapsed=0 TCPAbortOnMemory=0 TCPMemoryPressures=0 TCPMemoryPressuresChrono=0 TCPBacklogDrop=0 TCPZeroWindowDrop=0 TCPRcvQDrop=0 MemAvailable:4278M SwapFree:1023M Dirty:0M Slab:661M psi_mem=avg60=0.00 psi_cpu=avg60=1.37 load=8.89,7.90,6.45 cpu_u=501532 n=0 s=169812 i=1248392 io=2410 irq=0 sirq=129499
[sys] 03:49:34 tcp_alloc=100025 tcp_mem_pages=2726 PruneCalled=0 RcvPruned=0 TCPRcvCollapsed=0 TCPAbortOnMemory=0 TCPMemoryPressures=0 TCPMemoryPressuresChrono=0 TCPBacklogDrop=0 TCPZeroWindowDrop=0 TCPRcvQDrop=0 MemAvailable:4282M SwapFree:1023M Dirty:0M Slab:660M psi_mem=avg60=0.00 psi_cpu=avg60=1.47 load=9.30,8.02,6.51 cpu_u=503270 n=0 s=170459 i=1249562 io=2410 irq=0 sirq=129939
  [diag] progress t=390s delivered=118757521 matched=118869701 events~=2377 subscribed=50000 rss_mib=2692 swap_mib=0 fanout_done=false
[sys] 03:49:39 tcp_alloc=100025 tcp_mem_pages=2469 PruneCalled=0 RcvPruned=0 TCPRcvCollapsed=0 TCPAbortOnMemory=0 TCPMemoryPressures=0 TCPMemoryPressuresChrono=0 TCPBacklogDrop=0 TCPZeroWindowDrop=0 TCPRcvQDrop=0 MemAvailable:4278M SwapFree:1023M Dirty:0M Slab:660M psi_mem=avg60=0.00 psi_cpu=avg60=1.50 load=9.36,8.05,6.52 cpu_u=504917 n=0 s=170960 i=1250861 io=2411 irq=0 sirq=130291
[sys] 03:49:44 tcp_alloc=100025 tcp_mem_pages=1957 PruneCalled=0 RcvPruned=0 TCPRcvCollapsed=0 TCPAbortOnMemory=0 TCPMemoryPressures=0 TCPMemoryPressuresChrono=0 TCPBacklogDrop=0 TCPZeroWindowDrop=0 TCPRcvQDrop=0 MemAvailable:4275M SwapFree:1023M Dirty:0M Slab:661M psi_mem=avg60=0.00 psi_cpu=avg60=1.52 load=9.41,8.09,6.54 cpu_u=506788 n=0 s=171464 i=1252247 io=2412 irq=0 sirq=130606
  [diag] progress t=400s delivered=122350305 matched=122519701 events~=2450 subscribed=50000 rss_mib=2693 swap_mib=0 fanout_done=false
[sys] 03:49:49 tcp_alloc=100025 tcp_mem_pages=8340 PruneCalled=0 RcvPruned=0 TCPRcvCollapsed=0 TCPAbortOnMemory=0 TCPMemoryPressures=0 TCPMemoryPressuresChrono=0 TCPBacklogDrop=0 TCPZeroWindowDrop=0 TCPRcvQDrop=0 MemAvailable:4269M SwapFree:1023M Dirty:0M Slab:666M psi_mem=avg60=0.00 psi_cpu=avg60=1.48 load=9.46,8.12,6.56 cpu_u=508561 n=0 s=171932 i=1253580 io=2412 irq=0 sirq=130903
[sys] 03:49:54 tcp_alloc=100025 tcp_mem_pages=4244 PruneCalled=0 RcvPruned=0 TCPRcvCollapsed=0 TCPAbortOnMemory=0 TCPMemoryPressures=0 TCPMemoryPressuresChrono=0 TCPBacklogDrop=0 TCPZeroWindowDrop=0 TCPRcvQDrop=0 MemAvailable:4269M SwapFree:1023M Dirty:0M Slab:664M psi_mem=avg60=0.00 psi_cpu=avg60=1.44 load=9.50,8.15,6.58 cpu_u=510115 n=0 s=172358 i=1254845 io=2413 irq=0 sirq=131207
  [diag] progress t=410s delivered=125096590 matched=125269701 events~=2505 subscribed=50000 rss_mib=2693 swap_mib=0 fanout_done=false
[sys] 03:49:59 tcp_alloc=100025 tcp_mem_pages=1660 PruneCalled=0 RcvPruned=0 TCPRcvCollapsed=0 TCPAbortOnMemory=0 TCPMemoryPressures=0 TCPMemoryPressuresChrono=0 TCPBacklogDrop=0 TCPZeroWindowDrop=0 TCPRcvQDrop=0 MemAvailable:4268M SwapFree:1023M Dirty:0M Slab:662M psi_mem=avg60=0.00 psi_cpu=avg60=1.44 load=9.54,8.18,6.60 cpu_u=512047 n=0 s=172910 i=1256170 io=2413 irq=0 sirq=131589
[sys] 03:50:04 tcp_alloc=100025 tcp_mem_pages=2417 PruneCalled=0 RcvPruned=0 TCPRcvCollapsed=0 TCPAbortOnMemory=0 TCPMemoryPressures=0 TCPMemoryPressuresChrono=0 TCPBacklogDrop=0 TCPZeroWindowDrop=0 TCPRcvQDrop=0 MemAvailable:4268M SwapFree:1023M Dirty:0M Slab:661M psi_mem=avg60=0.00 psi_cpu=avg60=1.37 load=8.86,8.06,6.57 cpu_u=513880 n=0 s=173469 i=1257216 io=2413 irq=0 sirq=131947
  [diag] progress t=420s delivered=129719699 matched=130019701 events~=2600 subscribed=50000 rss_mib=2695 swap_mib=0 fanout_done=false
[sys] 03:50:09 tcp_alloc=100025 tcp_mem_pages=2416 PruneCalled=0 RcvPruned=0 TCPRcvCollapsed=0 TCPAbortOnMemory=0 TCPMemoryPressures=0 TCPMemoryPressuresChrono=0 TCPBacklogDrop=0 TCPZeroWindowDrop=0 TCPRcvQDrop=0 MemAvailable:4260M SwapFree:1023M Dirty:0M Slab:661M psi_mem=avg60=0.00 psi_cpu=avg60=1.31 load=8.95,8.09,6.59 cpu_u=515728 n=0 s=174028 i=1258284 io=2413 irq=0 sirq=132300
[sys] 03:50:14 tcp_alloc=100025 tcp_mem_pages=1651 PruneCalled=0 RcvPruned=0 TCPRcvCollapsed=0 TCPAbortOnMemory=0 TCPMemoryPressures=0 TCPMemoryPressuresChrono=0 TCPBacklogDrop=0 TCPZeroWindowDrop=0 TCPRcvQDrop=0 MemAvailable:4262M SwapFree:1023M Dirty:0M Slab:660M psi_mem=avg60=0.00 psi_cpu=avg60=1.28 load=9.03,8.12,6.61 cpu_u=517848 n=0 s=174612 i=1259632 io=2413 irq=0 sirq=132641
  [diag] progress t=430s delivered=134980303 matched=135119701 events~=2702 subscribed=50000 rss_mib=2695 swap_mib=0 fanout_done=false
[sys] 03:50:19 tcp_alloc=100025 tcp_mem_pages=9337 PruneCalled=0 RcvPruned=0 TCPRcvCollapsed=0 TCPAbortOnMemory=0 TCPMemoryPressures=0 TCPMemoryPressuresChrono=0 TCPBacklogDrop=0 TCPZeroWindowDrop=0 TCPRcvQDrop=0 MemAvailable:4260M SwapFree:1023M Dirty:0M Slab:664M psi_mem=avg60=0.00 psi_cpu=avg60=1.26 load=9.11,8.16,6.62 cpu_u=519758 n=0 s=175163 i=1260865 io=2413 irq=0 sirq=133027
[sys] 03:50:24 tcp_alloc=100025 tcp_mem_pages=3450 PruneCalled=0 RcvPruned=0 TCPRcvCollapsed=0 TCPAbortOnMemory=0 TCPMemoryPressures=0 TCPMemoryPressuresChrono=0 TCPBacklogDrop=0 TCPZeroWindowDrop=0 TCPRcvQDrop=0 MemAvailable:4262M SwapFree:1023M Dirty:0M Slab:661M psi_mem=avg60=0.00 psi_cpu=avg60=1.26 load=9.26,8.20,6.65 cpu_u=521578 n=0 s=175785 i=1262097 io=2414 irq=0 sirq=133469
  [diag] progress t=440s delivered=139402857 matched=139469701 events~=2789 subscribed=50000 rss_mib=2697 swap_mib=0 fanout_done=false
[sys] 03:50:29 tcp_alloc=100025 tcp_mem_pages=4218 PruneCalled=0 RcvPruned=0 TCPRcvCollapsed=0 TCPAbortOnMemory=0 TCPMemoryPressures=0 TCPMemoryPressuresChrono=0 TCPBacklogDrop=0 TCPZeroWindowDrop=0 TCPRcvQDrop=0 MemAvailable:4250M SwapFree:1023M Dirty:0M Slab:665M psi_mem=avg60=0.00 psi_cpu=avg60=1.28 load=9.32,8.23,6.67 cpu_u=523373 n=0 s=176264 i=1263058 io=2414 irq=0 sirq=133800
  [diag] progress t=450s delivered=142193651 matched=142369701 events~=2847 subscribed=50000 rss_mib=2697 swap_mib=0 fanout_done=false
[sys] 03:50:34 tcp_alloc=100025 tcp_mem_pages=6266 PruneCalled=0 RcvPruned=0 TCPRcvCollapsed=0 TCPAbortOnMemory=0 TCPMemoryPressures=0 TCPMemoryPressuresChrono=0 TCPBacklogDrop=0 TCPZeroWindowDrop=0 TCPRcvQDrop=0 MemAvailable:4252M SwapFree:1023M Dirty:0M Slab:665M psi_mem=avg60=0.00 psi_cpu=avg60=1.38 load=9.22,8.23,6.67 cpu_u=525092 n=0 s=176725 i=1264298 io=2415 irq=0 sirq=134085
[sys] 03:50:39 tcp_alloc=100025 tcp_mem_pages=1914 PruneCalled=0 RcvPruned=0 TCPRcvCollapsed=0 TCPAbortOnMemory=0 TCPMemoryPressures=0 TCPMemoryPressuresChrono=0 TCPBacklogDrop=0 TCPZeroWindowDrop=0 TCPRcvQDrop=0 MemAvailable:4255M SwapFree:1023M Dirty:0M Slab:663M psi_mem=avg60=0.00 psi_cpu=avg60=1.42 load=9.28,8.26,6.69 cpu_u=526847 n=0 s=177199 i=1265657 io=2415 irq=0 sirq=134399
  [diag] progress t=460s delivered=146420222 matched=146569701 events~=2931 subscribed=50000 rss_mib=2697 swap_mib=0 fanout_done=false
[sys] 03:50:44 tcp_alloc=100025 tcp_mem_pages=3697 PruneCalled=0 RcvPruned=0 TCPRcvCollapsed=0 TCPAbortOnMemory=0 TCPMemoryPressures=0 TCPMemoryPressuresChrono=0 TCPBacklogDrop=0 TCPZeroWindowDrop=0 TCPRcvQDrop=0 MemAvailable:4254M SwapFree:1023M Dirty:0M Slab:662M psi_mem=avg60=0.00 psi_cpu=avg60=1.35 load=9.34,8.29,6.71 cpu_u=528606 n=0 s=177711 i=1266919 io=2415 irq=0 sirq=134726
[sys] 03:50:50 tcp_alloc=100025 tcp_mem_pages=2673 PruneCalled=0 RcvPruned=0 TCPRcvCollapsed=0 TCPAbortOnMemory=0 TCPMemoryPressures=0 TCPMemoryPressuresChrono=0 TCPBacklogDrop=0 TCPZeroWindowDrop=0 TCPRcvQDrop=0 MemAvailable:4264M SwapFree:1023M Dirty:0M Slab:662M psi_mem=avg60=0.00 psi_cpu=avg60=1.37 load=9.31,8.30,6.72 cpu_u=530392 n=0 s=178200 i=1268273 io=2416 irq=0 sirq=135025
  [diag] progress t=470s delivered=149466250 matched=149819701 events~=2996 subscribed=50000 rss_mib=2698 swap_mib=0 fanout_done=false
[sys] 03:50:55 tcp_alloc=100025 tcp_mem_pages=11889 PruneCalled=0 RcvPruned=0 TCPRcvCollapsed=0 TCPAbortOnMemory=0 TCPMemoryPressures=0 TCPMemoryPressuresChrono=0 TCPBacklogDrop=0 TCPZeroWindowDrop=0 TCPRcvQDrop=0 MemAvailable:4235M SwapFree:1023M Dirty:0M Slab:669M psi_mem=avg60=0.00 psi_cpu=avg60=1.58 load=9.20,8.29,6.73 cpu_u=531965 n=0 s=178628 i=1269354 io=2416 irq=0 sirq=135297
[sys] 03:51:00 tcp_alloc=100025 tcp_mem_pages=2925 PruneCalled=0 RcvPruned=0 TCPRcvCollapsed=0 TCPAbortOnMemory=0 TCPMemoryPressures=0 TCPMemoryPressuresChrono=0 TCPBacklogDrop=0 TCPZeroWindowDrop=0 TCPRcvQDrop=0 MemAvailable:4251M SwapFree:1023M Dirty:0M Slab:665M psi_mem=avg60=0.00 psi_cpu=avg60=1.52 load=9.27,8.32,6.75 cpu_u=533895 n=0 s=179104 i=1270735 io=2417 irq=0 sirq=135618
  [diag] progress t=480s delivered=153068479 matched=153319701 events~=3066 subscribed=50000 rss_mib=2698 swap_mib=0 fanout_done=false
[sys] 03:51:05 tcp_alloc=100025 tcp_mem_pages=3692 PruneCalled=0 RcvPruned=0 TCPRcvCollapsed=0 TCPAbortOnMemory=0 TCPMemoryPressures=0 TCPMemoryPressuresChrono=0 TCPBacklogDrop=0 TCPZeroWindowDrop=0 TCPRcvQDrop=0 MemAvailable:4251M SwapFree:1023M Dirty:0M Slab:665M psi_mem=avg60=0.00 psi_cpu=avg60=1.55 load=9.33,8.35,6.77 cpu_u=535634 n=0 s=179580 i=1272006 io=2417 irq=0 sirq=135885
[sys] 03:51:10 tcp_alloc=100025 tcp_mem_pages=2923 PruneCalled=0 RcvPruned=0 TCPRcvCollapsed=0 TCPAbortOnMemory=0 TCPMemoryPressures=0 TCPMemoryPressuresChrono=0 TCPBacklogDrop=0 TCPZeroWindowDrop=0 TCPRcvQDrop=0 MemAvailable:4252M SwapFree:1023M Dirty:0M Slab:665M psi_mem=avg60=0.00 psi_cpu=avg60=1.53 load=9.38,8.38,6.78 cpu_u=537425 n=0 s=180052 i=1273396 io=2417 irq=0 sirq=136180
  [diag] progress t=490s delivered=156895498 matched=157019701 events~=3140 subscribed=50000 rss_mib=2699 swap_mib=0 fanout_done=false
[sys] 03:51:15 tcp_alloc=100025 tcp_mem_pages=2923 PruneCalled=0 RcvPruned=0 TCPRcvCollapsed=0 TCPAbortOnMemory=0 TCPMemoryPressures=0 TCPMemoryPressuresChrono=0 TCPBacklogDrop=0 TCPZeroWindowDrop=0 TCPRcvQDrop=0 MemAvailable:4256M SwapFree:1023M Dirty:0M Slab:662M psi_mem=avg60=0.00 psi_cpu=avg60=1.49 load=9.43,8.41,6.80 cpu_u=539463 n=0 s=180622 i=1274926 io=2418 irq=0 sirq=136505
[sys] 03:51:20 tcp_alloc=100025 tcp_mem_pages=6766 PruneCalled=0 RcvPruned=0 TCPRcvCollapsed=0 TCPAbortOnMemory=0 TCPMemoryPressures=0 TCPMemoryPressuresChrono=0 TCPBacklogDrop=0 TCPZeroWindowDrop=0 TCPRcvQDrop=0 MemAvailable:4233M SwapFree:1023M Dirty:0M Slab:668M psi_mem=avg60=0.00 psi_cpu=avg60=1.41 load=9.48,8.43,6.82 cpu_u=540989 n=0 s=180985 i=1275897 io=2418 irq=0 sirq=136778
  [diag] progress t=500s delivered=159438481 matched=159569701 events~=3191 subscribed=50000 rss_mib=2700 swap_mib=0 fanout_done=false
[sys] 03:51:25 tcp_alloc=100025 tcp_mem_pages=6515 PruneCalled=0 RcvPruned=0 TCPRcvCollapsed=0 TCPAbortOnMemory=0 TCPMemoryPressures=0 TCPMemoryPressuresChrono=0 TCPBacklogDrop=0 TCPZeroWindowDrop=0 TCPRcvQDrop=0 MemAvailable:4229M SwapFree:1023M Dirty:0M Slab:667M psi_mem=avg60=0.00 psi_cpu=avg60=1.45 load=9.44,8.44,6.83 cpu_u=542652 n=0 s=181356 i=1276780 io=2418 irq=0 sirq=137067
[sys] 03:51:30 tcp_alloc=100025 tcp_mem_pages=6259 PruneCalled=0 RcvPruned=0 TCPRcvCollapsed=0 TCPAbortOnMemory=0 TCPMemoryPressures=0 TCPMemoryPressuresChrono=0 TCPBacklogDrop=0 TCPZeroWindowDrop=0 TCPRcvQDrop=0 MemAvailable:4238M SwapFree:1023M Dirty:0M Slab:673M psi_mem=avg60=0.00 psi_cpu=avg60=1.56 load=9.32,8.44,6.84 cpu_u=543937 n=0 s=181758 i=1277775 io=2418 irq=0 sirq=137386
  [diag] progress t=510s delivered=160739644 matched=160919701 events~=3218 subscribed=50000 rss_mib=2700 swap_mib=0 fanout_done=false
[sys] 03:51:35 tcp_alloc=100025 tcp_mem_pages=7539 PruneCalled=0 RcvPruned=0 TCPRcvCollapsed=0 TCPAbortOnMemory=0 TCPMemoryPressures=0 TCPMemoryPressuresChrono=0 TCPBacklogDrop=0 TCPZeroWindowDrop=0 TCPRcvQDrop=0 MemAvailable:4236M SwapFree:1023M Dirty:0M Slab:672M psi_mem=avg60=0.00 psi_cpu=avg60=1.62 load=9.38,8.46,6.85 cpu_u=545717 n=0 s=182191 i=1278868 io=2418 irq=0 sirq=137672
[sys] 03:51:40 tcp_alloc=100025 tcp_mem_pages=8805 PruneCalled=0 RcvPruned=0 TCPRcvCollapsed=0 TCPAbortOnMemory=0 TCPMemoryPressures=0 TCPMemoryPressuresChrono=0 TCPBacklogDrop=0 TCPZeroWindowDrop=0 TCPRcvQDrop=0 MemAvailable:4235M SwapFree:1023M Dirty:0M Slab:671M psi_mem=avg60=0.00 psi_cpu=avg60=1.66 load=9.43,8.49,6.87 cpu_u=546926 n=0 s=182526 i=1279762 io=2419 irq=0 sirq=137981
  [diag] progress t=520s delivered=162558078 matched=162819701 events~=3256 subscribed=50000 rss_mib=2701 swap_mib=0 fanout_done=false
[sys] 03:51:45 tcp_alloc=100025 tcp_mem_pages=3172 PruneCalled=0 RcvPruned=0 TCPRcvCollapsed=0 TCPAbortOnMemory=0 TCPMemoryPressures=0 TCPMemoryPressuresChrono=0 TCPBacklogDrop=0 TCPZeroWindowDrop=0 TCPRcvQDrop=0 MemAvailable:4250M SwapFree:1023M Dirty:0M Slab:669M psi_mem=avg60=0.00 psi_cpu=avg60=1.68 load=8.75,8.36,6.84 cpu_u=548743 n=0 s=182923 i=1280708 io=2419 irq=0 sirq=138250
[sys] 03:51:50 tcp_alloc=100025 tcp_mem_pages=8038 PruneCalled=0 RcvPruned=0 TCPRcvCollapsed=0 TCPAbortOnMemory=0 TCPMemoryPressures=0 TCPMemoryPressuresChrono=0 TCPBacklogDrop=0 TCPZeroWindowDrop=0 TCPRcvQDrop=0 MemAvailable:4250M SwapFree:1023M Dirty:0M Slab:666M psi_mem=avg60=0.00 psi_cpu=avg60=1.61 load=8.53,8.32,6.83 cpu_u=550369 n=0 s=183358 i=1281864 io=2419 irq=0 sirq=138543
  [diag] progress t=530s delivered=164795538 matched=164969701 events~=3299 subscribed=50000 rss_mib=2702 swap_mib=0 fanout_done=false
[sys] 03:51:56 tcp_alloc=100025 tcp_mem_pages=4198 PruneCalled=0 RcvPruned=0 TCPRcvCollapsed=0 TCPAbortOnMemory=0 TCPMemoryPressures=0 TCPMemoryPressuresChrono=0 TCPBacklogDrop=0 TCPZeroWindowDrop=0 TCPRcvQDrop=0 MemAvailable:4252M SwapFree:1023M Dirty:0M Slab:669M psi_mem=avg60=0.00 psi_cpu=avg60=1.62 load=8.65,8.35,6.85 cpu_u=551873 n=0 s=183772 i=1282861 io=2419 irq=0 sirq=138881
[sys] 03:52:01 tcp_alloc=100025 tcp_mem_pages=12390 PruneCalled=0 RcvPruned=0 TCPRcvCollapsed=0 TCPAbortOnMemory=0 TCPMemoryPressures=0 TCPMemoryPressuresChrono=0 TCPBacklogDrop=0 TCPZeroWindowDrop=0 TCPRcvQDrop=0 MemAvailable:4240M SwapFree:1023M Dirty:0M Slab:669M psi_mem=avg60=0.00 psi_cpu=avg60=1.67 load=8.76,8.38,6.87 cpu_u=553820 n=0 s=184286 i=1284070 io=2420 irq=0 sirq=139182
  [diag] progress t=540s delivered=167629892 matched=167769701 events~=3355 subscribed=50000 rss_mib=2704 swap_mib=0 fanout_done=false
[sys] 03:52:06 tcp_alloc=100025 tcp_mem_pages=7011 PruneCalled=0 RcvPruned=0 TCPRcvCollapsed=0 TCPAbortOnMemory=0 TCPMemoryPressures=0 TCPMemoryPressuresChrono=0 TCPBacklogDrop=0 TCPZeroWindowDrop=0 TCPRcvQDrop=0 MemAvailable:4240M SwapFree:1023M Dirty:0M Slab:665M psi_mem=avg60=0.00 psi_cpu=avg60=1.61 load=8.86,8.41,6.89 cpu_u=555809 n=0 s=184875 i=1285202 io=2420 irq=0 sirq=139548
[sys] 03:52:11 tcp_alloc=100025 tcp_mem_pages=2913 PruneCalled=0 RcvPruned=0 TCPRcvCollapsed=0 TCPAbortOnMemory=0 TCPMemoryPressures=0 TCPMemoryPressuresChrono=0 TCPBacklogDrop=0 TCPZeroWindowDrop=0 TCPRcvQDrop=0 MemAvailable:4237M SwapFree:1023M Dirty:0M Slab:667M psi_mem=avg60=0.00 psi_cpu=avg60=1.60 load=8.95,8.43,6.90 cpu_u=557742 n=0 s=185395 i=1286283 io=2421 irq=0 sirq=139856
  [diag] progress t=550s delivered=171019151 matched=171169701 events~=3423 subscribed=50000 rss_mib=2705 swap_mib=0 fanout_done=false
[sys] 03:52:16 tcp_alloc=100025 tcp_mem_pages=3933 PruneCalled=0 RcvPruned=0 TCPRcvCollapsed=0 TCPAbortOnMemory=0 TCPMemoryPressures=0 TCPMemoryPressuresChrono=0 TCPBacklogDrop=0 TCPZeroWindowDrop=0 TCPRcvQDrop=0 MemAvailable:4239M SwapFree:1023M Dirty:0M Slab:665M psi_mem=avg60=0.00 psi_cpu=avg60=1.54 load=9.03,8.46,6.92 cpu_u=559827 n=0 s=185946 i=1287557 io=2421 irq=0 sirq=140171
[sys] 03:52:21 tcp_alloc=100025 tcp_mem_pages=2397 PruneCalled=0 RcvPruned=0 TCPRcvCollapsed=0 TCPAbortOnMemory=0 TCPMemoryPressures=0 TCPMemoryPressuresChrono=0 TCPBacklogDrop=0 TCPZeroWindowDrop=0 TCPRcvQDrop=0 MemAvailable:4251M SwapFree:1023M Dirty:0M Slab:661M psi_mem=avg60=0.00 psi_cpu=avg60=1.51 load=8.79,8.42,6.91 cpu_u=561672 n=0 s=186632 i=1288842 io=2421 irq=0 sirq=140626
  [diag] progress t=560s delivered=175000367 matched=175119701 events~=3502 subscribed=50000 rss_mib=2706 swap_mib=0 fanout_done=false
[sys] 03:52:26 tcp_alloc=100025 tcp_mem_pages=2146 PruneCalled=0 RcvPruned=0 TCPRcvCollapsed=0 TCPAbortOnMemory=0 TCPMemoryPressures=0 TCPMemoryPressuresChrono=0 TCPBacklogDrop=0 TCPZeroWindowDrop=0 TCPRcvQDrop=0 MemAvailable:4250M SwapFree:1023M Dirty:0M Slab:661M psi_mem=avg60=0.00 psi_cpu=avg60=1.49 load=8.89,8.45,6.93 cpu_u=563536 n=0 s=187170 i=1290159 io=2421 irq=0 sirq=140942
[sys] 03:52:31 tcp_alloc=100025 tcp_mem_pages=1367 PruneCalled=0 RcvPruned=0 TCPRcvCollapsed=0 TCPAbortOnMemory=0 TCPMemoryPressures=0 TCPMemoryPressuresChrono=0 TCPBacklogDrop=0 TCPZeroWindowDrop=0 TCPRcvQDrop=0 MemAvailable:4254M SwapFree:1023M Dirty:0M Slab:661M psi_mem=avg60=0.00 psi_cpu=avg60=1.46 load=8.98,8.47,6.95 cpu_u=565505 n=0 s=187897 i=1291505 io=2421 irq=0 sirq=141382
  [diag] progress t=570s delivered=179187002 matched=179369701 events~=3587 subscribed=50000 rss_mib=2707 swap_mib=0 fanout_done=false
[sys] 03:52:36 tcp_alloc=100025 tcp_mem_pages=3159 PruneCalled=0 RcvPruned=0 TCPRcvCollapsed=0 TCPAbortOnMemory=0 TCPMemoryPressures=0 TCPMemoryPressuresChrono=0 TCPBacklogDrop=0 TCPZeroWindowDrop=0 TCPRcvQDrop=0 MemAvailable:4252M SwapFree:1023M Dirty:0M Slab:662M psi_mem=avg60=0.00 psi_cpu=avg60=1.38 load=8.98,8.48,6.96 cpu_u=567432 n=0 s=188543 i=1292776 io=2421 irq=0 sirq=141809
[sys] 03:52:41 tcp_alloc=100025 tcp_mem_pages=2121 PruneCalled=0 RcvPruned=0 TCPRcvCollapsed=0 TCPAbortOnMemory=0 TCPMemoryPressures=0 TCPMemoryPressuresChrono=0 TCPBacklogDrop=0 TCPZeroWindowDrop=0 TCPRcvQDrop=0 MemAvailable:4251M SwapFree:1023M Dirty:0M Slab:662M psi_mem=avg60=0.00 psi_cpu=avg60=1.36 load=8.42,8.37,6.93 cpu_u=569386 n=0 s=189088 i=1294199 io=2421 irq=0 sirq=142116
  [diag] progress t=580s delivered=183518100 matched=183669701 events~=3673 subscribed=50000 rss_mib=2708 swap_mib=0 fanout_done=false
[sys] 03:52:46 tcp_alloc=100025 tcp_mem_pages=1097 PruneCalled=0 RcvPruned=0 TCPRcvCollapsed=0 TCPAbortOnMemory=0 TCPMemoryPressures=0 TCPMemoryPressuresChrono=0 TCPBacklogDrop=0 TCPZeroWindowDrop=0 TCPRcvQDrop=0 MemAvailable:4253M SwapFree:1023M Dirty:0M Slab:661M psi_mem=avg60=0.00 psi_cpu=avg60=1.32 load=8.63,8.42,6.95 cpu_u=571531 n=0 s=189689 i=1295627 io=2421 irq=0 sirq=142449
[sys] 03:52:51 tcp_alloc=100025 tcp_mem_pages=6729 PruneCalled=0 RcvPruned=0 TCPRcvCollapsed=0 TCPAbortOnMemory=0 TCPMemoryPressures=0 TCPMemoryPressuresChrono=0 TCPBacklogDrop=0 TCPZeroWindowDrop=0 TCPRcvQDrop=0 MemAvailable:4255M SwapFree:1023M Dirty:0M Slab:663M psi_mem=avg60=0.00 psi_cpu=avg60=1.27 load=8.74,8.44,6.97 cpu_u=573531 n=0 s=190248 i=1296935 io=2422 irq=0 sirq=142753
  [diag] progress t=590s delivered=186934791 matched=187069701 events~=3741 subscribed=50000 rss_mib=2710 swap_mib=0 fanout_done=false
[sys] 03:52:56 tcp_alloc=100025 tcp_mem_pages=1870 PruneCalled=0 RcvPruned=0 TCPRcvCollapsed=0 TCPAbortOnMemory=0 TCPMemoryPressures=0 TCPMemoryPressuresChrono=0 TCPBacklogDrop=0 TCPZeroWindowDrop=0 TCPRcvQDrop=0 MemAvailable:4251M SwapFree:1023M Dirty:0M Slab:664M psi_mem=avg60=0.00 psi_cpu=avg60=1.27 load=8.84,8.47,6.99 cpu_u=575166 n=0 s=190697 i=1298007 io=2422 irq=0 sirq=143067
[sys] 03:53:01 tcp_alloc=100025 tcp_mem_pages=11342 PruneCalled=0 RcvPruned=0 TCPRcvCollapsed=0 TCPAbortOnMemory=0 TCPMemoryPressures=0 TCPMemoryPressuresChrono=0 TCPBacklogDrop=0 TCPZeroWindowDrop=0 TCPRcvQDrop=0 MemAvailable:4249M SwapFree:1023M Dirty:0M Slab:671M psi_mem=avg60=0.00 psi_cpu=avg60=1.22 load=8.93,8.49,7.00 cpu_u=577088 n=0 s=191265 i=1299428 io=2423 irq=0 sirq=143424
  [diag] at window end: connected=50000 subscribed=50000 connect_failed=0 subscribed_at_start=46839 late_subscribers=3161 (late subscribers' pre-subscribe events stay in the drop count)
  [diag] router: matched=191169701 delivered=191169701 dropped=0 faulted=0 events_fanned_out~=3823 (matched/subscribed)
  [diag] undelivered breakdown (events): never_connected_x_events=0 pre_subscribe_or_not_yet_fanned_out=58830299 router_dropped=0 router_faulted=0 in_flight_or_unaccounted=112257 sum=58942556 (attempted-delivered=58942556)
  [diag] completed=false (delivered 191057444 of 250000000 before the 600s window) peak_rss_mib=2712
  [diag] finish: fanout_done=false reachable=191169701 delivered=191057444 elapsed_to_finish=n/a
  [diag] fanout_task_finished=false (true = replicator budget exhausted before the window closed)

=== nostos-bench-10k probe ===
  clients   : 50000
  events    : 5000 (attempted deliveries: 250000000)
  window    : 600s
  ---------------------------
  delivered : 191057444
  ops/sec   : 318426
  drop%     : 23.58
  elapsed   : 600.01s
  elapsed_to_finish : n/a (window expired)
  ops/sec (finish)  : n/a
SOAK rc=0 03:53:05
HOST tier=50000 end 13:53:05 load1=21.96 rc=0
LINUX_DIAG_EXIT=0
