BUILD start 12:17:46 tag=fanout-diag
warn: this might cause rustup commands to take longer time to finish than expected
info: you may opt out with `RUSTUP_AUTO_INSTALL=0` or `rustup set auto-install disable`
    Finished `release` profile [optimized] target(s) in 0.29s
BUILD ok 12:17:53
HOST tier=100000 start 22:17:54 load1=3.31 waited=0s samples=host-cpu-tier100000-221754.log
env: Linux 7.0.12-linuxkit aarch64 nproc=10 nofile=1048576 mem=8124516kB swap=1048572kB tcp_rmem=4096-131072-33554432 tcp_wmem=4096-16384-4194304
SOAK start 12:17:54 clients=100000 events=500 window=300 ack=1 listeners=2
  [diag] listeners: ws://127.0.0.1:27057/sync ws://127.0.0.2:21429/sync
[sys] 12:17:54 tcp_alloc=23 tcp_mem_pages=767 PruneCalled=0 RcvPruned=0 TCPRcvCollapsed=0 TCPAbortOnMemory=0 TCPMemoryPressures=0 TCPMemoryPressuresChrono=0 TCPBacklogDrop=0 TCPZeroWindowDrop=0 TCPRcvQDrop=0 MemAvailable:7301M SwapFree:1023M Dirty:0M Slab:88M psi_mem=avg60=0.00 psi_cpu=avg60=0.00 load=0.24,0.37,0.29 cpu_u=3543 n=0 s=32179 i=476306 io=604 irq=0 sirq=1240
[sys] 12:17:59 tcp_alloc=95557 tcp_mem_pages=55295 PruneCalled=0 RcvPruned=0 TCPRcvCollapsed=0 TCPAbortOnMemory=0 TCPMemoryPressures=0 TCPMemoryPressuresChrono=0 TCPBacklogDrop=0 TCPZeroWindowDrop=0 TCPRcvQDrop=0 MemAvailable:6041M SwapFree:1023M Dirty:0M Slab:502M psi_mem=avg60=0.00 psi_cpu=avg60=0.06 load=1.02,0.53,0.34 cpu_u=3672 n=0 s=36214 i=476654 io=604 irq=0 sirq=1316
[sys] 12:18:04 tcp_alloc=111953 tcp_mem_pages=71167 PruneCalled=0 RcvPruned=0 TCPRcvCollapsed=0 TCPAbortOnMemory=0 TCPMemoryPressures=0 TCPMemoryPressuresChrono=0 TCPBacklogDrop=0 TCPZeroWindowDrop=0 TCPRcvQDrop=0 MemAvailable:5956M SwapFree:1023M Dirty:0M Slab:583M psi_mem=avg60=0.00 psi_cpu=avg60=0.08 load=1.74,0.69,0.39 cpu_u=3698 n=0 s=40895 i=476721 io=604 irq=0 sirq=1332
[sys] 12:18:09 tcp_alloc=149121 tcp_mem_pages=51711 PruneCalled=0 RcvPruned=0 TCPRcvCollapsed=0 TCPAbortOnMemory=0 TCPMemoryPressures=0 TCPMemoryPressuresChrono=0 TCPBacklogDrop=0 TCPZeroWindowDrop=0 TCPRcvQDrop=0 MemAvailable:4683M SwapFree:1023M Dirty:0M Slab:737M psi_mem=avg60=0.00 psi_cpu=avg60=0.27 load=2.40,0.84,0.44 cpu_u=4110 n=0 s=43522 i=478096 io=605 irq=0 sirq=1488
[sys] 12:18:14 tcp_alloc=165938 tcp_mem_pages=35327 PruneCalled=0 RcvPruned=0 TCPRcvCollapsed=0 TCPAbortOnMemory=0 TCPMemoryPressures=0 TCPMemoryPressuresChrono=0 TCPBacklogDrop=0 TCPZeroWindowDrop=0 TCPRcvQDrop=0 MemAvailable:4154M SwapFree:1023M Dirty:0M Slab:779M psi_mem=avg60=0.00 psi_cpu=avg60=0.28 load=2.21,0.83,0.44 cpu_u=4333 n=0 s=43725 i=482517 io=605 irq=0 sirq=1570
[sys] 12:18:19 tcp_alloc=170464 tcp_mem_pages=29695 PruneCalled=0 RcvPruned=0 TCPRcvCollapsed=0 TCPAbortOnMemory=0 TCPMemoryPressures=0 TCPMemoryPressuresChrono=0 TCPBacklogDrop=0 TCPZeroWindowDrop=0 TCPRcvQDrop=0 MemAvailable:4001M SwapFree:1023M Dirty:0M Slab:793M psi_mem=avg60=0.00 psi_cpu=avg60=0.25 load=2.03,0.82,0.44 cpu_u=4420 n=0 s=43786 i=487299 io=605 irq=0 sirq=1605
[sys] 12:18:24 tcp_alloc=170894 tcp_mem_pages=29439 PruneCalled=0 RcvPruned=0 TCPRcvCollapsed=0 TCPAbortOnMemory=0 TCPMemoryPressures=0 TCPMemoryPressuresChrono=0 TCPBacklogDrop=0 TCPZeroWindowDrop=0 TCPRcvQDrop=0 MemAvailable:3997M SwapFree:1023M Dirty:0M Slab:794M psi_mem=avg60=0.00 psi_cpu=avg60=0.23 load=1.87,0.80,0.44 cpu_u=4432 n=0 s=43797 i=492290 io=605 irq=0 sirq=1609
  [diag] subscribe quorum after 33.54s: connected=70871 subscribed=70871 connect_failed=0 complete=false (ceiling 500s, stall 5s)
[sys] 12:18:29 tcp_alloc=170894 tcp_mem_pages=36863 PruneCalled=0 RcvPruned=0 TCPRcvCollapsed=0 TCPAbortOnMemory=0 TCPMemoryPressures=0 TCPMemoryPressuresChrono=0 TCPBacklogDrop=0 TCPZeroWindowDrop=0 TCPRcvQDrop=0 MemAvailable:3915M SwapFree:1023M Dirty:0M Slab:794M psi_mem=avg60=0.00 psi_cpu=avg60=0.21 load=1.80,0.81,0.44 cpu_u=4733 n=0 s=43907 i=496645 io=605 irq=0 sirq=1722
[sys] 12:18:34 tcp_alloc=178175 tcp_mem_pages=25343 PruneCalled=0 RcvPruned=0 TCPRcvCollapsed=0 TCPAbortOnMemory=0 TCPMemoryPressures=0 TCPMemoryPressuresChrono=0 TCPBacklogDrop=0 TCPZeroWindowDrop=0 TCPRcvQDrop=0 MemAvailable:3574M SwapFree:1023M Dirty:0M Slab:814M psi_mem=avg60=0.00 psi_cpu=avg60=0.29 load=2.46,0.96,0.49 cpu_u=6625 n=0 s=44765 i=497959 io=606 irq=0 sirq=2331
  [diag] progress t=10s delivered=694380 matched=676728 events~=8 subscribed=78894 rss_mib=3267 swap_mib=0 fanout_done=false
[sys] 12:18:39 tcp_alloc=178917 tcp_mem_pages=22271 PruneCalled=0 RcvPruned=0 TCPRcvCollapsed=0 TCPAbortOnMemory=0 TCPMemoryPressures=0 TCPMemoryPressuresChrono=0 TCPBacklogDrop=0 TCPZeroWindowDrop=0 TCPRcvQDrop=0 MemAvailable:3424M SwapFree:1023M Dirty:0M Slab:815M psi_mem=avg60=0.00 psi_cpu=avg60=0.33 load=3.06,1.11,0.54 cpu_u=8647 n=0 s=45585 i=499185 io=606 irq=0 sirq=3000
[sys] 12:18:44 tcp_alloc=178989 tcp_mem_pages=29183 PruneCalled=0 RcvPruned=0 TCPRcvCollapsed=0 TCPAbortOnMemory=0 TCPMemoryPressures=0 TCPMemoryPressuresChrono=0 TCPBacklogDrop=0 TCPZeroWindowDrop=0 TCPRcvQDrop=0 MemAvailable:3339M SwapFree:1023M Dirty:0M Slab:815M psi_mem=avg60=0.00 psi_cpu=avg60=0.37 load=3.62,1.26,0.59 cpu_u=10565 n=0 s=46275 i=500508 io=606 irq=0 sirq=3588
  [diag] progress t=20s delivered=1358271 matched=1308209 events~=16 subscribed=79225 rss_mib=3431 swap_mib=0 fanout_done=false
[sys] 12:18:49 tcp_alloc=179248 tcp_mem_pages=23807 PruneCalled=0 RcvPruned=0 TCPRcvCollapsed=0 TCPAbortOnMemory=0 TCPMemoryPressures=0 TCPMemoryPressuresChrono=0 TCPBacklogDrop=0 TCPZeroWindowDrop=0 TCPRcvQDrop=0 MemAvailable:3254M SwapFree:1023M Dirty:0M Slab:816M psi_mem=avg60=0.00 psi_cpu=avg60=0.37 load=3.41,1.25,0.60 cpu_u=12684 n=0 s=47091 i=501470 io=606 irq=0 sirq=4248
[sys] 12:18:54 tcp_alloc=179248 tcp_mem_pages=24831 PruneCalled=0 RcvPruned=0 TCPRcvCollapsed=0 TCPAbortOnMemory=0 TCPMemoryPressures=0 TCPMemoryPressuresChrono=0 TCPBacklogDrop=0 TCPZeroWindowDrop=0 TCPRcvQDrop=0 MemAvailable:3214M SwapFree:1023M Dirty:0M Slab:816M psi_mem=avg60=0.00 psi_cpu=avg60=0.37 load=3.93,1.40,0.65 cpu_u=14709 n=0 s=47962 i=502476 io=606 irq=0 sirq=4911
  [diag] progress t=30s delivered=2171088 matched=2179684 events~=27 subscribed=79225 rss_mib=3430 swap_mib=0 fanout_done=false
[sys] 12:18:59 tcp_alloc=179487 tcp_mem_pages=24831 PruneCalled=0 RcvPruned=0 TCPRcvCollapsed=0 TCPAbortOnMemory=0 TCPMemoryPressures=0 TCPMemoryPressuresChrono=0 TCPBacklogDrop=0 TCPZeroWindowDrop=0 TCPRcvQDrop=0 MemAvailable:3279M SwapFree:1023M Dirty:0M Slab:822M psi_mem=avg60=0.00 psi_cpu=avg60=0.43 load=3.86,1.42,0.66 cpu_u=16542 n=0 s=48657 i=503578 io=606 irq=0 sirq=5474
[sys] 12:19:04 tcp_alloc=184090 tcp_mem_pages=30719 PruneCalled=0 RcvPruned=0 TCPRcvCollapsed=0 TCPAbortOnMemory=0 TCPMemoryPressures=0 TCPMemoryPressuresChrono=0 TCPBacklogDrop=0 TCPZeroWindowDrop=0 TCPRcvQDrop=0 MemAvailable:3170M SwapFree:1023M Dirty:0M Slab:841M psi_mem=avg60=0.00 psi_cpu=avg60=0.47 load=4.35,1.57,0.71 cpu_u=18392 n=0 s=49377 i=504923 io=607 irq=0 sirq=6074
  [diag] progress t=40s delivered=2728766 matched=2743438 events~=32 subscribed=85668 rss_mib=3562 swap_mib=0 fanout_done=false
[sys] 12:19:09 tcp_alloc=185691 tcp_mem_pages=15359 PruneCalled=0 RcvPruned=0 TCPRcvCollapsed=0 TCPAbortOnMemory=0 TCPMemoryPressures=0 TCPMemoryPressuresChrono=0 TCPBacklogDrop=0 TCPZeroWindowDrop=0 TCPRcvQDrop=0 MemAvailable:3074M SwapFree:1023M Dirty:0M Slab:836M psi_mem=avg60=0.00 psi_cpu=avg60=0.52 load=4.64,1.67,0.75 cpu_u=20342 n=0 s=50122 i=506304 io=607 irq=0 sirq=6683
[sys] 12:19:15 tcp_alloc=186529 tcp_mem_pages=19711 PruneCalled=0 RcvPruned=0 TCPRcvCollapsed=0 TCPAbortOnMemory=0 TCPMemoryPressures=0 TCPMemoryPressuresChrono=0 TCPBacklogDrop=0 TCPZeroWindowDrop=0 TCPRcvQDrop=0 MemAvailable:3018M SwapFree:1023M Dirty:0M Slab:836M psi_mem=avg60=0.00 psi_cpu=avg60=0.48 load=4.51,1.70,0.76 cpu_u=22559 n=0 s=50889 i=507504 io=607 irq=0 sirq=7304
  [diag] progress t=50s delivered=3355312 matched=3346658 events~=38 subscribed=86734 rss_mib=3691 swap_mib=0 fanout_done=false
[sys] 12:19:20 tcp_alloc=186762 tcp_mem_pages=14335 PruneCalled=0 RcvPruned=0 TCPRcvCollapsed=0 TCPAbortOnMemory=0 TCPMemoryPressures=0 TCPMemoryPressuresChrono=0 TCPBacklogDrop=0 TCPZeroWindowDrop=0 TCPRcvQDrop=0 MemAvailable:3079M SwapFree:1023M Dirty:0M Slab:835M psi_mem=avg60=0.00 psi_cpu=avg60=0.50 load=4.95,1.83,0.81 cpu_u=24671 n=0 s=51611 i=508683 io=607 irq=0 sirq=7878
[sys] 12:19:25 tcp_alloc=186762 tcp_mem_pages=15871 PruneCalled=0 RcvPruned=0 TCPRcvCollapsed=0 TCPAbortOnMemory=0 TCPMemoryPressures=0 TCPMemoryPressuresChrono=0 TCPBacklogDrop=0 TCPZeroWindowDrop=0 TCPRcvQDrop=0 MemAvailable:2983M SwapFree:1023M Dirty:0M Slab:835M psi_mem=avg60=0.00 psi_cpu=avg60=0.52 load=5.44,1.99,0.87 cpu_u=26766 n=0 s=52321 i=509989 io=607 irq=0 sirq=8484
  [diag] progress t=60s delivered=3880022 matched=3866859 events~=44 subscribed=86869 rss_mib=3796 swap_mib=0 fanout_done=false
[sys] 12:19:30 tcp_alloc=186892 tcp_mem_pages=21759 PruneCalled=0 RcvPruned=0 TCPRcvCollapsed=0 TCPAbortOnMemory=0 TCPMemoryPressures=0 TCPMemoryPressuresChrono=0 TCPBacklogDrop=0 TCPZeroWindowDrop=0 TCPRcvQDrop=0 MemAvailable:2881M SwapFree:1023M Dirty:0M Slab:835M psi_mem=avg60=0.00 psi_cpu=avg60=0.52 load=5.72,2.10,0.91 cpu_u=28744 n=0 s=53013 i=511398 io=607 irq=0 sirq=9075
[sys] 12:19:35 tcp_alloc=187002 tcp_mem_pages=16639 PruneCalled=0 RcvPruned=0 TCPRcvCollapsed=0 TCPAbortOnMemory=0 TCPMemoryPressures=0 TCPMemoryPressuresChrono=0 TCPBacklogDrop=0 TCPZeroWindowDrop=0 TCPRcvQDrop=0 MemAvailable:2811M SwapFree:1023M Dirty:0M Slab:835M psi_mem=avg60=0.00 psi_cpu=avg60=0.53 load=5.58,2.14,0.93 cpu_u=30888 n=0 s=53728 i=512459 io=607 irq=0 sirq=9690
  [diag] progress t=70s delivered=4363572 matched=4388281 events~=50 subscribed=86979 rss_mib=3899 swap_mib=0 fanout_done=false
[sys] 12:19:40 tcp_alloc=187002 tcp_mem_pages=17919 PruneCalled=0 RcvPruned=0 TCPRcvCollapsed=0 TCPAbortOnMemory=0 TCPMemoryPressures=0 TCPMemoryPressuresChrono=0 TCPBacklogDrop=0 TCPZeroWindowDrop=0 TCPRcvQDrop=0 MemAvailable:2758M SwapFree:1023M Dirty:0M Slab:835M psi_mem=avg60=0.00 psi_cpu=avg60=0.53 load=5.30,2.13,0.93 cpu_u=33086 n=0 s=54438 i=513766 io=607 irq=0 sirq=10299
[sys] 12:19:45 tcp_alloc=187002 tcp_mem_pages=20479 PruneCalled=0 RcvPruned=0 TCPRcvCollapsed=0 TCPAbortOnMemory=0 TCPMemoryPressures=0 TCPMemoryPressuresChrono=0 TCPBacklogDrop=0 TCPZeroWindowDrop=0 TCPRcvQDrop=0 MemAvailable:2774M SwapFree:1023M Dirty:0M Slab:835M psi_mem=avg60=0.00 psi_cpu=avg60=0.51 load=5.75,2.28,0.99 cpu_u=35156 n=0 s=55136 i=515196 io=607 irq=0 sirq=10879
  [diag] progress t=80s delivered=4828269 matched=4823176 events~=55 subscribed=86979 rss_mib=3951 swap_mib=0 fanout_done=false
[sys] 12:19:50 tcp_alloc=187002 tcp_mem_pages=17151 PruneCalled=0 RcvPruned=0 TCPRcvCollapsed=0 TCPAbortOnMemory=0 TCPMemoryPressures=0 TCPMemoryPressuresChrono=0 TCPBacklogDrop=0 TCPZeroWindowDrop=0 TCPRcvQDrop=0 MemAvailable:2769M SwapFree:1023M Dirty:0M Slab:835M psi_mem=avg60=0.00 psi_cpu=avg60=0.54 load=5.45,2.28,0.99 cpu_u=37290 n=0 s=55829 i=516419 io=607 irq=0 sirq=11440
[sys] 12:19:55 tcp_alloc=187002 tcp_mem_pages=21247 PruneCalled=0 RcvPruned=0 TCPRcvCollapsed=0 TCPAbortOnMemory=0 TCPMemoryPressures=0 TCPMemoryPressuresChrono=0 TCPBacklogDrop=0 TCPZeroWindowDrop=0 TCPRcvQDrop=0 MemAvailable:2713M SwapFree:1023M Dirty:0M Slab:835M psi_mem=avg60=0.00 psi_cpu=avg60=0.52 load=5.26,2.29,1.00 cpu_u=39448 n=0 s=56563 i=517728 io=608 irq=0 sirq=12066
  [diag] progress t=90s delivered=5358143 matched=5345050 events~=61 subscribed=86979 rss_mib=3951 swap_mib=0 fanout_done=false
[sys] 12:20:00 tcp_alloc=187002 tcp_mem_pages=25343 PruneCalled=0 RcvPruned=0 TCPRcvCollapsed=0 TCPAbortOnMemory=0 TCPMemoryPressures=0 TCPMemoryPressuresChrono=0 TCPBacklogDrop=0 TCPZeroWindowDrop=0 TCPRcvQDrop=0 MemAvailable:2744M SwapFree:1023M Dirty:0M Slab:835M psi_mem=avg60=0.00 psi_cpu=avg60=0.55 load=5.56,2.40,1.05 cpu_u=41481 n=0 s=57242 i=519199 io=608 irq=0 sirq=12608
[sys] 12:20:05 tcp_alloc=187002 tcp_mem_pages=14079 PruneCalled=0 RcvPruned=0 TCPRcvCollapsed=0 TCPAbortOnMemory=0 TCPMemoryPressures=0 TCPMemoryPressuresChrono=0 TCPBacklogDrop=0 TCPZeroWindowDrop=0 TCPRcvQDrop=0 MemAvailable:2752M SwapFree:1023M Dirty:0M Slab:835M psi_mem=avg60=0.00 psi_cpu=avg60=0.53 load=5.91,2.53,1.10 cpu_u=43508 n=0 s=58010 i=520445 io=608 irq=0 sirq=13239
  [diag] progress t=100s delivered=5945418 matched=5953903 events~=68 subscribed=86979 rss_mib=3969 swap_mib=0 fanout_done=false
[sys] 12:20:10 tcp_alloc=187002 tcp_mem_pages=67583 PruneCalled=0 RcvPruned=0 TCPRcvCollapsed=0 TCPAbortOnMemory=0 TCPMemoryPressures=0 TCPMemoryPressuresChrono=0 TCPBacklogDrop=0 TCPZeroWindowDrop=0 TCPRcvQDrop=0 MemAvailable:2670M SwapFree:1023M Dirty:0M Slab:874M psi_mem=avg60=0.00 psi_cpu=avg60=0.56 load=6.32,2.67,1.15 cpu_u=45725 n=0 s=58713 i=521597 io=608 irq=0 sirq=13861
[sys] 12:20:15 tcp_alloc=193981 tcp_mem_pages=7167 PruneCalled=0 RcvPruned=0 TCPRcvCollapsed=0 TCPAbortOnMemory=0 TCPMemoryPressures=0 TCPMemoryPressuresChrono=0 TCPBacklogDrop=0 TCPZeroWindowDrop=0 TCPRcvQDrop=0 MemAvailable:2857M SwapFree:1023M Dirty:0M Slab:856M psi_mem=avg60=0.00 psi_cpu=avg60=0.73 load=6.69,2.81,1.20 cpu_u=47255 n=0 s=59651 i=523309 io=608 irq=0 sirq=14223
  [diag] progress t=110s delivered=6215173 matched=6215173 events~=62 subscribed=99840 rss_mib=3966 swap_mib=0 fanout_done=false
[sys] 12:20:20 tcp_alloc=199892 tcp_mem_pages=13567 PruneCalled=0 RcvPruned=0 TCPRcvCollapsed=0 TCPAbortOnMemory=0 TCPMemoryPressures=0 TCPMemoryPressuresChrono=0 TCPBacklogDrop=0 TCPZeroWindowDrop=0 TCPRcvQDrop=0 MemAvailable:2730M SwapFree:1023M Dirty:0M Slab:860M psi_mem=avg60=0.00 psi_cpu=avg60=0.78 load=6.88,2.91,1.24 cpu_u=49007 n=0 s=60198 i=525150 io=608 irq=0 sirq=14789
[sys] 12:20:25 tcp_alloc=200023 tcp_mem_pages=6911 PruneCalled=0 RcvPruned=0 TCPRcvCollapsed=0 TCPAbortOnMemory=0 TCPMemoryPressures=0 TCPMemoryPressuresChrono=0 TCPBacklogDrop=0 TCPZeroWindowDrop=0 TCPRcvQDrop=0 MemAvailable:2734M SwapFree:1023M Dirty:0M Slab:860M psi_mem=avg60=0.00 psi_cpu=avg60=0.77 load=6.97,2.99,1.28 cpu_u=50883 n=0 s=60803 i=526515 io=609 irq=0 sirq=15260
  [diag] progress t=120s delivered=6490884 matched=6514868 events~=65 subscribed=100000 rss_mib=4082 swap_mib=0 fanout_done=false
[sys] 12:20:30 tcp_alloc=200023 tcp_mem_pages=4351 PruneCalled=0 RcvPruned=0 TCPRcvCollapsed=0 TCPAbortOnMemory=0 TCPMemoryPressures=0 TCPMemoryPressuresChrono=0 TCPBacklogDrop=0 TCPZeroWindowDrop=0 TCPRcvQDrop=0 MemAvailable:2585M SwapFree:1023M Dirty:0M Slab:856M psi_mem=avg60=0.00 psi_cpu=avg60=0.75 load=7.21,3.11,1.33 cpu_u=52873 n=0 s=61384 i=527966 io=609 irq=0 sirq=15836
[sys] 12:20:35 tcp_alloc=200023 tcp_mem_pages=767 PruneCalled=0 RcvPruned=0 TCPRcvCollapsed=0 TCPAbortOnMemory=0 TCPMemoryPressures=0 TCPMemoryPressuresChrono=0 TCPBacklogDrop=0 TCPZeroWindowDrop=0 TCPRcvQDrop=0 MemAvailable:2581M SwapFree:1023M Dirty:0M Slab:852M psi_mem=avg60=0.00 psi_cpu=avg60=0.77 load=7.44,3.23,1.37 cpu_u=54763 n=0 s=61949 i=529499 io=609 irq=0 sirq=16356
  [diag] progress t=130s delivered=6814868 matched=6814868 events~=68 subscribed=100000 rss_mib=4177 swap_mib=0 fanout_done=false
[sys] 12:20:40 tcp_alloc=200023 tcp_mem_pages=7167 PruneCalled=0 RcvPruned=0 TCPRcvCollapsed=0 TCPAbortOnMemory=0 TCPMemoryPressures=0 TCPMemoryPressuresChrono=0 TCPBacklogDrop=0 TCPZeroWindowDrop=0 TCPRcvQDrop=0 MemAvailable:2560M SwapFree:1023M Dirty:0M Slab:856M psi_mem=avg60=0.00 psi_cpu=avg60=0.72 load=7.24,3.26,1.39 cpu_u=56687 n=0 s=62540 i=531036 io=609 irq=0 sirq=16969
[sys] 12:20:45 tcp_alloc=200023 tcp_mem_pages=14591 PruneCalled=0 RcvPruned=0 TCPRcvCollapsed=0 TCPAbortOnMemory=0 TCPMemoryPressures=0 TCPMemoryPressuresChrono=0 TCPBacklogDrop=0 TCPZeroWindowDrop=0 TCPRcvQDrop=0 MemAvailable:2508M SwapFree:1023M Dirty:0M Slab:863M psi_mem=avg60=0.00 psi_cpu=avg60=0.68 load=7.46,3.37,1.44 cpu_u=58724 n=0 s=63171 i=532512 io=609 irq=0 sirq=17564
  [diag] progress t=140s delivered=7131566 matched=7114868 events~=71 subscribed=100000 rss_mib=4251 swap_mib=0 fanout_done=false
[sys] 12:20:50 tcp_alloc=200023 tcp_mem_pages=1023 PruneCalled=0 RcvPruned=0 TCPRcvCollapsed=0 TCPAbortOnMemory=0 TCPMemoryPressures=0 TCPMemoryPressuresChrono=0 TCPBacklogDrop=0 TCPZeroWindowDrop=0 TCPRcvQDrop=0 MemAvailable:2584M SwapFree:1023M Dirty:0M Slab:854M psi_mem=avg60=0.00 psi_cpu=avg60=0.67 load=7.67,3.48,1.49 cpu_u=60741 n=0 s=63763 i=534179 io=609 irq=0 sirq=18070
[sys] 12:20:55 tcp_alloc=200025 tcp_mem_pages=9983 PruneCalled=0 RcvPruned=0 TCPRcvCollapsed=0 TCPAbortOnMemory=0 TCPMemoryPressures=0 TCPMemoryPressuresChrono=0 TCPBacklogDrop=0 TCPZeroWindowDrop=0 TCPRcvQDrop=0 MemAvailable:2570M SwapFree:1023M Dirty:0M Slab:858M psi_mem=avg60=0.00 psi_cpu=avg60=0.83 load=8.01,3.62,1.54 cpu_u=62823 n=0 s=64426 i=535534 io=613 irq=0 sirq=18720
  [diag] progress t=150s delivered=7496054 matched=7514868 events~=75 subscribed=100000 rss_mib=4179 swap_mib=0 fanout_done=false
[sys] 12:21:00 tcp_alloc=200025 tcp_mem_pages=7423 PruneCalled=0 RcvPruned=0 TCPRcvCollapsed=0 TCPAbortOnMemory=0 TCPMemoryPressures=0 TCPMemoryPressuresChrono=0 TCPBacklogDrop=0 TCPZeroWindowDrop=0 TCPRcvQDrop=0 MemAvailable:2579M SwapFree:1023M Dirty:0M Slab:859M psi_mem=avg60=0.00 psi_cpu=avg60=0.81 load=8.01,3.69,1.58 cpu_u=64841 n=0 s=65038 i=536935 io=613 irq=0 sirq=19329
[sys] 12:21:05 tcp_alloc=200025 tcp_mem_pages=6655 PruneCalled=0 RcvPruned=0 TCPRcvCollapsed=0 TCPAbortOnMemory=0 TCPMemoryPressures=0 TCPMemoryPressuresChrono=0 TCPBacklogDrop=0 TCPZeroWindowDrop=0 TCPRcvQDrop=0 MemAvailable:2516M SwapFree:1023M Dirty:0M Slab:853M psi_mem=avg60=0.00 psi_cpu=avg60=0.80 load=8.17,3.80,1.62 cpu_u=66819 n=0 s=65632 i=538321 io=613 irq=0 sirq=19912
  [diag] progress t=160s delivered=7814868 matched=7814868 events~=78 subscribed=100000 rss_mib=4179 swap_mib=0 fanout_done=false
[sys] 12:21:10 tcp_alloc=200025 tcp_mem_pages=2815 PruneCalled=0 RcvPruned=0 TCPRcvCollapsed=0 TCPAbortOnMemory=0 TCPMemoryPressures=0 TCPMemoryPressuresChrono=0 TCPBacklogDrop=0 TCPZeroWindowDrop=0 TCPRcvQDrop=0 MemAvailable:2501M SwapFree:1023M Dirty:0M Slab:856M psi_mem=avg60=0.00 psi_cpu=avg60=0.78 load=8.32,3.90,1.67 cpu_u=68744 n=0 s=66243 i=539880 io=614 irq=0 sirq=20472
[sys] 12:21:15 tcp_alloc=200025 tcp_mem_pages=9471 PruneCalled=0 RcvPruned=0 TCPRcvCollapsed=0 TCPAbortOnMemory=0 TCPMemoryPressures=0 TCPMemoryPressuresChrono=0 TCPBacklogDrop=0 TCPZeroWindowDrop=0 TCPRcvQDrop=0 MemAvailable:2510M SwapFree:1023M Dirty:0M Slab:857M psi_mem=avg60=0.00 psi_cpu=avg60=0.76 load=8.45,4.00,1.71 cpu_u=70872 n=0 s=66868 i=541231 io=614 irq=0 sirq=21067
  [diag] progress t=170s delivered=8208669 matched=8214868 events~=82 subscribed=100000 rss_mib=4238 swap_mib=0 fanout_done=false
[sys] 12:21:20 tcp_alloc=200025 tcp_mem_pages=20479 PruneCalled=0 RcvPruned=0 TCPRcvCollapsed=0 TCPAbortOnMemory=0 TCPMemoryPressures=0 TCPMemoryPressuresChrono=0 TCPBacklogDrop=0 TCPZeroWindowDrop=0 TCPRcvQDrop=0 MemAvailable:2482M SwapFree:1023M Dirty:0M Slab:869M psi_mem=avg60=0.00 psi_cpu=avg60=0.75 load=8.42,4.07,1.75 cpu_u=72986 n=0 s=67532 i=542633 io=614 irq=0 sirq=21646
[sys] 12:21:25 tcp_alloc=200025 tcp_mem_pages=1279 PruneCalled=0 RcvPruned=0 TCPRcvCollapsed=0 TCPAbortOnMemory=0 TCPMemoryPressures=0 TCPMemoryPressuresChrono=0 TCPBacklogDrop=0 TCPZeroWindowDrop=0 TCPRcvQDrop=0 MemAvailable:2553M SwapFree:1023M Dirty:0M Slab:853M psi_mem=avg60=0.00 psi_cpu=avg60=0.74 load=8.30,4.12,1.78 cpu_u=75187 n=0 s=68205 i=543992 io=614 irq=0 sirq=22203
  [diag] progress t=180s delivered=8603727 matched=8614868 events~=86 subscribed=100000 rss_mib=4234 swap_mib=0 fanout_done=false
[sys] 12:21:31 tcp_alloc=200025 tcp_mem_pages=11775 PruneCalled=0 RcvPruned=0 TCPRcvCollapsed=0 TCPAbortOnMemory=0 TCPMemoryPressures=0 TCPMemoryPressuresChrono=0 TCPBacklogDrop=0 TCPZeroWindowDrop=0 TCPRcvQDrop=0 MemAvailable:2544M SwapFree:1023M Dirty:0M Slab:862M psi_mem=avg60=0.00 psi_cpu=avg60=0.69 load=8.44,4.22,1.82 cpu_u=77155 n=0 s=68802 i=545475 io=614 irq=0 sirq=22745
[sys] 12:21:36 tcp_alloc=200025 tcp_mem_pages=7679 PruneCalled=0 RcvPruned=0 TCPRcvCollapsed=0 TCPAbortOnMemory=0 TCPMemoryPressures=0 TCPMemoryPressuresChrono=0 TCPBacklogDrop=0 TCPZeroWindowDrop=0 TCPRcvQDrop=0 MemAvailable:2547M SwapFree:1023M Dirty:0M Slab:854M psi_mem=avg60=0.00 psi_cpu=avg60=0.69 load=8.48,4.29,1.86 cpu_u=79119 n=0 s=69374 i=546913 io=614 irq=0 sirq=23272
  [diag] progress t=190s delivered=8900203 matched=8914868 events~=89 subscribed=100000 rss_mib=4234 swap_mib=0 fanout_done=false
[sys] 12:21:41 tcp_alloc=200025 tcp_mem_pages=10495 PruneCalled=0 RcvPruned=0 TCPRcvCollapsed=0 TCPAbortOnMemory=0 TCPMemoryPressures=0 TCPMemoryPressuresChrono=0 TCPBacklogDrop=0 TCPZeroWindowDrop=0 TCPRcvQDrop=0 MemAvailable:2548M SwapFree:1023M Dirty:0M Slab:859M psi_mem=avg60=0.00 psi_cpu=avg60=0.71 load=8.60,4.39,1.90 cpu_u=81264 n=0 s=70037 i=548224 io=614 irq=0 sirq=23869
[sys] 12:21:46 tcp_alloc=200025 tcp_mem_pages=1023 PruneCalled=0 RcvPruned=0 TCPRcvCollapsed=0 TCPAbortOnMemory=0 TCPMemoryPressures=0 TCPMemoryPressuresChrono=0 TCPBacklogDrop=0 TCPZeroWindowDrop=0 TCPRcvQDrop=0 MemAvailable:2545M SwapFree:1023M Dirty:0M Slab:851M psi_mem=avg60=0.00 psi_cpu=avg60=0.67 load=8.24,4.38,1.91 cpu_u=83277 n=0 s=70659 i=549760 io=615 irq=0 sirq=24419
  [diag] progress t=200s delivered=9319249 matched=9314868 events~=93 subscribed=100000 rss_mib=4242 swap_mib=0 fanout_done=false
[sys] 12:21:51 tcp_alloc=200025 tcp_mem_pages=4095 PruneCalled=0 RcvPruned=0 TCPRcvCollapsed=0 TCPAbortOnMemory=0 TCPMemoryPressures=0 TCPMemoryPressuresChrono=0 TCPBacklogDrop=0 TCPZeroWindowDrop=0 TCPRcvQDrop=0 MemAvailable:2527M SwapFree:1023M Dirty:0M Slab:854M psi_mem=avg60=0.00 psi_cpu=avg60=0.67 load=8.38,4.48,1.96 cpu_u=85368 n=0 s=71290 i=551365 io=615 irq=0 sirq=24942
[sys] 12:21:56 tcp_alloc=200025 tcp_mem_pages=7423 PruneCalled=0 RcvPruned=0 TCPRcvCollapsed=0 TCPAbortOnMemory=0 TCPMemoryPressures=0 TCPMemoryPressuresChrono=0 TCPBacklogDrop=0 TCPZeroWindowDrop=0 TCPRcvQDrop=0 MemAvailable:2524M SwapFree:1023M Dirty:0M Slab:854M psi_mem=avg60=0.00 psi_cpu=avg60=0.69 load=8.19,4.50,1.98 cpu_u=87538 n=0 s=71945 i=552445 io=619 irq=0 sirq=25534
  [diag] progress t=210s delivered=9752400 matched=9714868 events~=97 subscribed=100000 rss_mib=4320 swap_mib=0 fanout_done=false
[sys] 12:22:01 tcp_alloc=200025 tcp_mem_pages=2047 PruneCalled=0 RcvPruned=0 TCPRcvCollapsed=0 TCPAbortOnMemory=0 TCPMemoryPressures=0 TCPMemoryPressuresChrono=0 TCPBacklogDrop=0 TCPZeroWindowDrop=0 TCPRcvQDrop=0 MemAvailable:2460M SwapFree:1023M Dirty:0M Slab:855M psi_mem=avg60=0.00 psi_cpu=avg60=0.69 load=8.33,4.59,2.02 cpu_u=89604 n=0 s=72585 i=553806 io=619 irq=0 sirq=26147
[sys] 12:22:06 tcp_alloc=200025 tcp_mem_pages=1279 PruneCalled=0 RcvPruned=0 TCPRcvCollapsed=0 TCPAbortOnMemory=0 TCPMemoryPressures=0 TCPMemoryPressuresChrono=0 TCPBacklogDrop=0 TCPZeroWindowDrop=0 TCPRcvQDrop=0 MemAvailable:2423M SwapFree:1023M Dirty:0M Slab:854M psi_mem=avg60=0.00 psi_cpu=avg60=0.68 load=8.47,4.68,2.07 cpu_u=91850 n=0 s=73284 i=555184 io=619 irq=0 sirq=26700
  [diag] progress t=220s delivered=10204954 matched=10214868 events~=102 subscribed=100000 rss_mib=4356 swap_mib=0 fanout_done=false
[sys] 12:22:11 tcp_alloc=200025 tcp_mem_pages=14335 PruneCalled=0 RcvPruned=0 TCPRcvCollapsed=0 TCPAbortOnMemory=0 TCPMemoryPressures=0 TCPMemoryPressuresChrono=0 TCPBacklogDrop=0 TCPZeroWindowDrop=0 TCPRcvQDrop=0 MemAvailable:2413M SwapFree:1023M Dirty:0M Slab:864M psi_mem=avg60=0.00 psi_cpu=avg60=0.68 load=8.43,4.74,2.10 cpu_u=93984 n=0 s=73932 i=556434 io=619 irq=0 sirq=27347
[sys] 12:22:16 tcp_alloc=200025 tcp_mem_pages=7423 PruneCalled=0 RcvPruned=0 TCPRcvCollapsed=0 TCPAbortOnMemory=0 TCPMemoryPressures=0 TCPMemoryPressuresChrono=0 TCPBacklogDrop=0 TCPZeroWindowDrop=0 TCPRcvQDrop=0 MemAvailable:2427M SwapFree:1023M Dirty:0M Slab:854M psi_mem=avg60=0.00 psi_cpu=avg60=0.66 load=8.55,4.83,2.14 cpu_u=96240 n=0 s=74637 i=557722 io=619 irq=0 sirq=27949
  [diag] progress t=230s delivered=10648763 matched=10614868 events~=106 subscribed=100000 rss_mib=4356 swap_mib=0 fanout_done=false
[sys] 12:22:21 tcp_alloc=200025 tcp_mem_pages=5887 PruneCalled=0 RcvPruned=0 TCPRcvCollapsed=0 TCPAbortOnMemory=0 TCPMemoryPressures=0 TCPMemoryPressuresChrono=0 TCPBacklogDrop=0 TCPZeroWindowDrop=0 TCPRcvQDrop=0 MemAvailable:2429M SwapFree:1023M Dirty:0M Slab:858M psi_mem=avg60=0.00 psi_cpu=avg60=0.66 load=8.51,4.88,2.17 cpu_u=98304 n=0 s=75281 i=559152 io=619 irq=0 sirq=28527
[sys] 12:22:26 tcp_alloc=200025 tcp_mem_pages=1279 PruneCalled=0 RcvPruned=0 TCPRcvCollapsed=0 TCPAbortOnMemory=0 TCPMemoryPressures=0 TCPMemoryPressuresChrono=0 TCPBacklogDrop=0 TCPZeroWindowDrop=0 TCPRcvQDrop=0 MemAvailable:2419M SwapFree:1023M Dirty:0M Slab:853M psi_mem=avg60=0.00 psi_cpu=avg60=0.65 load=8.55,4.95,2.21 cpu_u=100350 n=0 s=75934 i=560677 io=620 irq=0 sirq=29066
  [diag] progress t=240s delivered=11106530 matched=11114868 events~=111 subscribed=100000 rss_mib=4356 swap_mib=0 fanout_done=false
[sys] 12:22:31 tcp_alloc=200025 tcp_mem_pages=8703 PruneCalled=0 RcvPruned=0 TCPRcvCollapsed=0 TCPAbortOnMemory=0 TCPMemoryPressures=0 TCPMemoryPressuresChrono=0 TCPBacklogDrop=0 TCPZeroWindowDrop=0 TCPRcvQDrop=0 MemAvailable:2338M SwapFree:1023M Dirty:0M Slab:856M psi_mem=avg60=0.00 psi_cpu=avg60=0.62 load=8.67,5.03,2.25 cpu_u=102501 n=0 s=76608 i=561910 io=620 irq=0 sirq=29687
[sys] 12:22:36 tcp_alloc=200025 tcp_mem_pages=767 PruneCalled=0 RcvPruned=0 TCPRcvCollapsed=0 TCPAbortOnMemory=0 TCPMemoryPressures=0 TCPMemoryPressuresChrono=0 TCPBacklogDrop=0 TCPZeroWindowDrop=0 TCPRcvQDrop=0 MemAvailable:2402M SwapFree:1023M Dirty:0M Slab:851M psi_mem=avg60=0.00 psi_cpu=avg60=0.65 load=8.77,5.11,2.29 cpu_u=104574 n=0 s=77281 i=563042 io=620 irq=0 sirq=30327
  [diag] progress t=250s delivered=11531301 matched=11514868 events~=115 subscribed=100000 rss_mib=4345 swap_mib=0 fanout_done=false
[sys] 12:22:41 tcp_alloc=200025 tcp_mem_pages=6399 PruneCalled=0 RcvPruned=0 TCPRcvCollapsed=0 TCPAbortOnMemory=0 TCPMemoryPressures=0 TCPMemoryPressuresChrono=0 TCPBacklogDrop=0 TCPZeroWindowDrop=0 TCPRcvQDrop=0 MemAvailable:2427M SwapFree:1023M Dirty:0M Slab:855M psi_mem=avg60=0.00 psi_cpu=avg60=0.65 load=8.87,5.19,2.34 cpu_u=106739 n=0 s=77927 i=564368 io=620 irq=0 sirq=30927
[sys] 12:22:46 tcp_alloc=200025 tcp_mem_pages=12031 PruneCalled=0 RcvPruned=0 TCPRcvCollapsed=0 TCPAbortOnMemory=0 TCPMemoryPressures=0 TCPMemoryPressuresChrono=0 TCPBacklogDrop=0 TCPZeroWindowDrop=0 TCPRcvQDrop=0 MemAvailable:2416M SwapFree:1023M Dirty:0M Slab:860M psi_mem=avg60=0.00 psi_cpu=avg60=0.64 load=8.96,5.27,2.38 cpu_u=108819 n=0 s=78589 i=565771 io=620 irq=0 sirq=31524
  [diag] progress t=260s delivered=12014868 matched=12014868 events~=120 subscribed=100000 rss_mib=4345 swap_mib=0 fanout_done=false
[sys] 12:22:51 tcp_alloc=200025 tcp_mem_pages=13823 PruneCalled=0 RcvPruned=0 TCPRcvCollapsed=0 TCPAbortOnMemory=0 TCPMemoryPressures=0 TCPMemoryPressuresChrono=0 TCPBacklogDrop=0 TCPZeroWindowDrop=0 TCPRcvQDrop=0 MemAvailable:2389M SwapFree:1023M Dirty:0M Slab:865M psi_mem=avg60=0.00 psi_cpu=avg60=0.58 load=9.05,5.35,2.42 cpu_u=110929 n=0 s=79248 i=567140 io=620 irq=0 sirq=32117
[sys] 12:22:56 tcp_alloc=200025 tcp_mem_pages=2815 PruneCalled=0 RcvPruned=0 TCPRcvCollapsed=0 TCPAbortOnMemory=0 TCPMemoryPressures=0 TCPMemoryPressuresChrono=0 TCPBacklogDrop=0 TCPZeroWindowDrop=0 TCPRcvQDrop=0 MemAvailable:2416M SwapFree:1023M Dirty:0M Slab:858M psi_mem=avg60=0.00 psi_cpu=avg60=0.60 load=9.12,5.43,2.46 cpu_u=113010 n=0 s=79940 i=568463 io=621 irq=0 sirq=32718
  [diag] progress t=270s delivered=12433245 matched=12414868 events~=124 subscribed=100000 rss_mib=4364 swap_mib=0 fanout_done=false
[sys] 12:23:01 tcp_alloc=200025 tcp_mem_pages=16639 PruneCalled=0 RcvPruned=0 TCPRcvCollapsed=0 TCPAbortOnMemory=0 TCPMemoryPressures=0 TCPMemoryPressuresChrono=0 TCPBacklogDrop=0 TCPZeroWindowDrop=0 TCPRcvQDrop=0 MemAvailable:2385M SwapFree:1023M Dirty:0M Slab:865M psi_mem=avg60=0.00 psi_cpu=avg60=0.64 load=9.19,5.51,2.50 cpu_u=115006 n=0 s=80520 i=570136 io=621 irq=0 sirq=33257
[sys] 12:23:06 tcp_alloc=200025 tcp_mem_pages=5375 PruneCalled=0 RcvPruned=0 TCPRcvCollapsed=0 TCPAbortOnMemory=0 TCPMemoryPressures=0 TCPMemoryPressuresChrono=0 TCPBacklogDrop=0 TCPZeroWindowDrop=0 TCPRcvQDrop=0 MemAvailable:2402M SwapFree:1023M Dirty:0M Slab:853M psi_mem=avg60=0.00 psi_cpu=avg60=0.63 load=8.54,5.43,2.49 cpu_u=117079 n=0 s=81140 i=571600 io=621 irq=0 sirq=33800
  [diag] progress t=280s delivered=12814868 matched=12814868 events~=128 subscribed=100000 rss_mib=4345 swap_mib=0 fanout_done=false
[sys] 12:23:11 tcp_alloc=200025 tcp_mem_pages=16639 PruneCalled=0 RcvPruned=0 TCPRcvCollapsed=0 TCPAbortOnMemory=0 TCPMemoryPressures=0 TCPMemoryPressuresChrono=0 TCPBacklogDrop=0 TCPZeroWindowDrop=0 TCPRcvQDrop=0 MemAvailable:2394M SwapFree:1023M Dirty:0M Slab:865M psi_mem=avg60=0.00 psi_cpu=avg60=0.60 load=8.57,5.49,2.53 cpu_u=119210 n=0 s=81865 i=572908 io=621 irq=0 sirq=34445
[sys] 12:23:16 tcp_alloc=200025 tcp_mem_pages=10751 PruneCalled=0 RcvPruned=0 TCPRcvCollapsed=0 TCPAbortOnMemory=0 TCPMemoryPressures=0 TCPMemoryPressuresChrono=0 TCPBacklogDrop=0 TCPZeroWindowDrop=0 TCPRcvQDrop=0 MemAvailable:2379M SwapFree:1023M Dirty:0M Slab:862M psi_mem=avg60=0.00 psi_cpu=avg60=0.63 load=8.61,5.55,2.56 cpu_u=121229 n=0 s=82502 i=574446 io=621 irq=0 sirq=35006
  [diag] progress t=290s delivered=13271757 matched=13314868 events~=133 subscribed=100000 rss_mib=4345 swap_mib=0 fanout_done=false
[sys] 12:23:21 tcp_alloc=200025 tcp_mem_pages=767 PruneCalled=0 RcvPruned=0 TCPRcvCollapsed=0 TCPAbortOnMemory=0 TCPMemoryPressures=0 TCPMemoryPressuresChrono=0 TCPBacklogDrop=0 TCPZeroWindowDrop=0 TCPRcvQDrop=0 MemAvailable:2363M SwapFree:1023M Dirty:0M Slab:853M psi_mem=avg60=0.00 psi_cpu=avg60=0.60 load=8.40,5.56,2.58 cpu_u=123440 n=0 s=83202 i=575687 io=621 irq=0 sirq=35600
[sys] 12:23:27 tcp_alloc=200025 tcp_mem_pages=7679 PruneCalled=0 RcvPruned=0 TCPRcvCollapsed=0 TCPAbortOnMemory=0 TCPMemoryPressures=0 TCPMemoryPressuresChrono=0 TCPBacklogDrop=0 TCPZeroWindowDrop=0 TCPRcvQDrop=0 MemAvailable:2382M SwapFree:1023M Dirty:0M Slab:856M psi_mem=avg60=0.00 psi_cpu=avg60=0.65 load=8.53,5.63,2.62 cpu_u=125495 n=0 s=83903 i=577105 io=622 irq=0 sirq=36238
  [diag] at window end: connected=100000 subscribed=100000 connect_failed=0 subscribed_at_start=70871 late_subscribers=29129 (late subscribers' pre-subscribe events stay in the drop count)
  [diag] router: matched=13814868 delivered=13814868 dropped=0 faulted=0 events_fanned_out~=138 (matched/subscribed)
  [diag] undelivered breakdown (events): never_connected_x_events=0 pre_subscribe_or_not_yet_fanned_out=36185132 router_dropped=0 router_faulted=0 in_flight_or_unaccounted=47245 sum=36232377 (attempted-delivered=36232377)
  [diag] completed=false (delivered 13767623 of 50000000 before the 300s window) peak_rss_mib=4434
  [diag] finish: fanout_done=false reachable=13814868 delivered=13767623 elapsed_to_finish=n/a
  [diag] stages events=150 match=531.97ms/ev deliver=1195.15ms/ev ack_scan=270.03ms/ev busy=299.57s wall=300.02s busy_frac=0.998
  [diag] progress t=300s delivered=13767624 matched=13814868 events~=138 subscribed=100000 rss_mib=4346 swap_mib=0 fanout_done=false
  [diag] cpu proc_cpu=2152.33s wall=300.02s cores_used=7.17 nproc=10
  [diag] fanout_task_finished=false (true = replicator budget exhausted before the window closed)

=== nostos-bench-10k probe ===
  clients   : 100000
  events    : 500 (attempted deliveries: 50000000)
  window    : 300s
  ---------------------------
  delivered : 13767623
  ops/sec   : 45888
  drop%     : 72.46
  elapsed   : 300.02s
  elapsed_to_finish : n/a (window expired)
  ops/sec (finish)  : n/a
SOAK rc=0 12:23:30
HOST tier=100000 end 22:23:30 load1=13.75 rc=0 MIDRUN samples=27 viol=2 viol_pct=7.4 other_mean=123 other_max=172 load1_max=20.25 valid=no
HOST tier=100000 start 22:25:01 load1=4.86 waited=60s samples=host-cpu-tier100000-222501.log
env: Linux 7.0.12-linuxkit aarch64 nproc=10 nofile=1048576 mem=8124516kB swap=1048572kB tcp_rmem=4096-131072-33554432 tcp_wmem=4096-16384-4194304
SOAK start 12:25:01 clients=100000 events=500 window=300 ack=16 listeners=2
  [diag] listeners: ws://127.0.0.1:12899/sync ws://127.0.0.2:21717/sync
[sys] 12:25:01 tcp_alloc=24 tcp_mem_pages=0 PruneCalled=0 RcvPruned=0 TCPRcvCollapsed=0 TCPAbortOnMemory=0 TCPMemoryPressures=0 TCPMemoryPressuresChrono=0 TCPBacklogDrop=0 TCPZeroWindowDrop=0 TCPRcvQDrop=0 MemAvailable:7332M SwapFree:1023M Dirty:0M Slab:129M psi_mem=avg60=0.00 psi_cpu=avg60=0.16 load=1.98,4.25,2.43 cpu_u=126625 n=0 s=84408 i=669226 io=631 irq=0 sirq=36562
[sys] 12:25:06 tcp_alloc=98458 tcp_mem_pages=55039 PruneCalled=0 RcvPruned=0 TCPRcvCollapsed=0 TCPAbortOnMemory=0 TCPMemoryPressures=0 TCPMemoryPressuresChrono=0 TCPBacklogDrop=0 TCPZeroWindowDrop=0 TCPRcvQDrop=0 MemAvailable:6041M SwapFree:1023M Dirty:0M Slab:522M psi_mem=avg60=0.00 psi_cpu=avg60=0.25 load=2.62,4.35,2.47 cpu_u=126737 n=0 s=88875 i=669412 io=631 irq=0 sirq=36627
[sys] 12:25:11 tcp_alloc=120642 tcp_mem_pages=65791 PruneCalled=0 RcvPruned=0 TCPRcvCollapsed=0 TCPAbortOnMemory=0 TCPMemoryPressures=0 TCPMemoryPressuresChrono=0 TCPBacklogDrop=0 TCPZeroWindowDrop=0 TCPRcvQDrop=0 MemAvailable:5863M SwapFree:1023M Dirty:0M Slab:615M psi_mem=avg60=0.00 psi_cpu=avg60=0.26 load=3.21,4.44,2.51 cpu_u=126776 n=0 s=93611 i=669446 io=631 irq=0 sirq=36648
[sys] 12:25:16 tcp_alloc=164489 tcp_mem_pages=36607 PruneCalled=0 RcvPruned=0 TCPRcvCollapsed=0 TCPAbortOnMemory=0 TCPMemoryPressures=0 TCPMemoryPressuresChrono=0 TCPBacklogDrop=0 TCPZeroWindowDrop=0 TCPRcvQDrop=0 MemAvailable:4100M SwapFree:1023M Dirty:0M Slab:799M psi_mem=avg60=0.00 psi_cpu=avg60=0.37 load=2.95,4.37,2.49 cpu_u=127307 n=0 s=94818 i=672393 io=631 irq=0 sirq=36837
[sys] 12:25:21 tcp_alloc=172693 tcp_mem_pages=23039 PruneCalled=0 RcvPruned=0 TCPRcvCollapsed=0 TCPAbortOnMemory=0 TCPMemoryPressures=0 TCPMemoryPressuresChrono=0 TCPBacklogDrop=0 TCPZeroWindowDrop=0 TCPRcvQDrop=0 MemAvailable:3816M SwapFree:1023M Dirty:0M Slab:818M psi_mem=avg60=0.00 psi_cpu=avg60=0.33 load=2.72,4.30,2.48 cpu_u=127464 n=0 s=94930 i=676950 io=631 irq=0 sirq=36928
[sys] 12:25:26 tcp_alloc=183409 tcp_mem_pages=17919 PruneCalled=0 RcvPruned=0 TCPRcvCollapsed=0 TCPAbortOnMemory=0 TCPMemoryPressures=0 TCPMemoryPressuresChrono=0 TCPBacklogDrop=0 TCPZeroWindowDrop=0 TCPRcvQDrop=0 MemAvailable:3500M SwapFree:1023M Dirty:0M Slab:855M psi_mem=avg60=0.00 psi_cpu=avg60=0.31 load=2.50,4.22,2.47 cpu_u=127642 n=0 s=95042 i=681589 io=631 irq=0 sirq=36973
[sys] 12:25:31 tcp_alloc=183900 tcp_mem_pages=17663 PruneCalled=0 RcvPruned=0 TCPRcvCollapsed=0 TCPAbortOnMemory=0 TCPMemoryPressures=0 TCPMemoryPressuresChrono=0 TCPBacklogDrop=0 TCPZeroWindowDrop=0 TCPRcvQDrop=0 MemAvailable:3492M SwapFree:1023M Dirty:0M Slab:856M psi_mem=avg60=0.00 psi_cpu=avg60=0.28 load=2.30,4.15,2.45 cpu_u=127661 n=0 s=95054 i=686562 io=631 irq=0 sirq=36978
[sys] 12:25:36 tcp_alloc=184010 tcp_mem_pages=17407 PruneCalled=0 RcvPruned=0 TCPRcvCollapsed=0 TCPAbortOnMemory=0 TCPMemoryPressures=0 TCPMemoryPressuresChrono=0 TCPBacklogDrop=0 TCPZeroWindowDrop=0 TCPRcvQDrop=0 MemAvailable:3489M SwapFree:1023M Dirty:0M Slab:857M psi_mem=avg60=0.00 psi_cpu=avg60=0.26 load=2.11,4.08,2.44 cpu_u=127665 n=0 s=95060 i=691569 io=631 irq=0 sirq=36981
[sys] 12:25:41 tcp_alloc=189863 tcp_mem_pages=10751 PruneCalled=0 RcvPruned=0 TCPRcvCollapsed=0 TCPAbortOnMemory=0 TCPMemoryPressures=0 TCPMemoryPressuresChrono=0 TCPBacklogDrop=0 TCPZeroWindowDrop=0 TCPRcvQDrop=0 MemAvailable:3299M SwapFree:1023M Dirty:0M Slab:869M psi_mem=avg60=0.00 psi_cpu=avg60=0.23 load=1.94,4.02,2.43 cpu_u=127790 n=0 s=95142 i=696279 io=632 irq=0 sirq=37054
  [diag] subscribe quorum after 43.20s: connected=89835 subscribed=89835 connect_failed=0 complete=false (ceiling 500s, stall 5s)
[sys] 12:25:46 tcp_alloc=189863 tcp_mem_pages=19199 PruneCalled=0 RcvPruned=0 TCPRcvCollapsed=0 TCPAbortOnMemory=0 TCPMemoryPressures=0 TCPMemoryPressuresChrono=0 TCPBacklogDrop=0 TCPZeroWindowDrop=0 TCPRcvQDrop=0 MemAvailable:3198M SwapFree:1023M Dirty:0M Slab:868M psi_mem=avg60=0.00 psi_cpu=avg60=0.22 load=1.79,3.95,2.41 cpu_u=128287 n=0 s=95297 i=700415 io=632 irq=0 sirq=37264
[sys] 12:25:51 tcp_alloc=189863 tcp_mem_pages=15615 PruneCalled=0 RcvPruned=0 TCPRcvCollapsed=0 TCPAbortOnMemory=0 TCPMemoryPressures=0 TCPMemoryPressuresChrono=0 TCPBacklogDrop=0 TCPZeroWindowDrop=0 TCPRcvQDrop=0 MemAvailable:3065M SwapFree:1023M Dirty:0M Slab:866M psi_mem=avg60=0.00 psi_cpu=avg60=0.26 load=2.37,4.03,2.45 cpu_u=130245 n=0 s=95937 i=702083 io=632 irq=0 sirq=37747
  [diag] progress t=10s delivered=275223 matched=269505 events~=3 subscribed=89835 rss_mib=3513 swap_mib=0 fanout_done=false
[sys] 12:25:56 tcp_alloc=189863 tcp_mem_pages=22015 PruneCalled=0 RcvPruned=0 TCPRcvCollapsed=0 TCPAbortOnMemory=0 TCPMemoryPressures=0 TCPMemoryPressuresChrono=0 TCPBacklogDrop=0 TCPZeroWindowDrop=0 TCPRcvQDrop=0 MemAvailable:3065M SwapFree:1023M Dirty:0M Slab:866M psi_mem=avg60=0.00 psi_cpu=avg60=0.31 load=2.98,4.13,2.49 cpu_u=131981 n=0 s=96528 i=703628 io=632 irq=0 sirq=38257
[sys] 12:26:01 tcp_alloc=189863 tcp_mem_pages=22015 PruneCalled=0 RcvPruned=0 TCPRcvCollapsed=0 TCPAbortOnMemory=0 TCPMemoryPressures=0 TCPMemoryPressuresChrono=0 TCPBacklogDrop=0 TCPZeroWindowDrop=0 TCPRcvQDrop=0 MemAvailable:3076M SwapFree:1023M Dirty:0M Slab:866M psi_mem=avg60=0.00 psi_cpu=avg60=0.41 load=3.46,4.21,2.52 cpu_u=134080 n=0 s=97231 i=705061 io=633 irq=0 sirq=38815
  [diag] progress t=20s delivered=642956 matched=718680 events~=8 subscribed=89835 rss_mib=3605 swap_mib=0 fanout_done=false
[sys] 12:26:06 tcp_alloc=189992 tcp_mem_pages=17663 PruneCalled=0 RcvPruned=0 TCPRcvCollapsed=0 TCPAbortOnMemory=0 TCPMemoryPressures=0 TCPMemoryPressuresChrono=0 TCPBacklogDrop=0 TCPZeroWindowDrop=0 TCPRcvQDrop=0 MemAvailable:3023M SwapFree:1023M Dirty:0M Slab:876M psi_mem=avg60=0.00 psi_cpu=avg60=0.48 load=3.98,4.31,2.56 cpu_u=136230 n=0 s=97925 i=706313 io=633 irq=0 sirq=39365
[sys] 12:26:11 tcp_alloc=192251 tcp_mem_pages=32511 PruneCalled=0 RcvPruned=0 TCPRcvCollapsed=0 TCPAbortOnMemory=0 TCPMemoryPressures=0 TCPMemoryPressuresChrono=0 TCPBacklogDrop=0 TCPZeroWindowDrop=0 TCPRcvQDrop=0 MemAvailable:2842M SwapFree:1023M Dirty:0M Slab:900M psi_mem=avg60=0.00 psi_cpu=avg60=0.49 load=4.15,4.34,2.58 cpu_u=138396 n=0 s=98649 i=707676 io=633 irq=0 sirq=39913
  [diag] progress t=30s delivered=1006045 matched=1078285 events~=11 subscribed=92200 rss_mib=3836 swap_mib=0 fanout_done=false
[sys] 12:26:16 tcp_alloc=192273 tcp_mem_pages=12287 PruneCalled=0 RcvPruned=0 TCPRcvCollapsed=0 TCPAbortOnMemory=0 TCPMemoryPressures=0 TCPMemoryPressuresChrono=0 TCPBacklogDrop=0 TCPZeroWindowDrop=0 TCPRcvQDrop=0 MemAvailable:2844M SwapFree:1023M Dirty:0M Slab:888M psi_mem=avg60=0.00 psi_cpu=avg60=0.53 load=4.53,4.42,2.62 cpu_u=140419 n=0 s=99355 i=709137 io=633 irq=0 sirq=40430
[sys] 12:26:21 tcp_alloc=192273 tcp_mem_pages=11263 PruneCalled=0 RcvPruned=0 TCPRcvCollapsed=0 TCPAbortOnMemory=0 TCPMemoryPressures=0 TCPMemoryPressuresChrono=0 TCPBacklogDrop=0 TCPZeroWindowDrop=0 TCPRcvQDrop=0 MemAvailable:2787M SwapFree:1023M Dirty:0M Slab:873M psi_mem=avg60=0.00 psi_cpu=avg60=0.57 load=4.97,4.51,2.66 cpu_u=142575 n=0 s=100132 i=710361 io=633 irq=0 sirq=41040
  [diag] progress t=40s delivered=1578134 matched=1539249 events~=16 subscribed=92248 rss_mib=3974 swap_mib=0 fanout_done=false
[sys] 12:26:26 tcp_alloc=192273 tcp_mem_pages=15359 PruneCalled=0 RcvPruned=0 TCPRcvCollapsed=0 TCPAbortOnMemory=0 TCPMemoryPressures=0 TCPMemoryPressuresChrono=0 TCPBacklogDrop=0 TCPZeroWindowDrop=0 TCPRcvQDrop=0 MemAvailable:2755M SwapFree:1023M Dirty:0M Slab:868M psi_mem=avg60=0.00 psi_cpu=avg60=0.56 load=4.65,4.45,2.65 cpu_u=144517 n=0 s=100857 i=711828 io=633 irq=0 sirq=41640
[sys] 12:26:31 tcp_alloc=192273 tcp_mem_pages=20735 PruneCalled=0 RcvPruned=0 TCPRcvCollapsed=0 TCPAbortOnMemory=0 TCPMemoryPressures=0 TCPMemoryPressuresChrono=0 TCPBacklogDrop=0 TCPZeroWindowDrop=0 TCPRcvQDrop=0 MemAvailable:2746M SwapFree:1023M Dirty:0M Slab:869M psi_mem=avg60=0.00 psi_cpu=avg60=0.61 load=5.08,4.54,2.69 cpu_u=146499 n=0 s=101628 i=713177 io=633 irq=0 sirq=42260
  [diag] progress t=50s delivered=2074541 matched=2092737 events~=22 subscribed=92248 rss_mib=3964 swap_mib=0 fanout_done=false
[sys] 12:26:36 tcp_alloc=192273 tcp_mem_pages=9215 PruneCalled=0 RcvPruned=0 TCPRcvCollapsed=0 TCPAbortOnMemory=0 TCPMemoryPressures=0 TCPMemoryPressuresChrono=0 TCPBacklogDrop=0 TCPZeroWindowDrop=0 TCPRcvQDrop=0 MemAvailable:2749M SwapFree:1023M Dirty:0M Slab:868M psi_mem=avg60=0.00 psi_cpu=avg60=0.60 load=5.56,4.65,2.73 cpu_u=148641 n=0 s=102322 i=714585 io=633 irq=0 sirq=42799
[sys] 12:26:41 tcp_alloc=192273 tcp_mem_pages=18431 PruneCalled=0 RcvPruned=0 TCPRcvCollapsed=0 TCPAbortOnMemory=0 TCPMemoryPressures=0 TCPMemoryPressuresChrono=0 TCPBacklogDrop=0 TCPZeroWindowDrop=0 TCPRcvQDrop=0 MemAvailable:2756M SwapFree:1023M Dirty:0M Slab:868M psi_mem=avg60=0.00 psi_cpu=avg60=0.60 load=5.91,4.74,2.77 cpu_u=150824 n=0 s=103052 i=715819 io=634 irq=0 sirq=43391
  [diag] progress t=60s delivered=2586669 matched=2553977 events~=27 subscribed=92248 rss_mib=3998 swap_mib=0 fanout_done=false
[sys] 12:26:46 tcp_alloc=192273 tcp_mem_pages=9471 PruneCalled=0 RcvPruned=0 TCPRcvCollapsed=0 TCPAbortOnMemory=0 TCPMemoryPressures=0 TCPMemoryPressuresChrono=0 TCPBacklogDrop=0 TCPZeroWindowDrop=0 TCPRcvQDrop=0 MemAvailable:2675M SwapFree:1023M Dirty:0M Slab:868M psi_mem=avg60=0.00 psi_cpu=avg60=0.60 load=6.08,4.79,2.80 cpu_u=152963 n=0 s=103806 i=717141 io=634 irq=0 sirq=43967
[sys] 12:26:51 tcp_alloc=192273 tcp_mem_pages=12031 PruneCalled=0 RcvPruned=0 TCPRcvCollapsed=0 TCPAbortOnMemory=0 TCPMemoryPressures=0 TCPMemoryPressuresChrono=0 TCPBacklogDrop=0 TCPZeroWindowDrop=0 TCPRcvQDrop=0 MemAvailable:2578M SwapFree:1023M Dirty:0M Slab:870M psi_mem=avg60=0.00 psi_cpu=avg60=0.60 load=6.39,4.88,2.84 cpu_u=155264 n=0 s=104524 i=718384 io=634 irq=0 sirq=44557
  [diag] progress t=70s delivered=3079979 matched=3107465 events~=33 subscribed=92248 rss_mib=4146 swap_mib=0 fanout_done=false
[sys] 12:26:57 tcp_alloc=192386 tcp_mem_pages=33279 PruneCalled=0 RcvPruned=0 TCPRcvCollapsed=0 TCPAbortOnMemory=0 TCPMemoryPressures=0 TCPMemoryPressuresChrono=0 TCPBacklogDrop=0 TCPZeroWindowDrop=0 TCPRcvQDrop=0 MemAvailable:2572M SwapFree:1023M Dirty:0M Slab:868M psi_mem=avg60=0.00 psi_cpu=avg60=0.60 load=6.60,4.95,2.87 cpu_u=157337 n=0 s=105207 i=719783 io=634 irq=0 sirq=45115
[sys] 12:27:02 tcp_alloc=195148 tcp_mem_pages=12543 PruneCalled=0 RcvPruned=0 TCPRcvCollapsed=0 TCPAbortOnMemory=0 TCPMemoryPressures=0 TCPMemoryPressuresChrono=0 TCPBacklogDrop=0 TCPZeroWindowDrop=0 TCPRcvQDrop=0 MemAvailable:2543M SwapFree:1023M Dirty:0M Slab:859M psi_mem=avg60=0.00 psi_cpu=avg60=0.67 load=6.88,5.03,2.91 cpu_u=159400 n=0 s=106175 i=721033 io=634 irq=0 sirq=45569
  [diag] progress t=80s delivered=3391812 matched=3479813 events~=36 subscribed=95986 rss_mib=4169 swap_mib=0 fanout_done=false
[sys] 12:27:07 tcp_alloc=196761 tcp_mem_pages=40959 PruneCalled=0 RcvPruned=0 TCPRcvCollapsed=0 TCPAbortOnMemory=0 TCPMemoryPressures=0 TCPMemoryPressuresChrono=0 TCPBacklogDrop=0 TCPZeroWindowDrop=0 TCPRcvQDrop=0 MemAvailable:2497M SwapFree:1023M Dirty:0M Slab:903M psi_mem=avg60=0.00 psi_cpu=avg60=0.92 load=6.81,5.05,2.93 cpu_u=161311 n=0 s=106743 i=722485 io=634 irq=0 sirq=46021
[sys] 12:27:12 tcp_alloc=197258 tcp_mem_pages=36095 PruneCalled=0 RcvPruned=0 TCPRcvCollapsed=0 TCPAbortOnMemory=0 TCPMemoryPressures=0 TCPMemoryPressuresChrono=0 TCPBacklogDrop=0 TCPZeroWindowDrop=0 TCPRcvQDrop=0 MemAvailable:2498M SwapFree:1023M Dirty:0M Slab:892M psi_mem=avg60=0.00 psi_cpu=avg60=0.89 load=6.82,5.08,2.95 cpu_u=163443 n=0 s=107527 i=723748 io=634 irq=0 sirq=46592
  [diag] progress t=90s delivered=3907257 matched=3865321 events~=39 subscribed=97844 rss_mib=4291 swap_mib=0 fanout_done=false
[sys] 12:27:17 tcp_alloc=198511 tcp_mem_pages=13823 PruneCalled=0 RcvPruned=0 TCPRcvCollapsed=0 TCPAbortOnMemory=0 TCPMemoryPressures=0 TCPMemoryPressuresChrono=0 TCPBacklogDrop=0 TCPZeroWindowDrop=0 TCPRcvQDrop=0 MemAvailable:2466M SwapFree:1023M Dirty:0M Slab:859M psi_mem=avg60=0.00 psi_cpu=avg60=0.87 load=6.92,5.13,2.98 cpu_u=165649 n=0 s=108290 i=725038 io=634 irq=0 sirq=47152
[sys] 12:27:22 tcp_alloc=199308 tcp_mem_pages=14847 PruneCalled=0 RcvPruned=0 TCPRcvCollapsed=0 TCPAbortOnMemory=0 TCPMemoryPressures=0 TCPMemoryPressuresChrono=0 TCPBacklogDrop=0 TCPZeroWindowDrop=0 TCPRcvQDrop=0 MemAvailable:2316M SwapFree:1023M Dirty:0M Slab:862M psi_mem=avg60=0.00 psi_cpu=avg60=0.88 load=7.16,5.21,3.02 cpu_u=167794 n=0 s=109081 i=726341 io=634 irq=0 sirq=47710
  [diag] progress t=100s delivered=4402177 matched=4357350 events~=43 subscribed=99243 rss_mib=4427 swap_mib=0 fanout_done=false
[sys] 12:27:27 tcp_alloc=199308 tcp_mem_pages=2047 PruneCalled=0 RcvPruned=0 TCPRcvCollapsed=0 TCPAbortOnMemory=0 TCPMemoryPressures=0 TCPMemoryPressuresChrono=0 TCPBacklogDrop=0 TCPZeroWindowDrop=0 TCPRcvQDrop=0 MemAvailable:2365M SwapFree:1023M Dirty:0M Slab:854M psi_mem=avg60=0.00 psi_cpu=avg60=0.89 load=7.47,5.31,3.06 cpu_u=169915 n=0 s=109738 i=727856 io=635 irq=0 sirq=48247
[sys] 12:27:32 tcp_alloc=199568 tcp_mem_pages=15103 PruneCalled=0 RcvPruned=0 TCPRcvCollapsed=0 TCPAbortOnMemory=0 TCPMemoryPressures=0 TCPMemoryPressuresChrono=0 TCPBacklogDrop=0 TCPZeroWindowDrop=0 TCPRcvQDrop=0 MemAvailable:2306M SwapFree:1023M Dirty:0M Slab:863M psi_mem=avg60=0.00 psi_cpu=avg60=0.83 load=7.59,5.37,3.09 cpu_u=172177 n=0 s=110429 i=729134 io=635 irq=0 sirq=48849
  [diag] progress t=110s delivered=4894700 matched=4953108 events~=49 subscribed=99543 rss_mib=4450 swap_mib=0 fanout_done=false
[sys] 12:27:37 tcp_alloc=199568 tcp_mem_pages=76287 PruneCalled=0 RcvPruned=0 TCPRcvCollapsed=0 TCPAbortOnMemory=0 TCPMemoryPressures=0 TCPMemoryPressuresChrono=0 TCPBacklogDrop=0 TCPZeroWindowDrop=0 TCPRcvQDrop=0 MemAvailable:2192M SwapFree:1023M Dirty:0M Slab:940M psi_mem=avg60=0.00 psi_cpu=avg60=0.84 load=7.46,5.38,3.11 cpu_u=174284 n=0 s=111131 i=730461 io=635 irq=0 sirq=49423
[sys] 12:27:42 tcp_alloc=199568 tcp_mem_pages=1535 PruneCalled=0 RcvPruned=0 TCPRcvCollapsed=0 TCPAbortOnMemory=0 TCPMemoryPressures=0 TCPMemoryPressuresChrono=0 TCPBacklogDrop=0 TCPZeroWindowDrop=0 TCPRcvQDrop=0 MemAvailable:2277M SwapFree:1023M Dirty:0M Slab:853M psi_mem=avg60=0.00 psi_cpu=avg60=0.83 load=7.67,5.46,3.14 cpu_u=176442 n=0 s=111892 i=731843 io=635 irq=0 sirq=49978
  [diag] progress t=120s delivered=5463546 matched=5550366 events~=55 subscribed=99543 rss_mib=4475 swap_mib=0 fanout_done=false
[sys] 12:27:47 tcp_alloc=199568 tcp_mem_pages=14591 PruneCalled=0 RcvPruned=0 TCPRcvCollapsed=0 TCPAbortOnMemory=0 TCPMemoryPressures=0 TCPMemoryPressuresChrono=0 TCPBacklogDrop=0 TCPZeroWindowDrop=0 TCPRcvQDrop=0 MemAvailable:2228M SwapFree:1023M Dirty:0M Slab:864M psi_mem=avg60=0.00 psi_cpu=avg60=0.81 load=7.69,5.50,3.17 cpu_u=178591 n=0 s=112589 i=733021 io=635 irq=0 sirq=50550
[sys] 12:27:52 tcp_alloc=199568 tcp_mem_pages=2047 PruneCalled=0 RcvPruned=0 TCPRcvCollapsed=0 TCPAbortOnMemory=0 TCPMemoryPressures=0 TCPMemoryPressuresChrono=0 TCPBacklogDrop=0 TCPZeroWindowDrop=0 TCPRcvQDrop=0 MemAvailable:2214M SwapFree:1023M Dirty:0M Slab:855M psi_mem=avg60=0.00 psi_cpu=avg60=0.79 load=7.88,5.57,3.21 cpu_u=180649 n=0 s=113291 i=734380 io=635 irq=0 sirq=51064
  [diag] progress t=130s delivered=5967843 matched=6048081 events~=60 subscribed=99543 rss_mib=4487 swap_mib=0 fanout_done=false
[sys] 12:27:57 tcp_alloc=199839 tcp_mem_pages=4095 PruneCalled=0 RcvPruned=0 TCPRcvCollapsed=0 TCPAbortOnMemory=0 TCPMemoryPressures=0 TCPMemoryPressuresChrono=0 TCPBacklogDrop=0 TCPZeroWindowDrop=0 TCPRcvQDrop=0 MemAvailable:2239M SwapFree:1023M Dirty:0M Slab:854M psi_mem=avg60=0.00 psi_cpu=avg60=0.75 load=8.05,5.65,3.24 cpu_u=182809 n=0 s=114004 i=735809 io=635 irq=0 sirq=51628
[sys] 12:28:02 tcp_alloc=199839 tcp_mem_pages=19199 PruneCalled=0 RcvPruned=0 TCPRcvCollapsed=0 TCPAbortOnMemory=0 TCPMemoryPressures=0 TCPMemoryPressuresChrono=0 TCPBacklogDrop=0 TCPZeroWindowDrop=0 TCPRcvQDrop=0 MemAvailable:2208M SwapFree:1023M Dirty:0M Slab:868M psi_mem=avg60=0.00 psi_cpu=avg60=0.76 load=8.05,5.69,3.27 cpu_u=185084 n=0 s=114699 i=737094 io=635 irq=0 sirq=52210
  [diag] progress t=140s delivered=6510592 matched=6546880 events~=65 subscribed=99814 rss_mib=4494 swap_mib=0 fanout_done=false
[sys] 12:28:07 tcp_alloc=199839 tcp_mem_pages=9215 PruneCalled=0 RcvPruned=0 TCPRcvCollapsed=0 TCPAbortOnMemory=0 TCPMemoryPressures=0 TCPMemoryPressuresChrono=0 TCPBacklogDrop=0 TCPZeroWindowDrop=0 TCPRcvQDrop=0 MemAvailable:2213M SwapFree:1023M Dirty:0M Slab:858M psi_mem=avg60=0.00 psi_cpu=avg60=0.69 load=8.04,5.73,3.30 cpu_u=187185 n=0 s=115421 i=738545 io=635 irq=0 sirq=52806
[sys] 12:28:12 tcp_alloc=199839 tcp_mem_pages=6911 PruneCalled=0 RcvPruned=0 TCPRcvCollapsed=0 TCPAbortOnMemory=0 TCPMemoryPressures=0 TCPMemoryPressuresChrono=0 TCPBacklogDrop=0 TCPZeroWindowDrop=0 TCPRcvQDrop=0 MemAvailable:2291M SwapFree:1023M Dirty:0M Slab:863M psi_mem=avg60=0.00 psi_cpu=avg60=0.71 load=8.20,5.80,3.33 cpu_u=189229 n=0 s=116097 i=739910 io=635 irq=0 sirq=53338
  [diag] progress t=150s delivered=6916245 matched=6946136 events~=69 subscribed=99814 rss_mib=4495 swap_mib=0 fanout_done=false
[sys] 12:28:17 tcp_alloc=199839 tcp_mem_pages=5887 PruneCalled=0 RcvPruned=0 TCPRcvCollapsed=0 TCPAbortOnMemory=0 TCPMemoryPressures=0 TCPMemoryPressuresChrono=0 TCPBacklogDrop=0 TCPZeroWindowDrop=0 TCPRcvQDrop=0 MemAvailable:2284M SwapFree:1023M Dirty:0M Slab:857M psi_mem=avg60=0.00 psi_cpu=avg60=0.67 load=8.34,5.87,3.37 cpu_u=191245 n=0 s=116698 i=741265 io=635 irq=0 sirq=53904
[sys] 12:28:22 tcp_alloc=199839 tcp_mem_pages=4863 PruneCalled=0 RcvPruned=0 TCPRcvCollapsed=0 TCPAbortOnMemory=0 TCPMemoryPressures=0 TCPMemoryPressuresChrono=0 TCPBacklogDrop=0 TCPZeroWindowDrop=0 TCPRcvQDrop=0 MemAvailable:2220M SwapFree:1023M Dirty:0M Slab:857M psi_mem=avg60=0.00 psi_cpu=avg60=0.69 load=8.48,5.94,3.40 cpu_u=193164 n=0 s=117299 i=742893 io=635 irq=0 sirq=54475
  [diag] progress t=160s delivered=7217159 matched=7245578 events~=72 subscribed=99814 rss_mib=4495 swap_mib=0 fanout_done=false
[sys] 12:28:27 tcp_alloc=199839 tcp_mem_pages=6911 PruneCalled=0 RcvPruned=0 TCPRcvCollapsed=0 TCPAbortOnMemory=0 TCPMemoryPressures=0 TCPMemoryPressuresChrono=0 TCPBacklogDrop=0 TCPZeroWindowDrop=0 TCPRcvQDrop=0 MemAvailable:2268M SwapFree:1023M Dirty:0M Slab:858M psi_mem=avg60=0.00 psi_cpu=avg60=0.75 load=8.44,5.97,3.43 cpu_u=195362 n=0 s=117916 i=744186 io=635 irq=0 sirq=55031
[sys] 12:28:32 tcp_alloc=199839 tcp_mem_pages=3327 PruneCalled=0 RcvPruned=0 TCPRcvCollapsed=0 TCPAbortOnMemory=0 TCPMemoryPressures=0 TCPMemoryPressuresChrono=0 TCPBacklogDrop=0 TCPZeroWindowDrop=0 TCPRcvQDrop=0 MemAvailable:2249M SwapFree:1023M Dirty:0M Slab:861M psi_mem=avg60=0.00 psi_cpu=avg60=0.80 load=8.24,5.97,3.44 cpu_u=197369 n=0 s=118531 i=745571 io=635 irq=0 sirq=55576
  [diag] progress t=170s delivered=7555419 matched=7545020 events~=75 subscribed=99814 rss_mib=4500 swap_mib=0 fanout_done=false
[sys] 12:28:37 tcp_alloc=199839 tcp_mem_pages=14847 PruneCalled=0 RcvPruned=0 TCPRcvCollapsed=0 TCPAbortOnMemory=0 TCPMemoryPressures=0 TCPMemoryPressuresChrono=0 TCPBacklogDrop=0 TCPZeroWindowDrop=0 TCPRcvQDrop=0 MemAvailable:2270M SwapFree:1023M Dirty:0M Slab:863M psi_mem=avg60=0.00 psi_cpu=avg60=0.82 load=8.38,6.04,3.48 cpu_u=199426 n=0 s=119185 i=746834 io=635 irq=0 sirq=56152
[sys] 12:28:42 tcp_alloc=199839 tcp_mem_pages=6655 PruneCalled=0 RcvPruned=0 TCPRcvCollapsed=0 TCPAbortOnMemory=0 TCPMemoryPressures=0 TCPMemoryPressuresChrono=0 TCPBacklogDrop=0 TCPZeroWindowDrop=0 TCPRcvQDrop=0 MemAvailable:2258M SwapFree:1023M Dirty:0M Slab:859M psi_mem=avg60=0.00 psi_cpu=avg60=0.80 load=8.11,6.02,3.49 cpu_u=201274 n=0 s=119780 i=748484 io=635 irq=0 sirq=56685
  [diag] progress t=180s delivered=7929294 matched=7944276 events~=79 subscribed=99814 rss_mib=4498 swap_mib=0 fanout_done=false
[sys] 12:28:47 tcp_alloc=199946 tcp_mem_pages=2047 PruneCalled=0 RcvPruned=0 TCPRcvCollapsed=0 TCPAbortOnMemory=0 TCPMemoryPressures=0 TCPMemoryPressuresChrono=0 TCPBacklogDrop=0 TCPZeroWindowDrop=0 TCPRcvQDrop=0 MemAvailable:2218M SwapFree:1023M Dirty:0M Slab:855M psi_mem=avg60=0.00 psi_cpu=avg60=0.78 load=7.86,6.00,3.50 cpu_u=203540 n=0 s=120572 i=749671 io=635 irq=0 sirq=57290
[sys] 12:28:52 tcp_alloc=200025 tcp_mem_pages=6399 PruneCalled=0 RcvPruned=0 TCPRcvCollapsed=0 TCPAbortOnMemory=0 TCPMemoryPressures=0 TCPMemoryPressuresChrono=0 TCPBacklogDrop=0 TCPZeroWindowDrop=0 TCPRcvQDrop=0 MemAvailable:2294M SwapFree:1023M Dirty:0M Slab:860M psi_mem=avg60=0.00 psi_cpu=avg60=0.80 load=7.87,6.04,3.52 cpu_u=205709 n=0 s=121332 i=751011 io=636 irq=0 sirq=57838
  [diag] progress t=190s delivered=8652279 matched=8643480 events~=86 subscribed=100000 rss_mib=4526 swap_mib=0 fanout_done=false
[sys] 12:28:58 tcp_alloc=200025 tcp_mem_pages=1279 PruneCalled=0 RcvPruned=0 TCPRcvCollapsed=0 TCPAbortOnMemory=0 TCPMemoryPressures=0 TCPMemoryPressuresChrono=0 TCPBacklogDrop=0 TCPZeroWindowDrop=0 TCPRcvQDrop=0 MemAvailable:2203M SwapFree:1023M Dirty:0M Slab:859M psi_mem=avg60=0.00 psi_cpu=avg60=0.75 load=8.04,6.10,3.55 cpu_u=207834 n=0 s=122086 i=752312 io=636 irq=0 sirq=58393
[sys] 12:29:03 tcp_alloc=200025 tcp_mem_pages=8703 PruneCalled=0 RcvPruned=0 TCPRcvCollapsed=0 TCPAbortOnMemory=0 TCPMemoryPressures=0 TCPMemoryPressuresChrono=0 TCPBacklogDrop=0 TCPZeroWindowDrop=0 TCPRcvQDrop=0 MemAvailable:2189M SwapFree:1023M Dirty:0M Slab:857M psi_mem=avg60=0.00 psi_cpu=avg60=0.70 load=8.20,6.17,3.59 cpu_u=209982 n=0 s=122804 i=753732 io=636 irq=0 sirq=59004
  [diag] progress t=200s delivered=9349883 matched=9343480 events~=93 subscribed=100000 rss_mib=4559 swap_mib=0 fanout_done=false
[sys] 12:29:08 tcp_alloc=200025 tcp_mem_pages=7423 PruneCalled=0 RcvPruned=0 TCPRcvCollapsed=0 TCPAbortOnMemory=0 TCPMemoryPressures=0 TCPMemoryPressuresChrono=0 TCPBacklogDrop=0 TCPZeroWindowDrop=0 TCPRcvQDrop=0 MemAvailable:2226M SwapFree:1023M Dirty:0M Slab:862M psi_mem=avg60=0.00 psi_cpu=avg60=0.67 load=8.35,6.23,3.62 cpu_u=212143 n=0 s=123566 i=755132 io=636 irq=0 sirq=59585
[sys] 12:29:13 tcp_alloc=200025 tcp_mem_pages=511 PruneCalled=0 RcvPruned=0 TCPRcvCollapsed=0 TCPAbortOnMemory=0 TCPMemoryPressures=0 TCPMemoryPressuresChrono=0 TCPBacklogDrop=0 TCPZeroWindowDrop=0 TCPRcvQDrop=0 MemAvailable:2180M SwapFree:1023M Dirty:0M Slab:854M psi_mem=avg60=0.00 psi_cpu=avg60=0.62 load=8.40,6.28,3.65 cpu_u=214254 n=0 s=124338 i=756529 io=636 irq=0 sirq=60195
  [diag] progress t=210s delivered=10123924 matched=10043480 events~=100 subscribed=100000 rss_mib=4609 swap_mib=0 fanout_done=false
[sys] 12:29:18 tcp_alloc=200025 tcp_mem_pages=18175 PruneCalled=0 RcvPruned=0 TCPRcvCollapsed=0 TCPAbortOnMemory=0 TCPMemoryPressures=0 TCPMemoryPressuresChrono=0 TCPBacklogDrop=0 TCPZeroWindowDrop=0 TCPRcvQDrop=0 MemAvailable:2171M SwapFree:1023M Dirty:0M Slab:870M psi_mem=avg60=0.00 psi_cpu=avg60=0.63 load=8.37,6.31,3.68 cpu_u=216398 n=0 s=125055 i=757902 io=636 irq=0 sirq=60746
[sys] 12:29:23 tcp_alloc=200025 tcp_mem_pages=1023 PruneCalled=0 RcvPruned=0 TCPRcvCollapsed=0 TCPAbortOnMemory=0 TCPMemoryPressures=0 TCPMemoryPressuresChrono=0 TCPBacklogDrop=0 TCPZeroWindowDrop=0 TCPRcvQDrop=0 MemAvailable:2161M SwapFree:1023M Dirty:0M Slab:854M psi_mem=avg60=0.00 psi_cpu=avg60=0.72 load=8.50,6.37,3.71 cpu_u=218667 n=0 s=125864 i=759112 io=636 irq=0 sirq=61341
  [diag] progress t=220s delivered=10854695 matched=10843480 events~=108 subscribed=100000 rss_mib=4563 swap_mib=0 fanout_done=false
[sys] 12:29:28 tcp_alloc=200025 tcp_mem_pages=511 PruneCalled=0 RcvPruned=0 TCPRcvCollapsed=0 TCPAbortOnMemory=0 TCPMemoryPressures=0 TCPMemoryPressuresChrono=0 TCPBacklogDrop=0 TCPZeroWindowDrop=0 TCPRcvQDrop=0 MemAvailable:2155M SwapFree:1023M Dirty:0M Slab:853M psi_mem=avg60=0.00 psi_cpu=avg60=0.71 load=7.98,6.30,3.70 cpu_u=220756 n=0 s=126632 i=760493 io=636 irq=0 sirq=61927
[sys] 12:29:33 tcp_alloc=200025 tcp_mem_pages=55295 PruneCalled=0 RcvPruned=0 TCPRcvCollapsed=0 TCPAbortOnMemory=0 TCPMemoryPressures=0 TCPMemoryPressuresChrono=0 TCPBacklogDrop=0 TCPZeroWindowDrop=0 TCPRcvQDrop=0 MemAvailable:2067M SwapFree:1023M Dirty:0M Slab:921M psi_mem=avg60=0.00 psi_cpu=avg60=0.70 load=8.06,6.34,3.73 cpu_u=223035 n=0 s=127428 i=761734 io=637 irq=0 sirq=62558
  [diag] progress t=230s delivered=11602104 matched=11643480 events~=116 subscribed=100000 rss_mib=4607 swap_mib=0 fanout_done=false
[sys] 12:29:38 tcp_alloc=200025 tcp_mem_pages=13055 PruneCalled=0 RcvPruned=0 TCPRcvCollapsed=0 TCPAbortOnMemory=0 TCPMemoryPressures=0 TCPMemoryPressuresChrono=0 TCPBacklogDrop=0 TCPZeroWindowDrop=0 TCPRcvQDrop=0 MemAvailable:2173M SwapFree:1023M Dirty:0M Slab:862M psi_mem=avg60=0.00 psi_cpu=avg60=0.66 load=8.21,6.40,3.76 cpu_u=225223 n=0 s=128280 i=763011 io=637 irq=0 sirq=63155
[sys] 12:29:43 tcp_alloc=200025 tcp_mem_pages=14847 PruneCalled=0 RcvPruned=0 TCPRcvCollapsed=0 TCPAbortOnMemory=0 TCPMemoryPressures=0 TCPMemoryPressuresChrono=0 TCPBacklogDrop=0 TCPZeroWindowDrop=0 TCPRcvQDrop=0 MemAvailable:2160M SwapFree:1023M Dirty:0M Slab:874M psi_mem=avg60=0.00 psi_cpu=avg60=0.62 load=8.12,6.41,3.78 cpu_u=227312 n=0 s=129105 i=764320 io=637 irq=0 sirq=63767
  [diag] progress t=240s delivered=12584938 matched=12543480 events~=125 subscribed=100000 rss_mib=4563 swap_mib=0 fanout_done=false
[sys] 12:29:48 tcp_alloc=200025 tcp_mem_pages=0 PruneCalled=0 RcvPruned=0 TCPRcvCollapsed=0 TCPAbortOnMemory=0 TCPMemoryPressures=0 TCPMemoryPressuresChrono=0 TCPBacklogDrop=0 TCPZeroWindowDrop=0 TCPRcvQDrop=0 MemAvailable:2184M SwapFree:1023M Dirty:0M Slab:852M psi_mem=avg60=0.00 psi_cpu=avg60=0.56 load=8.19,6.45,3.81 cpu_u=229631 n=0 s=129950 i=765430 io=637 irq=0 sirq=64396
[sys] 12:29:53 tcp_alloc=200025 tcp_mem_pages=1791 PruneCalled=0 RcvPruned=0 TCPRcvCollapsed=0 TCPAbortOnMemory=0 TCPMemoryPressures=0 TCPMemoryPressuresChrono=0 TCPBacklogDrop=0 TCPZeroWindowDrop=0 TCPRcvQDrop=0 MemAvailable:2145M SwapFree:1023M Dirty:0M Slab:854M psi_mem=avg60=0.00 psi_cpu=avg60=0.54 load=8.33,6.51,3.84 cpu_u=231666 n=0 s=130715 i=766828 io=637 irq=0 sirq=64968
  [diag] progress t=250s delivered=13483678 matched=13443480 events~=134 subscribed=100000 rss_mib=4596 swap_mib=0 fanout_done=false
[sys] 12:29:58 tcp_alloc=200025 tcp_mem_pages=1791 PruneCalled=0 RcvPruned=0 TCPRcvCollapsed=0 TCPAbortOnMemory=0 TCPMemoryPressures=0 TCPMemoryPressuresChrono=0 TCPBacklogDrop=0 TCPZeroWindowDrop=0 TCPRcvQDrop=0 MemAvailable:2145M SwapFree:1023M Dirty:0M Slab:854M psi_mem=avg60=0.00 psi_cpu=avg60=0.57 load=8.47,6.57,3.88 cpu_u=233827 n=0 s=131571 i=768037 io=637 irq=0 sirq=65601
[sys] 12:30:03 tcp_alloc=200025 tcp_mem_pages=4095 PruneCalled=0 RcvPruned=0 TCPRcvCollapsed=0 TCPAbortOnMemory=0 TCPMemoryPressures=0 TCPMemoryPressuresChrono=0 TCPBacklogDrop=0 TCPZeroWindowDrop=0 TCPRcvQDrop=0 MemAvailable:2158M SwapFree:1023M Dirty:0M Slab:860M psi_mem=avg60=0.00 psi_cpu=avg60=0.51 load=8.59,6.63,3.91 cpu_u=235892 n=0 s=132379 i=769411 io=637 irq=0 sirq=66181
  [diag] progress t=260s delivered=14469858 matched=14443480 events~=144 subscribed=100000 rss_mib=4603 swap_mib=0 fanout_done=false
[sys] 12:30:08 tcp_alloc=200025 tcp_mem_pages=2815 PruneCalled=0 RcvPruned=0 TCPRcvCollapsed=0 TCPAbortOnMemory=0 TCPMemoryPressures=0 TCPMemoryPressuresChrono=0 TCPBacklogDrop=0 TCPZeroWindowDrop=0 TCPRcvQDrop=0 MemAvailable:2150M SwapFree:1023M Dirty:0M Slab:859M psi_mem=avg60=0.00 psi_cpu=avg60=0.51 load=8.62,6.67,3.94 cpu_u=238027 n=0 s=133191 i=770690 io=637 irq=0 sirq=66832
[sys] 12:30:13 tcp_alloc=200025 tcp_mem_pages=767 PruneCalled=0 RcvPruned=0 TCPRcvCollapsed=0 TCPAbortOnMemory=0 TCPMemoryPressures=0 TCPMemoryPressuresChrono=0 TCPBacklogDrop=0 TCPZeroWindowDrop=0 TCPRcvQDrop=0 MemAvailable:2170M SwapFree:1023M Dirty:0M Slab:853M psi_mem=avg60=0.00 psi_cpu=avg60=0.49 load=8.57,6.69,3.96 cpu_u=240171 n=0 s=134022 i=772004 io=637 irq=0 sirq=67441
  [diag] progress t=270s delivered=15443480 matched=15443480 events~=154 subscribed=100000 rss_mib=4571 swap_mib=0 fanout_done=false
[sys] 12:30:18 tcp_alloc=200025 tcp_mem_pages=17663 PruneCalled=0 RcvPruned=0 TCPRcvCollapsed=0 TCPAbortOnMemory=0 TCPMemoryPressures=0 TCPMemoryPressuresChrono=0 TCPBacklogDrop=0 TCPZeroWindowDrop=0 TCPRcvQDrop=0 MemAvailable:2157M SwapFree:1023M Dirty:0M Slab:872M psi_mem=avg60=0.00 psi_cpu=avg60=0.52 load=8.69,6.75,3.99 cpu_u=242292 n=0 s=134767 i=773410 io=637 irq=0 sirq=68016
[sys] 12:30:23 tcp_alloc=200025 tcp_mem_pages=12543 PruneCalled=0 RcvPruned=0 TCPRcvCollapsed=0 TCPAbortOnMemory=0 TCPMemoryPressures=0 TCPMemoryPressuresChrono=0 TCPBacklogDrop=0 TCPZeroWindowDrop=0 TCPRcvQDrop=0 MemAvailable:2188M SwapFree:1023M Dirty:0M Slab:862M psi_mem=avg60=0.00 psi_cpu=avg60=0.50 load=8.71,6.78,4.02 cpu_u=244456 n=0 s=135501 i=774745 io=637 irq=0 sirq=68573
  [diag] progress t=280s delivered=16133588 matched=16143480 events~=161 subscribed=100000 rss_mib=4563 swap_mib=0 fanout_done=false
[sys] 12:30:28 tcp_alloc=200025 tcp_mem_pages=3327 PruneCalled=0 RcvPruned=0 TCPRcvCollapsed=0 TCPAbortOnMemory=0 TCPMemoryPressures=0 TCPMemoryPressuresChrono=0 TCPBacklogDrop=0 TCPZeroWindowDrop=0 TCPRcvQDrop=0 MemAvailable:2195M SwapFree:1023M Dirty:0M Slab:861M psi_mem=avg60=0.00 psi_cpu=avg60=0.50 load=8.82,6.84,4.05 cpu_u=246535 n=0 s=136214 i=776244 io=637 irq=0 sirq=69131
[sys] 12:30:33 tcp_alloc=200025 tcp_mem_pages=18431 PruneCalled=0 RcvPruned=0 TCPRcvCollapsed=0 TCPAbortOnMemory=0 TCPMemoryPressures=0 TCPMemoryPressuresChrono=0 TCPBacklogDrop=0 TCPZeroWindowDrop=0 TCPRcvQDrop=0 MemAvailable:2197M SwapFree:1023M Dirty:0M Slab:868M psi_mem=avg60=0.00 psi_cpu=avg60=0.55 load=8.83,6.87,4.08 cpu_u=248775 n=0 s=136895 i=777400 io=638 irq=0 sirq=69714
  [diag] progress t=290s delivered=16662250 matched=16643480 events~=166 subscribed=100000 rss_mib=4577 swap_mib=0 fanout_done=false
[sys] 12:30:38 tcp_alloc=200025 tcp_mem_pages=7679 PruneCalled=0 RcvPruned=0 TCPRcvCollapsed=0 TCPAbortOnMemory=0 TCPMemoryPressures=0 TCPMemoryPressuresChrono=0 TCPBacklogDrop=0 TCPZeroWindowDrop=0 TCPRcvQDrop=0 MemAvailable:2207M SwapFree:1023M Dirty:0M Slab:857M psi_mem=avg60=0.00 psi_cpu=avg60=0.54 load=8.68,6.88,4.09 cpu_u=251026 n=0 s=137658 i=778652 io=638 irq=0 sirq=70313
[sys] 12:30:43 tcp_alloc=200025 tcp_mem_pages=2047 PruneCalled=0 RcvPruned=0 TCPRcvCollapsed=0 TCPAbortOnMemory=0 TCPMemoryPressures=0 TCPMemoryPressuresChrono=0 TCPBacklogDrop=0 TCPZeroWindowDrop=0 TCPRcvQDrop=0 MemAvailable:2192M SwapFree:1023M Dirty:0M Slab:853M psi_mem=avg60=0.00 psi_cpu=avg60=0.52 load=8.79,6.93,4.13 cpu_u=253200 n=0 s=138382 i=780091 io=638 irq=0 sirq=70911
  [diag] at window end: connected=100000 subscribed=100000 connect_failed=0 subscribed_at_start=89835 late_subscribers=10165 (late subscribers' pre-subscribe events stay in the drop count)
  [diag] router: matched=17343480 delivered=17343480 dropped=0 faulted=0 events_fanned_out~=173 (matched/subscribed)
  [diag] undelivered breakdown (events): never_connected_x_events=0 pre_subscribe_or_not_yet_fanned_out=32656520 router_dropped=0 router_faulted=0 in_flight_or_unaccounted=67878 sum=32724398 (attempted-delivered=32724398)
  [diag] completed=false (delivered 17275602 of 50000000 before the 300s window) peak_rss_mib=4623
  [diag] finish: fanout_done=false reachable=17343480 delivered=17275602 elapsed_to_finish=n/a
  [diag] stages events=176 match=538.72ms/ev deliver=1149.29ms/ev ack_scan=13.20ms/ev busy=299.41s wall=300.01s busy_frac=0.998
  [diag] cpu proc_cpu=2159.82s wall=300.01s cores_used=7.20 nproc=10
  [diag] fanout_task_finished=false (true = replicator budget exhausted before the window closed)
  [diag] progress t=300s delivered=17275602 matched=17343480 events~=173 subscribed=100000 rss_mib=4563 swap_mib=0 fanout_done=false

=== nostos-bench-10k probe ===
  clients   : 100000
  events    : 500 (attempted deliveries: 50000000)
  window    : 300s
  ---------------------------
  delivered : 17275602
  ops/sec   : 57583
  drop%     : 65.45
  elapsed   : 300.01s
  elapsed_to_finish : n/a (window expired)
  ops/sec (finish)  : n/a
SOAK rc=0 12:30:46
HOST tier=100000 end 22:30:46 load1=11.61 rc=0 MIDRUN samples=27 viol=0 viol_pct=0.0 other_mean=69 other_max=147 load1_max=12.83 valid=yes
HOST tier=100000 start 22:32:16 load1=3.99 waited=60s samples=host-cpu-tier100000-223216.log
env: Linux 7.0.12-linuxkit aarch64 nproc=10 nofile=1048576 mem=8124516kB swap=1048572kB tcp_rmem=4096-131072-33554432 tcp_wmem=4096-16384-4194304
SOAK start 12:32:16 clients=100000 events=500 window=300 ack=1 listeners=2
  [diag] listeners: ws://127.0.0.1:18157/sync ws://127.0.0.2:20909/sync
[sys] 12:32:16 tcp_alloc=23 tcp_mem_pages=0 PruneCalled=0 RcvPruned=0 TCPRcvCollapsed=0 TCPAbortOnMemory=0 TCPMemoryPressures=0 TCPMemoryPressuresChrono=0 TCPBacklogDrop=0 TCPZeroWindowDrop=0 TCPRcvQDrop=0 MemAvailable:7311M SwapFree:1023M Dirty:0M Slab:149M psi_mem=avg60=0.00 psi_cpu=avg60=0.12 load=1.98,5.16,3.77 cpu_u=253841 n=0 s=138733 i=871863 io=645 irq=0 sirq=71110
[sys] 12:32:21 tcp_alloc=100920 tcp_mem_pages=41471 PruneCalled=0 RcvPruned=0 TCPRcvCollapsed=0 TCPAbortOnMemory=0 TCPMemoryPressures=0 TCPMemoryPressuresChrono=0 TCPBacklogDrop=0 TCPZeroWindowDrop=0 TCPRcvQDrop=0 MemAvailable:6025M SwapFree:1023M Dirty:0M Slab:530M psi_mem=avg60=0.00 psi_cpu=avg60=0.17 load=2.46,5.21,3.79 cpu_u=253958 n=0 s=143289 i=872015 io=645 irq=0 sirq=71169
[sys] 12:32:26 tcp_alloc=125527 tcp_mem_pages=48383 PruneCalled=0 RcvPruned=0 TCPRcvCollapsed=0 TCPAbortOnMemory=0 TCPMemoryPressures=0 TCPMemoryPressuresChrono=0 TCPBacklogDrop=0 TCPZeroWindowDrop=0 TCPRcvQDrop=0 MemAvailable:5798M SwapFree:1023M Dirty:0M Slab:625M psi_mem=avg60=0.00 psi_cpu=avg60=0.19 load=3.06,5.29,3.83 cpu_u=253999 n=0 s=148081 i=872050 io=645 irq=0 sirq=71188
[sys] 12:32:31 tcp_alloc=171019 tcp_mem_pages=29695 PruneCalled=0 RcvPruned=0 TCPRcvCollapsed=0 TCPAbortOnMemory=0 TCPMemoryPressures=0 TCPMemoryPressuresChrono=0 TCPBacklogDrop=0 TCPZeroWindowDrop=0 TCPRcvQDrop=0 MemAvailable:3827M SwapFree:1023M Dirty:0M Slab:821M psi_mem=avg60=0.00 psi_cpu=avg60=0.27 load=2.82,5.20,3.81 cpu_u=254526 n=0 s=149086 i=875216 io=645 irq=0 sirq=71359
[sys] 12:32:37 tcp_alloc=179146 tcp_mem_pages=22527 PruneCalled=0 RcvPruned=0 TCPRcvCollapsed=0 TCPAbortOnMemory=0 TCPMemoryPressures=0 TCPMemoryPressuresChrono=0 TCPBacklogDrop=0 TCPZeroWindowDrop=0 TCPRcvQDrop=0 MemAvailable:3550M SwapFree:1023M Dirty:0M Slab:846M psi_mem=avg60=0.00 psi_cpu=avg60=0.25 load=2.59,5.11,3.79 cpu_u=254659 n=0 s=149182 i=879930 io=645 irq=0 sirq=71411
[sys] 12:32:42 tcp_alloc=183047 tcp_mem_pages=18175 PruneCalled=0 RcvPruned=0 TCPRcvCollapsed=0 TCPAbortOnMemory=0 TCPMemoryPressures=0 TCPMemoryPressuresChrono=0 TCPBacklogDrop=0 TCPZeroWindowDrop=0 TCPRcvQDrop=0 MemAvailable:3473M SwapFree:1023M Dirty:0M Slab:857M psi_mem=avg60=0.00 psi_cpu=avg60=0.22 load=2.38,5.03,3.76 cpu_u=254730 n=0 s=149235 i=884773 io=645 irq=0 sirq=71443
[sys] 12:32:47 tcp_alloc=183310 tcp_mem_pages=17919 PruneCalled=0 RcvPruned=0 TCPRcvCollapsed=0 TCPAbortOnMemory=0 TCPMemoryPressures=0 TCPMemoryPressuresChrono=0 TCPBacklogDrop=0 TCPZeroWindowDrop=0 TCPRcvQDrop=0 MemAvailable:3467M SwapFree:1023M Dirty:0M Slab:857M psi_mem=avg60=0.00 psi_cpu=avg60=0.21 load=2.19,4.94,3.74 cpu_u=254738 n=0 s=149242 i=889750 io=645 irq=0 sirq=71449
[sys] 12:32:52 tcp_alloc=183351 tcp_mem_pages=17919 PruneCalled=0 RcvPruned=0 TCPRcvCollapsed=0 TCPAbortOnMemory=0 TCPMemoryPressures=0 TCPMemoryPressuresChrono=0 TCPBacklogDrop=0 TCPZeroWindowDrop=0 TCPRcvQDrop=0 MemAvailable:3467M SwapFree:1023M Dirty:0M Slab:857M psi_mem=avg60=0.00 psi_cpu=avg60=0.19 load=2.02,4.86,3.72 cpu_u=254743 n=0 s=149246 i=894752 io=645 irq=0 sirq=71450
  [diag] subscribe quorum after 35.53s: connected=83292 subscribed=83292 connect_failed=0 complete=false (ceiling 500s, stall 5s)
[sys] 12:32:57 tcp_alloc=185248 tcp_mem_pages=24575 PruneCalled=0 RcvPruned=0 TCPRcvCollapsed=0 TCPAbortOnMemory=0 TCPMemoryPressures=0 TCPMemoryPressuresChrono=0 TCPBacklogDrop=0 TCPZeroWindowDrop=0 TCPRcvQDrop=0 MemAvailable:3233M SwapFree:1023M Dirty:0M Slab:861M psi_mem=avg60=0.00 psi_cpu=avg60=0.21 load=2.42,4.90,3.74 cpu_u=256430 n=0 s=149877 i=896879 io=646 irq=0 sirq=71910
[sys] 12:33:02 tcp_alloc=185258 tcp_mem_pages=27391 PruneCalled=0 RcvPruned=0 TCPRcvCollapsed=0 TCPAbortOnMemory=0 TCPMemoryPressures=0 TCPMemoryPressuresChrono=0 TCPBacklogDrop=0 TCPZeroWindowDrop=0 TCPRcvQDrop=0 MemAvailable:3053M SwapFree:1023M Dirty:0M Slab:860M psi_mem=avg60=0.00 psi_cpu=avg60=0.19 load=2.54,4.88,3.74 cpu_u=258600 n=0 s=150761 i=898067 io=646 irq=0 sirq=72552
  [diag] progress t=10s delivered=803118 matched=764536 events~=8 subscribed=85231 rss_mib=3579 swap_mib=0 fanout_done=false
[sys] 12:33:07 tcp_alloc=185258 tcp_mem_pages=17919 PruneCalled=0 RcvPruned=0 TCPRcvCollapsed=0 TCPAbortOnMemory=0 TCPMemoryPressures=0 TCPMemoryPressuresChrono=0 TCPBacklogDrop=0 TCPZeroWindowDrop=0 TCPRcvQDrop=0 MemAvailable:3044M SwapFree:1023M Dirty:0M Slab:860M psi_mem=avg60=0.00 psi_cpu=avg60=0.17 load=3.14,4.97,3.78 cpu_u=260633 n=0 s=151525 i=899493 io=646 irq=0 sirq=73133
[sys] 12:33:12 tcp_alloc=185258 tcp_mem_pages=36351 PruneCalled=0 RcvPruned=0 TCPRcvCollapsed=0 TCPAbortOnMemory=0 TCPMemoryPressures=0 TCPMemoryPressuresChrono=0 TCPBacklogDrop=0 TCPZeroWindowDrop=0 TCPRcvQDrop=0 MemAvailable:3039M SwapFree:1023M Dirty:0M Slab:860M psi_mem=avg60=0.00 psi_cpu=avg60=0.16 load=3.69,5.05,3.81 cpu_u=262790 n=0 s=152403 i=900701 io=646 irq=0 sirq=73773
  [diag] progress t=20s delivered=1673256 matched=1616846 events~=18 subscribed=85231 rss_mib=3586 swap_mib=0 fanout_done=false
[sys] 12:33:17 tcp_alloc=185258 tcp_mem_pages=15103 PruneCalled=0 RcvPruned=0 TCPRcvCollapsed=0 TCPAbortOnMemory=0 TCPMemoryPressures=0 TCPMemoryPressuresChrono=0 TCPBacklogDrop=0 TCPZeroWindowDrop=0 TCPRcvQDrop=0 MemAvailable:3031M SwapFree:1023M Dirty:0M Slab:860M psi_mem=avg60=0.00 psi_cpu=avg60=0.15 load=3.47,4.98,3.80 cpu_u=264920 n=0 s=153182 i=902045 io=646 irq=0 sirq=74338
[sys] 12:33:22 tcp_alloc=186160 tcp_mem_pages=18175 PruneCalled=0 RcvPruned=0 TCPRcvCollapsed=0 TCPAbortOnMemory=0 TCPMemoryPressures=0 TCPMemoryPressuresChrono=0 TCPBacklogDrop=0 TCPZeroWindowDrop=0 TCPRcvQDrop=0 MemAvailable:2918M SwapFree:1023M Dirty:0M Slab:862M psi_mem=avg60=0.00 psi_cpu=avg60=0.16 load=4.00,5.07,3.83 cpu_u=267077 n=0 s=153983 i=903249 io=646 irq=0 sirq=74954
  [diag] progress t=30s delivered=2469978 matched=2469978 events~=28 subscribed=86135 rss_mib=3717 swap_mib=0 fanout_done=false
[sys] 12:33:27 tcp_alloc=186160 tcp_mem_pages=16127 PruneCalled=0 RcvPruned=0 TCPRcvCollapsed=0 TCPAbortOnMemory=0 TCPMemoryPressures=0 TCPMemoryPressuresChrono=0 TCPBacklogDrop=0 TCPZeroWindowDrop=0 TCPRcvQDrop=0 MemAvailable:2854M SwapFree:1023M Dirty:0M Slab:862M psi_mem=avg60=0.00 psi_cpu=avg60=0.15 load=4.48,5.15,3.86 cpu_u=269212 n=0 s=154770 i=904629 io=646 irq=0 sirq=75572
[sys] 12:33:32 tcp_alloc=186160 tcp_mem_pages=25855 PruneCalled=0 RcvPruned=0 TCPRcvCollapsed=0 TCPAbortOnMemory=0 TCPMemoryPressures=0 TCPMemoryPressuresChrono=0 TCPBacklogDrop=0 TCPZeroWindowDrop=0 TCPRcvQDrop=0 MemAvailable:2776M SwapFree:1023M Dirty:0M Slab:862M psi_mem=avg60=0.00 psi_cpu=avg60=0.14 load=4.92,5.23,3.90 cpu_u=271319 n=0 s=155485 i=906014 io=646 irq=0 sirq=76112
  [diag] progress t=40s delivered=3184875 matched=3159058 events~=36 subscribed=86135 rss_mib=3835 swap_mib=0 fanout_done=false
[sys] 12:33:37 tcp_alloc=186160 tcp_mem_pages=22783 PruneCalled=0 RcvPruned=0 TCPRcvCollapsed=0 TCPAbortOnMemory=0 TCPMemoryPressures=0 TCPMemoryPressuresChrono=0 TCPBacklogDrop=0 TCPZeroWindowDrop=0 TCPRcvQDrop=0 MemAvailable:2695M SwapFree:1023M Dirty:0M Slab:862M psi_mem=avg60=0.00 psi_cpu=avg60=0.16 load=5.01,5.24,3.91 cpu_u=273489 n=0 s=156283 i=907299 io=646 irq=0 sirq=76698
[sys] 12:33:42 tcp_alloc=186160 tcp_mem_pages=19455 PruneCalled=0 RcvPruned=0 TCPRcvCollapsed=0 TCPAbortOnMemory=0 TCPMemoryPressures=0 TCPMemoryPressuresChrono=0 TCPBacklogDrop=0 TCPZeroWindowDrop=0 TCPRcvQDrop=0 MemAvailable:2611M SwapFree:1023M Dirty:0M Slab:862M psi_mem=avg60=0.00 psi_cpu=avg60=0.17 load=5.33,5.31,3.93 cpu_u=275585 n=0 s=156986 i=908598 io=646 irq=0 sirq=77245
  [diag] progress t=50s delivered=3785468 matched=3762003 events~=43 subscribed=86135 rss_mib=4013 swap_mib=0 fanout_done=false
[sys] 12:33:47 tcp_alloc=186160 tcp_mem_pages=14847 PruneCalled=0 RcvPruned=0 TCPRcvCollapsed=0 TCPAbortOnMemory=0 TCPMemoryPressures=0 TCPMemoryPressuresChrono=0 TCPBacklogDrop=0 TCPZeroWindowDrop=0 TCPRcvQDrop=0 MemAvailable:2567M SwapFree:1023M Dirty:0M Slab:862M psi_mem=avg60=0.00 psi_cpu=avg60=0.16 load=5.70,5.38,3.97 cpu_u=277622 n=0 s=157785 i=909857 io=646 irq=0 sirq=77847
[sys] 12:33:52 tcp_alloc=186160 tcp_mem_pages=46847 PruneCalled=0 RcvPruned=0 TCPRcvCollapsed=0 TCPAbortOnMemory=0 TCPMemoryPressures=0 TCPMemoryPressuresChrono=0 TCPBacklogDrop=0 TCPZeroWindowDrop=0 TCPRcvQDrop=0 MemAvailable:2586M SwapFree:1023M Dirty:0M Slab:862M psi_mem=avg60=0.00 psi_cpu=avg60=0.18 load=6.05,5.46,4.00 cpu_u=279857 n=0 s=158564 i=911072 io=646 irq=0 sirq=78435
  [diag] progress t=60s delivered=4512221 matched=4537218 events~=52 subscribed=86135 rss_mib=4057 swap_mib=0 fanout_done=false
[sys] 12:33:57 tcp_alloc=186160 tcp_mem_pages=45823 PruneCalled=0 RcvPruned=0 TCPRcvCollapsed=0 TCPAbortOnMemory=0 TCPMemoryPressures=0 TCPMemoryPressuresChrono=0 TCPBacklogDrop=0 TCPZeroWindowDrop=0 TCPRcvQDrop=0 MemAvailable:2559M SwapFree:1023M Dirty:0M Slab:862M psi_mem=avg60=0.00 psi_cpu=avg60=0.20 load=5.56,5.37,3.98 cpu_u=281979 n=0 s=159422 i=912259 io=646 irq=0 sirq=79041
[sys] 12:34:02 tcp_alloc=186160 tcp_mem_pages=16127 PruneCalled=0 RcvPruned=0 TCPRcvCollapsed=0 TCPAbortOnMemory=0 TCPMemoryPressures=0 TCPMemoryPressuresChrono=0 TCPBacklogDrop=0 TCPZeroWindowDrop=0 TCPRcvQDrop=0 MemAvailable:2508M SwapFree:1023M Dirty:0M Slab:862M psi_mem=avg60=0.00 psi_cpu=avg60=0.24 load=5.60,5.38,3.99 cpu_u=284172 n=0 s=160287 i=913486 io=647 irq=0 sirq=79639
  [diag] progress t=70s delivered=5484703 matched=5484703 events~=63 subscribed=86135 rss_mib=4206 swap_mib=0 fanout_done=false
[sys] 12:34:07 tcp_alloc=186160 tcp_mem_pages=19967 PruneCalled=0 RcvPruned=0 TCPRcvCollapsed=0 TCPAbortOnMemory=0 TCPMemoryPressures=0 TCPMemoryPressuresChrono=0 TCPBacklogDrop=0 TCPZeroWindowDrop=0 TCPRcvQDrop=0 MemAvailable:2489M SwapFree:1023M Dirty:0M Slab:862M psi_mem=avg60=0.00 psi_cpu=avg60=0.26 load=5.95,5.46,4.02 cpu_u=286267 n=0 s=161126 i=914752 io=647 irq=0 sirq=80259
[sys] 12:34:12 tcp_alloc=186160 tcp_mem_pages=15359 PruneCalled=0 RcvPruned=0 TCPRcvCollapsed=0 TCPAbortOnMemory=0 TCPMemoryPressures=0 TCPMemoryPressuresChrono=0 TCPBacklogDrop=0 TCPZeroWindowDrop=0 TCPRcvQDrop=0 MemAvailable:2493M SwapFree:1023M Dirty:0M Slab:862M psi_mem=avg60=0.00 psi_cpu=avg60=0.26 load=6.19,5.52,4.05 cpu_u=288377 n=0 s=161999 i=915964 io=647 irq=0 sirq=80886
  [diag] progress t=80s delivered=6543723 matched=6518323 events~=75 subscribed=86135 rss_mib=4186 swap_mib=0 fanout_done=false
[sys] 12:34:17 tcp_alloc=192120 tcp_mem_pages=18431 PruneCalled=0 RcvPruned=0 TCPRcvCollapsed=0 TCPAbortOnMemory=0 TCPMemoryPressures=0 TCPMemoryPressuresChrono=0 TCPBacklogDrop=0 TCPZeroWindowDrop=0 TCPRcvQDrop=0 MemAvailable:2536M SwapFree:1023M Dirty:0M Slab:867M psi_mem=avg60=0.00 psi_cpu=avg60=0.31 load=6.50,5.59,4.08 cpu_u=290470 n=0 s=163079 i=917133 io=647 irq=0 sirq=81445
[sys] 12:34:22 tcp_alloc=195690 tcp_mem_pages=71935 PruneCalled=0 RcvPruned=0 TCPRcvCollapsed=0 TCPAbortOnMemory=0 TCPMemoryPressures=0 TCPMemoryPressuresChrono=0 TCPBacklogDrop=0 TCPZeroWindowDrop=0 TCPRcvQDrop=0 MemAvailable:2470M SwapFree:1023M Dirty:0M Slab:912M psi_mem=avg60=0.00 psi_cpu=avg60=0.34 load=6.78,5.66,4.11 cpu_u=292616 n=0 s=163907 i=918383 io=648 irq=0 sirq=82043
  [diag] progress t=90s delivered=7396847 matched=7416031 events~=77 subscribed=95665 rss_mib=4206 swap_mib=0 fanout_done=false
[sys] 12:34:27 tcp_alloc=195690 tcp_mem_pages=47615 PruneCalled=0 RcvPruned=0 TCPRcvCollapsed=0 TCPAbortOnMemory=0 TCPMemoryPressures=0 TCPMemoryPressuresChrono=0 TCPBacklogDrop=0 TCPZeroWindowDrop=0 TCPRcvQDrop=0 MemAvailable:2491M SwapFree:1023M Dirty:0M Slab:884M psi_mem=avg60=0.00 psi_cpu=avg60=0.37 load=7.04,5.74,4.15 cpu_u=294789 n=0 s=164645 i=919668 io=648 irq=0 sirq=82621
[sys] 12:34:32 tcp_alloc=195690 tcp_mem_pages=9471 PruneCalled=0 RcvPruned=0 TCPRcvCollapsed=0 TCPAbortOnMemory=0 TCPMemoryPressures=0 TCPMemoryPressuresChrono=0 TCPBacklogDrop=0 TCPZeroWindowDrop=0 TCPRcvQDrop=0 MemAvailable:2495M SwapFree:1023M Dirty:0M Slab:867M psi_mem=avg60=0.00 psi_cpu=avg60=0.38 load=7.28,5.81,4.18 cpu_u=296991 n=0 s=165419 i=921044 io=648 irq=0 sirq=83208
  [diag] progress t=100s delivered=8095965 matched=8181351 events~=85 subscribed=95665 rss_mib=4238 swap_mib=0 fanout_done=false
[sys] 12:34:37 tcp_alloc=195690 tcp_mem_pages=8959 PruneCalled=0 RcvPruned=0 TCPRcvCollapsed=0 TCPAbortOnMemory=0 TCPMemoryPressures=0 TCPMemoryPressuresChrono=0 TCPBacklogDrop=0 TCPZeroWindowDrop=0 TCPRcvQDrop=0 MemAvailable:2490M SwapFree:1023M Dirty:0M Slab:868M psi_mem=avg60=0.00 psi_cpu=avg60=0.41 load=7.33,5.84,4.20 cpu_u=299256 n=0 s=166180 i=922314 io=648 irq=0 sirq=83782
[sys] 12:34:42 tcp_alloc=195690 tcp_mem_pages=14335 PruneCalled=0 RcvPruned=0 TCPRcvCollapsed=0 TCPAbortOnMemory=0 TCPMemoryPressures=0 TCPMemoryPressuresChrono=0 TCPBacklogDrop=0 TCPZeroWindowDrop=0 TCPRcvQDrop=0 MemAvailable:2481M SwapFree:1023M Dirty:0M Slab:867M psi_mem=avg60=0.00 psi_cpu=avg60=0.41 load=6.83,5.76,4.18 cpu_u=301377 n=0 s=166895 i=923725 io=648 irq=0 sirq=84343
  [diag] progress t=110s delivered=8702238 matched=8659676 events~=90 subscribed=95665 rss_mib=4257 swap_mib=0 fanout_done=false
[sys] 12:34:47 tcp_alloc=195690 tcp_mem_pages=15359 PruneCalled=0 RcvPruned=0 TCPRcvCollapsed=0 TCPAbortOnMemory=0 TCPMemoryPressures=0 TCPMemoryPressuresChrono=0 TCPBacklogDrop=0 TCPZeroWindowDrop=0 TCPRcvQDrop=0 MemAvailable:2465M SwapFree:1023M Dirty:0M Slab:867M psi_mem=avg60=0.00 psi_cpu=avg60=0.40 load=6.92,5.80,4.20 cpu_u=303481 n=0 s=167698 i=925130 io=648 irq=0 sirq=84924
[sys] 12:34:52 tcp_alloc=195690 tcp_mem_pages=18943 PruneCalled=0 RcvPruned=0 TCPRcvCollapsed=0 TCPAbortOnMemory=0 TCPMemoryPressures=0 TCPMemoryPressuresChrono=0 TCPBacklogDrop=0 TCPZeroWindowDrop=0 TCPRcvQDrop=0 MemAvailable:2489M SwapFree:1023M Dirty:0M Slab:867M psi_mem=avg60=0.00 psi_cpu=avg60=0.41 load=7.09,5.85,4.23 cpu_u=305638 n=0 s=168471 i=926462 io=648 irq=0 sirq=85518
  [diag] progress t=120s delivered=9479456 matched=9520661 events~=99 subscribed=95665 rss_mib=4237 swap_mib=0 fanout_done=false
[sys] 12:34:57 tcp_alloc=195690 tcp_mem_pages=13055 PruneCalled=0 RcvPruned=0 TCPRcvCollapsed=0 TCPAbortOnMemory=0 TCPMemoryPressures=0 TCPMemoryPressuresChrono=0 TCPBacklogDrop=0 TCPZeroWindowDrop=0 TCPRcvQDrop=0 MemAvailable:2393M SwapFree:1023M Dirty:0M Slab:867M psi_mem=avg60=0.00 psi_cpu=avg60=0.40 load=7.32,5.92,4.26 cpu_u=307808 n=0 s=169262 i=927769 io=648 irq=0 sirq=86095
[sys] 12:35:02 tcp_alloc=195690 tcp_mem_pages=56319 PruneCalled=0 RcvPruned=0 TCPRcvCollapsed=0 TCPAbortOnMemory=0 TCPMemoryPressures=0 TCPMemoryPressuresChrono=0 TCPBacklogDrop=0 TCPZeroWindowDrop=0 TCPRcvQDrop=0 MemAvailable:2306M SwapFree:1023M Dirty:0M Slab:923M psi_mem=avg60=0.00 psi_cpu=avg60=0.40 load=7.54,5.99,4.29 cpu_u=310014 n=0 s=170033 i=929041 io=649 irq=0 sirq=86706
  [diag] progress t=130s delivered=10143122 matched=10190316 events~=106 subscribed=95665 rss_mib=4357 swap_mib=0 fanout_done=false
[sys] 12:35:07 tcp_alloc=195690 tcp_mem_pages=9471 PruneCalled=0 RcvPruned=0 TCPRcvCollapsed=0 TCPAbortOnMemory=0 TCPMemoryPressures=0 TCPMemoryPressuresChrono=0 TCPBacklogDrop=0 TCPZeroWindowDrop=0 TCPRcvQDrop=0 MemAvailable:2340M SwapFree:1023M Dirty:0M Slab:868M psi_mem=avg60=0.00 psi_cpu=avg60=0.40 load=7.73,6.06,4.32 cpu_u=312242 n=0 s=170779 i=930363 io=649 irq=0 sirq=87219
  [diag] progress t=140s delivered=10859971 matched=10859971 events~=113 subscribed=95665 rss_mib=4414 swap_mib=0 fanout_done=false
[sys] 12:35:12 tcp_alloc=195690 tcp_mem_pages=4863 PruneCalled=0 RcvPruned=0 TCPRcvCollapsed=0 TCPAbortOnMemory=0 TCPMemoryPressures=0 TCPMemoryPressuresChrono=0 TCPBacklogDrop=0 TCPZeroWindowDrop=0 TCPRcvQDrop=0 MemAvailable:2312M SwapFree:1023M Dirty:0M Slab:867M psi_mem=avg60=0.00 psi_cpu=avg60=0.40 load=7.83,6.11,4.35 cpu_u=314445 n=0 s=171573 i=931654 io=649 irq=0 sirq=87801
[sys] 12:35:17 tcp_alloc=195690 tcp_mem_pages=15871 PruneCalled=0 RcvPruned=0 TCPRcvCollapsed=0 TCPAbortOnMemory=0 TCPMemoryPressures=0 TCPMemoryPressuresChrono=0 TCPBacklogDrop=0 TCPZeroWindowDrop=0 TCPRcvQDrop=0 MemAvailable:2296M SwapFree:1023M Dirty:0M Slab:867M psi_mem=avg60=0.00 psi_cpu=avg60=0.39 load=7.77,6.12,4.36 cpu_u=316593 n=0 s=172400 i=932986 io=649 irq=0 sirq=88403
  [diag] progress t=150s delivered=11526133 matched=11529626 events~=120 subscribed=95665 rss_mib=4428 swap_mib=0 fanout_done=false
[sys] 12:35:22 tcp_alloc=195690 tcp_mem_pages=10495 PruneCalled=0 RcvPruned=0 TCPRcvCollapsed=0 TCPAbortOnMemory=0 TCPMemoryPressures=0 TCPMemoryPressuresChrono=0 TCPBacklogDrop=0 TCPZeroWindowDrop=0 TCPRcvQDrop=0 MemAvailable:2322M SwapFree:1023M Dirty:0M Slab:873M psi_mem=avg60=0.00 psi_cpu=avg60=0.47 load=7.87,6.17,4.39 cpu_u=318821 n=0 s=173112 i=934186 io=649 irq=0 sirq=88935
[sys] 12:35:27 tcp_alloc=195690 tcp_mem_pages=11775 PruneCalled=0 RcvPruned=0 TCPRcvCollapsed=0 TCPAbortOnMemory=0 TCPMemoryPressures=0 TCPMemoryPressuresChrono=0 TCPBacklogDrop=0 TCPZeroWindowDrop=0 TCPRcvQDrop=0 MemAvailable:2349M SwapFree:1023M Dirty:0M Slab:867M psi_mem=avg60=0.00 psi_cpu=avg60=0.52 load=8.04,6.23,4.42 cpu_u=320951 n=0 s=173823 i=935604 io=649 irq=0 sirq=89486
  [diag] progress t=160s delivered=12030834 matched=12007951 events~=125 subscribed=95665 rss_mib=4414 swap_mib=0 fanout_done=false
[sys] 12:35:32 tcp_alloc=195690 tcp_mem_pages=22015 PruneCalled=0 RcvPruned=0 TCPRcvCollapsed=0 TCPAbortOnMemory=0 TCPMemoryPressures=0 TCPMemoryPressuresChrono=0 TCPBacklogDrop=0 TCPZeroWindowDrop=0 TCPRcvQDrop=0 MemAvailable:2348M SwapFree:1023M Dirty:0M Slab:867M psi_mem=avg60=0.00 psi_cpu=avg60=0.51 load=7.87,6.23,4.43 cpu_u=323088 n=0 s=174505 i=937081 io=649 irq=0 sirq=90029
[sys] 12:35:38 tcp_alloc=195690 tcp_mem_pages=17663 PruneCalled=0 RcvPruned=0 TCPRcvCollapsed=0 TCPAbortOnMemory=0 TCPMemoryPressures=0 TCPMemoryPressuresChrono=0 TCPBacklogDrop=0 TCPZeroWindowDrop=0 TCPRcvQDrop=0 MemAvailable:2346M SwapFree:1023M Dirty:0M Slab:877M psi_mem=avg60=0.00 psi_cpu=avg60=0.53 load=8.04,6.29,4.46 cpu_u=325161 n=0 s=175214 i=938443 io=649 irq=0 sirq=90578
  [diag] progress t=170s delivered=12555798 matched=12581941 events~=131 subscribed=95665 rss_mib=4414 swap_mib=0 fanout_done=false
[sys] 12:35:43 tcp_alloc=195690 tcp_mem_pages=10239 PruneCalled=0 RcvPruned=0 TCPRcvCollapsed=0 TCPAbortOnMemory=0 TCPMemoryPressures=0 TCPMemoryPressuresChrono=0 TCPBacklogDrop=0 TCPZeroWindowDrop=0 TCPRcvQDrop=0 MemAvailable:2339M SwapFree:1023M Dirty:0M Slab:867M psi_mem=avg60=0.00 psi_cpu=avg60=0.53 load=7.88,6.29,4.46 cpu_u=327143 n=0 s=175923 i=939960 io=649 irq=0 sirq=91156
[sys] 12:35:48 tcp_alloc=195690 tcp_mem_pages=14591 PruneCalled=0 RcvPruned=0 TCPRcvCollapsed=0 TCPAbortOnMemory=0 TCPMemoryPressures=0 TCPMemoryPressuresChrono=0 TCPBacklogDrop=0 TCPZeroWindowDrop=0 TCPRcvQDrop=0 MemAvailable:2343M SwapFree:1023M Dirty:0M Slab:867M psi_mem=avg60=0.00 psi_cpu=avg60=0.54 load=8.05,6.35,4.49 cpu_u=329243 n=0 s=176627 i=941353 io=649 irq=0 sirq=91706
  [diag] progress t=180s delivered=13060266 matched=13060266 events~=136 subscribed=95665 rss_mib=4414 swap_mib=0 fanout_done=false
[sys] 12:35:53 tcp_alloc=195690 tcp_mem_pages=14847 PruneCalled=0 RcvPruned=0 TCPRcvCollapsed=0 TCPAbortOnMemory=0 TCPMemoryPressures=0 TCPMemoryPressuresChrono=0 TCPBacklogDrop=0 TCPZeroWindowDrop=0 TCPRcvQDrop=0 MemAvailable:2327M SwapFree:1023M Dirty:0M Slab:868M psi_mem=avg60=0.00 psi_cpu=avg60=0.54 load=8.21,6.41,4.52 cpu_u=331332 n=0 s=177309 i=942767 io=649 irq=0 sirq=92228
[sys] 12:35:58 tcp_alloc=195691 tcp_mem_pages=6911 PruneCalled=0 RcvPruned=0 TCPRcvCollapsed=0 TCPAbortOnMemory=0 TCPMemoryPressures=0 TCPMemoryPressuresChrono=0 TCPBacklogDrop=0 TCPZeroWindowDrop=0 TCPRcvQDrop=0 MemAvailable:2321M SwapFree:1023M Dirty:0M Slab:867M psi_mem=avg60=0.00 psi_cpu=avg60=0.65 load=8.67,6.54,4.57 cpu_u=333477 n=0 s=178046 i=944227 io=649 irq=0 sirq=92810
  [diag] progress t=190s delivered=13630811 matched=13634256 events~=141 subscribed=96398 rss_mib=4414 swap_mib=0 fanout_done=false
[sys] 12:36:03 tcp_alloc=197616 tcp_mem_pages=12287 PruneCalled=0 RcvPruned=0 TCPRcvCollapsed=0 TCPAbortOnMemory=0 TCPMemoryPressures=0 TCPMemoryPressuresChrono=0 TCPBacklogDrop=0 TCPZeroWindowDrop=0 TCPRcvQDrop=0 MemAvailable:2321M SwapFree:1023M Dirty:0M Slab:858M psi_mem=avg60=0.00 psi_cpu=avg60=0.70 load=8.78,6.60,4.60 cpu_u=335505 n=0 s=179176 i=945468 io=650 irq=0 sirq=93301
[sys] 12:36:08 tcp_alloc=199433 tcp_mem_pages=1791 PruneCalled=0 RcvPruned=0 TCPRcvCollapsed=0 TCPAbortOnMemory=0 TCPMemoryPressures=0 TCPMemoryPressuresChrono=0 TCPBacklogDrop=0 TCPZeroWindowDrop=0 TCPRcvQDrop=0 MemAvailable:2333M SwapFree:1023M Dirty:0M Slab:856M psi_mem=avg60=0.00 psi_cpu=avg60=0.70 load=8.23,6.52,4.59 cpu_u=337552 n=0 s=179810 i=946946 io=650 irq=0 sirq=93843
  [diag] progress t=200s delivered=14058152 matched=14026696 events~=140 subscribed=99744 rss_mib=4416 swap_mib=0 fanout_done=false
[sys] 12:36:13 tcp_alloc=199899 tcp_mem_pages=17663 PruneCalled=0 RcvPruned=0 TCPRcvCollapsed=0 TCPAbortOnMemory=0 TCPMemoryPressures=0 TCPMemoryPressuresChrono=0 TCPBacklogDrop=0 TCPZeroWindowDrop=0 TCPRcvQDrop=0 MemAvailable:2319M SwapFree:1023M Dirty:0M Slab:866M psi_mem=avg60=0.00 psi_cpu=avg60=0.65 load=8.38,6.58,4.62 cpu_u=339609 n=0 s=180507 i=948416 io=650 irq=0 sirq=94478
[sys] 12:36:18 tcp_alloc=200015 tcp_mem_pages=11519 PruneCalled=0 RcvPruned=0 TCPRcvCollapsed=0 TCPAbortOnMemory=0 TCPMemoryPressures=0 TCPMemoryPressuresChrono=0 TCPBacklogDrop=0 TCPZeroWindowDrop=0 TCPRcvQDrop=0 MemAvailable:2305M SwapFree:1023M Dirty:0M Slab:860M psi_mem=avg60=0.00 psi_cpu=avg60=0.59 load=8.51,6.63,4.65 cpu_u=341699 n=0 s=181230 i=949841 io=650 irq=0 sirq=95088
  [diag] progress t=210s delivered=14652152 matched=14626140 events~=146 subscribed=99989 rss_mib=4471 swap_mib=0 fanout_done=false
[sys] 12:36:23 tcp_alloc=200015 tcp_mem_pages=9471 PruneCalled=0 RcvPruned=0 TCPRcvCollapsed=0 TCPAbortOnMemory=0 TCPMemoryPressures=0 TCPMemoryPressuresChrono=0 TCPBacklogDrop=0 TCPZeroWindowDrop=0 TCPRcvQDrop=0 MemAvailable:2337M SwapFree:1023M Dirty:0M Slab:858M psi_mem=avg60=0.00 psi_cpu=avg60=0.58 load=8.07,6.57,4.64 cpu_u=343837 n=0 s=181962 i=951221 io=650 irq=0 sirq=95685
[sys] 12:36:28 tcp_alloc=200015 tcp_mem_pages=4863 PruneCalled=0 RcvPruned=0 TCPRcvCollapsed=0 TCPAbortOnMemory=0 TCPMemoryPressures=0 TCPMemoryPressuresChrono=0 TCPBacklogDrop=0 TCPZeroWindowDrop=0 TCPRcvQDrop=0 MemAvailable:2283M SwapFree:1023M Dirty:0M Slab:856M psi_mem=avg60=0.00 psi_cpu=avg60=0.56 load=8.22,6.63,4.67 cpu_u=345826 n=0 s=182602 i=952730 io=650 irq=0 sirq=96205
  [diag] progress t=220s delivered=15150942 matched=15126085 events~=151 subscribed=99989 rss_mib=4471 swap_mib=0 fanout_done=false
[sys] 12:36:33 tcp_alloc=200015 tcp_mem_pages=5887 PruneCalled=0 RcvPruned=0 TCPRcvCollapsed=0 TCPAbortOnMemory=0 TCPMemoryPressures=0 TCPMemoryPressuresChrono=0 TCPBacklogDrop=0 TCPZeroWindowDrop=0 TCPRcvQDrop=0 MemAvailable:2324M SwapFree:1023M Dirty:0M Slab:860M psi_mem=avg60=0.00 psi_cpu=avg60=0.55 load=8.36,6.69,4.70 cpu_u=348035 n=0 s=183331 i=954059 io=650 irq=0 sirq=96823
[sys] 12:36:38 tcp_alloc=200015 tcp_mem_pages=1023 PruneCalled=0 RcvPruned=0 TCPRcvCollapsed=0 TCPAbortOnMemory=0 TCPMemoryPressures=0 TCPMemoryPressuresChrono=0 TCPBacklogDrop=0 TCPZeroWindowDrop=0 TCPRcvQDrop=0 MemAvailable:2341M SwapFree:1023M Dirty:0M Slab:854M psi_mem=avg60=0.00 psi_cpu=avg60=0.53 load=8.33,6.71,4.71 cpu_u=350094 n=0 s=184089 i=955566 io=650 irq=0 sirq=97388
  [diag] progress t=230s delivered=15970649 matched=15925997 events~=159 subscribed=99989 rss_mib=4469 swap_mib=0 fanout_done=false
[sys] 12:36:43 tcp_alloc=200015 tcp_mem_pages=13311 PruneCalled=0 RcvPruned=0 TCPRcvCollapsed=0 TCPAbortOnMemory=0 TCPMemoryPressures=0 TCPMemoryPressuresChrono=0 TCPBacklogDrop=0 TCPZeroWindowDrop=0 TCPRcvQDrop=0 MemAvailable:2296M SwapFree:1023M Dirty:0M Slab:862M psi_mem=avg60=0.00 psi_cpu=avg60=0.50 load=8.47,6.76,4.74 cpu_u=352185 n=0 s=184864 i=956852 io=650 irq=0 sirq=98060
[sys] 12:36:48 tcp_alloc=200015 tcp_mem_pages=36607 PruneCalled=0 RcvPruned=0 TCPRcvCollapsed=0 TCPAbortOnMemory=0 TCPMemoryPressures=0 TCPMemoryPressuresChrono=0 TCPBacklogDrop=0 TCPZeroWindowDrop=0 TCPRcvQDrop=0 MemAvailable:2281M SwapFree:1023M Dirty:0M Slab:890M psi_mem=avg60=0.00 psi_cpu=avg60=0.54 load=8.27,6.75,4.75 cpu_u=354337 n=0 s=185556 i=958336 io=651 irq=0 sirq=98624
  [diag] progress t=240s delivered=16430457 matched=16525931 events~=165 subscribed=99989 rss_mib=4392 swap_mib=0 fanout_done=false
[sys] 12:36:53 tcp_alloc=200015 tcp_mem_pages=43519 PruneCalled=0 RcvPruned=0 TCPRcvCollapsed=0 TCPAbortOnMemory=0 TCPMemoryPressures=0 TCPMemoryPressuresChrono=0 TCPBacklogDrop=0 TCPZeroWindowDrop=0 TCPRcvQDrop=0 MemAvailable:2337M SwapFree:1023M Dirty:0M Slab:897M psi_mem=avg60=0.00 psi_cpu=avg60=0.59 load=8.41,6.81,4.78 cpu_u=356538 n=0 s=186206 i=959393 io=651 irq=0 sirq=99227
[sys] 12:36:58 tcp_alloc=200015 tcp_mem_pages=7167 PruneCalled=0 RcvPruned=0 TCPRcvCollapsed=0 TCPAbortOnMemory=0 TCPMemoryPressures=0 TCPMemoryPressuresChrono=0 TCPBacklogDrop=0 TCPZeroWindowDrop=0 TCPRcvQDrop=0 MemAvailable:2370M SwapFree:1023M Dirty:0M Slab:864M psi_mem=avg60=0.00 psi_cpu=avg60=0.58 load=8.54,6.86,4.81 cpu_u=358752 n=0 s=186884 i=960698 io=651 irq=0 sirq=99717
  [diag] progress t=250s delivered=16861010 matched=16825898 events~=168 subscribed=99989 rss_mib=4428 swap_mib=0 fanout_done=false
[sys] 12:37:03 tcp_alloc=200015 tcp_mem_pages=19967 PruneCalled=0 RcvPruned=0 TCPRcvCollapsed=0 TCPAbortOnMemory=0 TCPMemoryPressures=0 TCPMemoryPressuresChrono=0 TCPBacklogDrop=0 TCPZeroWindowDrop=0 TCPRcvQDrop=0 MemAvailable:2377M SwapFree:1023M Dirty:0M Slab:870M psi_mem=avg60=0.00 psi_cpu=avg60=0.62 load=8.73,6.93,4.84 cpu_u=360999 n=0 s=187621 i=961892 io=651 irq=0 sirq=100376
[sys] 12:37:08 tcp_alloc=200015 tcp_mem_pages=9471 PruneCalled=0 RcvPruned=0 TCPRcvCollapsed=0 TCPAbortOnMemory=0 TCPMemoryPressures=0 TCPMemoryPressuresChrono=0 TCPBacklogDrop=0 TCPZeroWindowDrop=0 TCPRcvQDrop=0 MemAvailable:2363M SwapFree:1023M Dirty:0M Slab:867M psi_mem=avg60=0.00 psi_cpu=avg60=0.61 load=8.84,6.98,4.87 cpu_u=362847 n=0 s=188234 i=963694 io=651 irq=0 sirq=100896
  [diag] progress t=260s delivered=17237079 matched=17225854 events~=172 subscribed=99989 rss_mib=4465 swap_mib=0 fanout_done=false
[sys] 12:37:13 tcp_alloc=200015 tcp_mem_pages=18431 PruneCalled=0 RcvPruned=0 TCPRcvCollapsed=0 TCPAbortOnMemory=0 TCPMemoryPressures=0 TCPMemoryPressuresChrono=0 TCPBacklogDrop=0 TCPZeroWindowDrop=0 TCPRcvQDrop=0 MemAvailable:2358M SwapFree:1023M Dirty:0M Slab:868M psi_mem=avg60=0.00 psi_cpu=avg60=0.58 load=8.85,7.01,4.89 cpu_u=364948 n=0 s=188891 i=965263 io=652 irq=0 sirq=101475
[sys] 12:37:18 tcp_alloc=200015 tcp_mem_pages=3839 PruneCalled=0 RcvPruned=0 TCPRcvCollapsed=0 TCPAbortOnMemory=0 TCPMemoryPressures=0 TCPMemoryPressuresChrono=0 TCPBacklogDrop=0 TCPZeroWindowDrop=0 TCPRcvQDrop=0 MemAvailable:2304M SwapFree:1023M Dirty:0M Slab:854M psi_mem=avg60=0.00 psi_cpu=avg60=0.58 load=8.94,7.06,4.92 cpu_u=366979 n=0 s=189891 i=966164 io=652 irq=0 sirq=102199
  [diag] progress t=270s delivered=20440961 matched=20425502 events~=204 subscribed=99989 rss_mib=4479 swap_mib=0 fanout_done=false
[sys] 12:37:23 tcp_alloc=200015 tcp_mem_pages=1279 PruneCalled=0 RcvPruned=0 TCPRcvCollapsed=0 TCPAbortOnMemory=0 TCPMemoryPressures=0 TCPMemoryPressuresChrono=0 TCPBacklogDrop=0 TCPZeroWindowDrop=0 TCPRcvQDrop=0 MemAvailable:2276M SwapFree:1023M Dirty:0M Slab:853M psi_mem=avg60=0.00 psi_cpu=avg60=0.55 load=9.03,7.11,4.95 cpu_u=369247 n=0 s=191119 i=966569 io=652 irq=0 sirq=103158
[sys] 12:37:28 tcp_alloc=200015 tcp_mem_pages=3839 PruneCalled=0 RcvPruned=0 TCPRcvCollapsed=0 TCPAbortOnMemory=0 TCPMemoryPressures=0 TCPMemoryPressuresChrono=0 TCPBacklogDrop=0 TCPZeroWindowDrop=0 TCPRcvQDrop=0 MemAvailable:2307M SwapFree:1023M Dirty:0M Slab:854M psi_mem=avg60=0.00 psi_cpu=avg60=0.55 load=9.10,7.16,4.97 cpu_u=371509 n=0 s=192367 i=967008 io=652 irq=0 sirq=104122
  [diag] progress t=280s delivered=25027619 matched=25024996 events~=250 subscribed=99989 rss_mib=4470 swap_mib=0 fanout_done=false
[sys] 12:37:33 tcp_alloc=200015 tcp_mem_pages=4863 PruneCalled=0 RcvPruned=0 TCPRcvCollapsed=0 TCPAbortOnMemory=0 TCPMemoryPressures=0 TCPMemoryPressuresChrono=0 TCPBacklogDrop=0 TCPZeroWindowDrop=0 TCPRcvQDrop=0 MemAvailable:2310M SwapFree:1023M Dirty:0M Slab:857M psi_mem=avg60=0.00 psi_cpu=avg60=0.50 load=9.18,7.21,5.00 cpu_u=373671 n=0 s=193585 i=967518 io=652 irq=0 sirq=105082
[sys] 12:37:38 tcp_alloc=200015 tcp_mem_pages=11519 PruneCalled=0 RcvPruned=0 TCPRcvCollapsed=0 TCPAbortOnMemory=0 TCPMemoryPressures=0 TCPMemoryPressuresChrono=0 TCPBacklogDrop=0 TCPZeroWindowDrop=0 TCPRcvQDrop=0 MemAvailable:2240M SwapFree:1023M Dirty:0M Slab:860M psi_mem=avg60=0.00 psi_cpu=avg60=0.46 load=9.00,7.20,5.01 cpu_u=375968 n=0 s=194826 i=967968 io=652 irq=0 sirq=106050
  [diag] progress t=290s delivered=29783887 matched=29824468 events~=298 subscribed=99989 rss_mib=4455 swap_mib=0 fanout_done=false
[sys] 12:37:43 tcp_alloc=200015 tcp_mem_pages=3327 PruneCalled=0 RcvPruned=0 TCPRcvCollapsed=0 TCPAbortOnMemory=0 TCPMemoryPressures=0 TCPMemoryPressuresChrono=0 TCPBacklogDrop=0 TCPZeroWindowDrop=0 TCPRcvQDrop=0 MemAvailable:2296M SwapFree:1023M Dirty:0M Slab:853M psi_mem=avg60=0.00 psi_cpu=avg60=0.42 load=9.08,7.25,5.04 cpu_u=378342 n=0 s=196065 i=968369 io=652 irq=0 sirq=106999
[sys] 12:37:49 tcp_alloc=200015 tcp_mem_pages=3327 PruneCalled=0 RcvPruned=0 TCPRcvCollapsed=0 TCPAbortOnMemory=0 TCPMemoryPressures=0 TCPMemoryPressuresChrono=0 TCPBacklogDrop=0 TCPZeroWindowDrop=0 TCPRcvQDrop=0 MemAvailable:2277M SwapFree:1023M Dirty:0M Slab:856M psi_mem=avg60=0.00 psi_cpu=avg60=0.39 load=9.16,7.30,5.07 cpu_u=380679 n=0 s=197321 i=968769 io=652 irq=0 sirq=107980
  [diag] at window end: connected=99989 subscribed=99989 connect_failed=0 subscribed_at_start=83292 late_subscribers=16697 (late subscribers' pre-subscribe events stay in the drop count)
  [diag] router: matched=34823918 delivered=34823918 dropped=0 faulted=0 events_fanned_out~=348 (matched/subscribed)
  [diag] undelivered breakdown (events): never_connected_x_events=5500 pre_subscribe_or_not_yet_fanned_out=15170582 router_dropped=0 router_faulted=0 in_flight_or_unaccounted=7453 sum=15183535 (attempted-delivered=15183535)
  [diag] completed=false (delivered 34816465 of 50000000 before the 300s window) peak_rss_mib=4513
  [diag] finish: fanout_done=false reachable=34823918 delivered=34816465 elapsed_to_finish=n/a
  [diag] stages events=363 match=193.87ms/ev deliver=547.82ms/ev ack_scan=83.47ms/ev busy=299.53s wall=300.01s busy_frac=0.998
  [diag] cpu proc_cpu=2235.95s wall=300.01s cores_used=7.45 nproc=10
  [diag] fanout_task_finished=false (true = replicator budget exhausted before the window closed)
  [diag] progress t=300s delivered=34816401 matched=34823918 events~=348 subscribed=99989 rss_mib=4493 swap_mib=0 fanout_done=false

=== nostos-bench-10k probe ===
  clients   : 100000
  events    : 500 (attempted deliveries: 50000000)
  window    : 300s
  ---------------------------
  delivered : 34816465
  ops/sec   : 116052
  drop%     : 30.37
  elapsed   : 300.01s
  elapsed_to_finish : n/a (window expired)
  ops/sec (finish)  : n/a
SOAK rc=0 12:37:53
HOST tier=100000 end 22:37:54 load1=11.68 rc=0 MIDRUN samples=27 viol=0 viol_pct=0.0 other_mean=56 other_max=105 load1_max=12.53 valid=yes
HOST tier=100000 start 22:38:24 load1=7.96 waited=0s samples=host-cpu-tier100000-223824.log
env: Linux 7.0.12-linuxkit aarch64 nproc=10 nofile=1048576 mem=8124516kB swap=1048572kB tcp_rmem=4096-131072-33554432 tcp_wmem=4096-16384-4194304
SOAK start 12:38:24 clients=100000 events=500 window=300 ack=16 listeners=2
  [diag] listeners: ws://127.0.0.1:2573/sync ws://127.0.0.2:2979/sync
[sys] 12:38:24 tcp_alloc=26 tcp_mem_pages=0 PruneCalled=0 RcvPruned=0 TCPRcvCollapsed=0 TCPAbortOnMemory=0 TCPMemoryPressures=0 TCPMemoryPressuresChrono=0 TCPBacklogDrop=0 TCPZeroWindowDrop=0 TCPRcvQDrop=0 MemAvailable:7328M SwapFree:1023M Dirty:0M Slab:134M psi_mem=avg60=0.00 psi_cpu=avg60=0.21 load=5.14,6.53,4.90 cpu_u=382463 n=0 s=198365 i=1000341 io=658 irq=0 sirq=108751
[sys] 12:38:29 tcp_alloc=107586 tcp_mem_pages=40703 PruneCalled=0 RcvPruned=0 TCPRcvCollapsed=0 TCPAbortOnMemory=0 TCPMemoryPressures=0 TCPMemoryPressuresChrono=0 TCPBacklogDrop=0 TCPZeroWindowDrop=0 TCPRcvQDrop=0 MemAvailable:5954M SwapFree:1023M Dirty:0M Slab:558M psi_mem=avg60=0.00 psi_cpu=avg60=0.26 load=5.53,6.58,4.93 cpu_u=382571 n=0 s=202983 i=1000494 io=658 irq=0 sirq=108805
[sys] 12:38:34 tcp_alloc=129153 tcp_mem_pages=50431 PruneCalled=0 RcvPruned=0 TCPRcvCollapsed=0 TCPAbortOnMemory=0 TCPMemoryPressures=0 TCPMemoryPressuresChrono=0 TCPBacklogDrop=0 TCPZeroWindowDrop=0 TCPRcvQDrop=0 MemAvailable:5692M SwapFree:1023M Dirty:0M Slab:642M psi_mem=avg60=0.00 psi_cpu=avg60=0.23 load=5.89,6.64,4.96 cpu_u=382611 n=0 s=207892 i=1000509 io=658 irq=0 sirq=108818
[sys] 12:38:39 tcp_alloc=177660 tcp_mem_pages=23039 PruneCalled=0 RcvPruned=0 TCPRcvCollapsed=0 TCPAbortOnMemory=0 TCPMemoryPressures=0 TCPMemoryPressuresChrono=0 TCPBacklogDrop=0 TCPZeroWindowDrop=0 TCPRcvQDrop=0 MemAvailable:3690M SwapFree:1023M Dirty:0M Slab:839M psi_mem=avg60=0.00 psi_cpu=avg60=0.28 load=5.42,6.53,4.93 cpu_u=383007 n=0 s=208427 i=1004400 io=658 irq=0 sirq=108941
[sys] 12:38:44 tcp_alloc=183101 tcp_mem_pages=16383 PruneCalled=0 RcvPruned=0 TCPRcvCollapsed=0 TCPAbortOnMemory=0 TCPMemoryPressures=0 TCPMemoryPressuresChrono=0 TCPBacklogDrop=0 TCPZeroWindowDrop=0 TCPRcvQDrop=0 MemAvailable:3505M SwapFree:1023M Dirty:0M Slab:854M psi_mem=avg60=0.00 psi_cpu=avg60=0.25 load=4.98,6.42,4.90 cpu_u=383065 n=0 s=208494 i=1009244 io=658 irq=0 sirq=108969
[sys] 12:38:49 tcp_alloc=185440 tcp_mem_pages=15359 PruneCalled=0 RcvPruned=0 TCPRcvCollapsed=0 TCPAbortOnMemory=0 TCPMemoryPressures=0 TCPMemoryPressuresChrono=0 TCPBacklogDrop=0 TCPZeroWindowDrop=0 TCPRcvQDrop=0 MemAvailable:3453M SwapFree:1023M Dirty:0M Slab:860M psi_mem=avg60=0.00 psi_cpu=avg60=0.24 load=4.58,6.32,4.88 cpu_u=383089 n=0 s=208518 i=1014190 io=658 irq=0 sirq=108980
[sys] 12:38:54 tcp_alloc=185441 tcp_mem_pages=15359 PruneCalled=0 RcvPruned=0 TCPRcvCollapsed=0 TCPAbortOnMemory=0 TCPMemoryPressures=0 TCPMemoryPressuresChrono=0 TCPBacklogDrop=0 TCPZeroWindowDrop=0 TCPRcvQDrop=0 MemAvailable:3453M SwapFree:1023M Dirty:0M Slab:860M psi_mem=avg60=0.00 psi_cpu=avg60=0.21 load=4.22,6.21,4.85 cpu_u=383091 n=0 s=208522 i=1019197 io=659 irq=0 sirq=108980
[sys] 12:38:59 tcp_alloc=185619 tcp_mem_pages=15359 PruneCalled=0 RcvPruned=0 TCPRcvCollapsed=0 TCPAbortOnMemory=0 TCPMemoryPressures=0 TCPMemoryPressuresChrono=0 TCPBacklogDrop=0 TCPZeroWindowDrop=0 TCPRcvQDrop=0 MemAvailable:3465M SwapFree:1023M Dirty:0M Slab:861M psi_mem=avg60=0.00 psi_cpu=avg60=0.20 load=3.88,6.11,4.82 cpu_u=383094 n=0 s=208525 i=1024198 io=659 irq=0 sirq=108981
  [diag] subscribe quorum after 34.90s: connected=85585 subscribed=85585 connect_failed=0 complete=false (ceiling 500s, stall 5s)
[sys] 12:39:04 tcp_alloc=190511 tcp_mem_pages=12543 PruneCalled=0 RcvPruned=0 TCPRcvCollapsed=0 TCPAbortOnMemory=0 TCPMemoryPressures=0 TCPMemoryPressuresChrono=0 TCPBacklogDrop=0 TCPZeroWindowDrop=0 TCPRcvQDrop=0 MemAvailable:2503M SwapFree:1023M Dirty:0M Slab:869M psi_mem=avg60=0.00 psi_cpu=avg60=0.21 load=4.37,6.17,4.85 cpu_u=385287 n=0 s=209737 i=1024788 io=659 irq=0 sirq=109924
[sys] 12:39:09 tcp_alloc=190640 tcp_mem_pages=10751 PruneCalled=0 RcvPruned=0 TCPRcvCollapsed=0 TCPAbortOnMemory=0 TCPMemoryPressures=0 TCPMemoryPressuresChrono=0 TCPBacklogDrop=0 TCPZeroWindowDrop=0 TCPRcvQDrop=0 MemAvailable:2274M SwapFree:1023M Dirty:0M Slab:870M psi_mem=avg60=0.00 psi_cpu=avg60=0.20 load=4.82,6.24,4.88 cpu_u=387521 n=0 s=210994 i=1025233 io=659 irq=0 sirq=110910
  [diag] progress t=10s delivered=5235829 matched=5211034 events~=57 subscribed=90613 rss_mib=4396 swap_mib=0 fanout_done=false
[sys] 12:39:14 tcp_alloc=190769 tcp_mem_pages=18687 PruneCalled=0 RcvPruned=0 TCPRcvCollapsed=0 TCPAbortOnMemory=0 TCPMemoryPressures=0 TCPMemoryPressuresChrono=0 TCPBacklogDrop=0 TCPZeroWindowDrop=0 TCPRcvQDrop=0 MemAvailable:2246M SwapFree:1023M Dirty:0M Slab:870M psi_mem=avg60=0.00 psi_cpu=avg60=0.18 load=5.23,6.30,4.91 cpu_u=389847 n=0 s=212223 i=1025673 io=659 irq=0 sirq=111900
  [diag] progress t=20s delivered=10854113 matched=10832781 events~=119 subscribed=90742 rss_mib=4429 swap_mib=0 fanout_done=false
[sys] 12:39:19 tcp_alloc=190769 tcp_mem_pages=11519 PruneCalled=0 RcvPruned=0 TCPRcvCollapsed=0 TCPAbortOnMemory=0 TCPMemoryPressures=0 TCPMemoryPressuresChrono=0 TCPBacklogDrop=0 TCPZeroWindowDrop=0 TCPRcvQDrop=0 MemAvailable:2238M SwapFree:1023M Dirty:0M Slab:870M psi_mem=avg60=0.00 psi_cpu=avg60=0.16 load=5.62,6.36,4.94 cpu_u=392106 n=0 s=213457 i=1026148 io=659 irq=0 sirq=112890
[sys] 12:39:24 tcp_alloc=190769 tcp_mem_pages=11007 PruneCalled=0 RcvPruned=0 TCPRcvCollapsed=0 TCPAbortOnMemory=0 TCPMemoryPressures=0 TCPMemoryPressuresChrono=0 TCPBacklogDrop=0 TCPZeroWindowDrop=0 TCPRcvQDrop=0 MemAvailable:2218M SwapFree:1023M Dirty:0M Slab:870M psi_mem=avg60=0.00 psi_cpu=avg60=0.15 load=5.97,6.42,4.96 cpu_u=394319 n=0 s=214655 i=1026713 io=659 irq=0 sirq=113835
  [diag] progress t=30s delivered=15985425 matched=16008726 events~=175 subscribed=91064 rss_mib=4430 swap_mib=0 fanout_done=false
[sys] 12:39:29 tcp_alloc=191090 tcp_mem_pages=12031 PruneCalled=0 RcvPruned=0 TCPRcvCollapsed=0 TCPAbortOnMemory=0 TCPMemoryPressures=0 TCPMemoryPressuresChrono=0 TCPBacklogDrop=0 TCPZeroWindowDrop=0 TCPRcvQDrop=0 MemAvailable:2238M SwapFree:1023M Dirty:0M Slab:871M psi_mem=avg60=0.00 psi_cpu=avg60=0.14 load=6.29,6.48,4.99 cpu_u=396615 n=0 s=215906 i=1027134 io=659 irq=0 sirq=114804
[sys] 12:39:34 tcp_alloc=192329 tcp_mem_pages=12543 PruneCalled=0 RcvPruned=0 TCPRcvCollapsed=0 TCPAbortOnMemory=0 TCPMemoryPressures=0 TCPMemoryPressuresChrono=0 TCPBacklogDrop=0 TCPZeroWindowDrop=0 TCPRcvQDrop=0 MemAvailable:2214M SwapFree:1023M Dirty:0M Slab:872M psi_mem=avg60=0.00 psi_cpu=avg60=0.12 load=6.59,6.54,5.02 cpu_u=398871 n=0 s=217117 i=1027629 io=659 irq=0 sirq=115769
  [diag] progress t=40s delivered=21059413 matched=21059452 events~=228 subscribed=92303 rss_mib=4448 swap_mib=0 fanout_done=false
[sys] 12:39:39 tcp_alloc=192329 tcp_mem_pages=9215 PruneCalled=0 RcvPruned=0 TCPRcvCollapsed=0 TCPAbortOnMemory=0 TCPMemoryPressures=0 TCPMemoryPressuresChrono=0 TCPBacklogDrop=0 TCPZeroWindowDrop=0 TCPRcvQDrop=0 MemAvailable:2236M SwapFree:1023M Dirty:0M Slab:873M psi_mem=avg60=0.00 psi_cpu=avg60=0.15 load=6.86,6.60,5.04 cpu_u=401090 n=0 s=218321 i=1028141 io=659 irq=0 sirq=116713
[sys] 12:39:44 tcp_alloc=192329 tcp_mem_pages=10751 PruneCalled=0 RcvPruned=0 TCPRcvCollapsed=0 TCPAbortOnMemory=0 TCPMemoryPressures=0 TCPMemoryPressuresChrono=0 TCPBacklogDrop=0 TCPZeroWindowDrop=0 TCPRcvQDrop=0 MemAvailable:2183M SwapFree:1023M Dirty:0M Slab:873M psi_mem=avg60=0.00 psi_cpu=avg60=0.13 load=7.11,6.65,5.07 cpu_u=403397 n=0 s=219572 i=1028570 io=659 irq=0 sirq=117686
  [diag] progress t=50s delivered=26302161 matched=26320723 events~=285 subscribed=92303 rss_mib=4462 swap_mib=0 fanout_done=false
[sys] 12:39:49 tcp_alloc=192329 tcp_mem_pages=13567 PruneCalled=0 RcvPruned=0 TCPRcvCollapsed=0 TCPAbortOnMemory=0 TCPMemoryPressures=0 TCPMemoryPressuresChrono=0 TCPBacklogDrop=0 TCPZeroWindowDrop=0 TCPRcvQDrop=0 MemAvailable:2198M SwapFree:1023M Dirty:0M Slab:873M psi_mem=avg60=0.00 psi_cpu=avg60=0.12 load=7.34,6.71,5.10 cpu_u=405592 n=0 s=220794 i=1029078 io=659 irq=0 sirq=118629
[sys] 12:39:54 tcp_alloc=192329 tcp_mem_pages=13567 PruneCalled=0 RcvPruned=0 TCPRcvCollapsed=0 TCPAbortOnMemory=0 TCPMemoryPressures=0 TCPMemoryPressuresChrono=0 TCPBacklogDrop=0 TCPZeroWindowDrop=0 TCPRcvQDrop=0 MemAvailable:2209M SwapFree:1023M Dirty:0M Slab:873M psi_mem=avg60=0.00 psi_cpu=avg60=0.11 load=7.56,6.76,5.12 cpu_u=407832 n=0 s=222018 i=1029562 io=659 irq=0 sirq=119560
  [diag] progress t=60s delivered=31122802 matched=31120479 events~=337 subscribed=92303 rss_mib=4453 swap_mib=0 fanout_done=false
[sys] 12:39:59 tcp_alloc=192329 tcp_mem_pages=13567 PruneCalled=0 RcvPruned=0 TCPRcvCollapsed=0 TCPAbortOnMemory=0 TCPMemoryPressures=0 TCPMemoryPressuresChrono=0 TCPBacklogDrop=0 TCPZeroWindowDrop=0 TCPRcvQDrop=0 MemAvailable:2229M SwapFree:1023M Dirty:0M Slab:873M psi_mem=avg60=0.00 psi_cpu=avg60=0.10 load=7.75,6.82,5.15 cpu_u=410041 n=0 s=223212 i=1030067 io=659 irq=0 sirq=120486
[sys] 12:40:04 tcp_alloc=192329 tcp_mem_pages=8703 PruneCalled=0 RcvPruned=0 TCPRcvCollapsed=0 TCPAbortOnMemory=0 TCPMemoryPressures=0 TCPMemoryPressuresChrono=0 TCPBacklogDrop=0 TCPZeroWindowDrop=0 TCPRcvQDrop=0 MemAvailable:2222M SwapFree:1023M Dirty:0M Slab:873M psi_mem=avg60=0.00 psi_cpu=avg60=0.09 load=7.93,6.87,5.18 cpu_u=412359 n=0 s=224434 i=1030539 io=659 irq=0 sirq=121437
  [diag] progress t=70s delivered=36438340 matched=36474053 events~=395 subscribed=92303 rss_mib=4455 swap_mib=0 fanout_done=false
[sys] 12:40:09 tcp_alloc=192329 tcp_mem_pages=9215 PruneCalled=0 RcvPruned=0 TCPRcvCollapsed=0 TCPAbortOnMemory=0 TCPMemoryPressures=0 TCPMemoryPressuresChrono=0 TCPBacklogDrop=0 TCPZeroWindowDrop=0 TCPRcvQDrop=0 MemAvailable:2250M SwapFree:1023M Dirty:0M Slab:873M psi_mem=avg60=0.00 psi_cpu=avg60=0.08 load=8.10,6.92,5.20 cpu_u=414636 n=0 s=225692 i=1030992 io=659 irq=0 sirq=122405
[sys] 12:40:14 tcp_alloc=192329 tcp_mem_pages=17151 PruneCalled=0 RcvPruned=0 TCPRcvCollapsed=0 TCPAbortOnMemory=0 TCPMemoryPressures=0 TCPMemoryPressuresChrono=0 TCPBacklogDrop=0 TCPZeroWindowDrop=0 TCPRcvQDrop=0 MemAvailable:2225M SwapFree:1023M Dirty:0M Slab:873M psi_mem=avg60=0.00 psi_cpu=avg60=0.08 load=8.25,6.97,5.23 cpu_u=416787 n=0 s=226893 i=1031662 io=660 irq=0 sirq=123292
  [diag] progress t=80s delivered=40692750 matched=40719991 events~=441 subscribed=92303 rss_mib=4467 swap_mib=0 fanout_done=false
[sys] 12:40:19 tcp_alloc=193615 tcp_mem_pages=15359 PruneCalled=0 RcvPruned=0 TCPRcvCollapsed=0 TCPAbortOnMemory=0 TCPMemoryPressures=0 TCPMemoryPressuresChrono=0 TCPBacklogDrop=0 TCPZeroWindowDrop=0 TCPRcvQDrop=0 MemAvailable:2221M SwapFree:1023M Dirty:0M Slab:859M psi_mem=avg60=0.00 psi_cpu=avg60=0.13 load=8.39,7.02,5.26 cpu_u=418994 n=0 s=228155 i=1032264 io=660 irq=0 sirq=124197
[sys] 12:40:24 tcp_alloc=197564 tcp_mem_pages=5887 PruneCalled=0 RcvPruned=0 TCPRcvCollapsed=0 TCPAbortOnMemory=0 TCPMemoryPressures=0 TCPMemoryPressuresChrono=0 TCPBacklogDrop=0 TCPZeroWindowDrop=0 TCPRcvQDrop=0 MemAvailable:2236M SwapFree:1023M Dirty:0M Slab:863M psi_mem=avg60=0.00 psi_cpu=avg60=0.12 load=8.52,7.07,5.28 cpu_u=421308 n=0 s=229388 i=1032738 io=660 irq=0 sirq=125139
  [diag] progress t=90s delivered=45484335 matched=45464345 events~=466 subscribed=97538 rss_mib=4422 swap_mib=0 fanout_done=false
[sys] 12:40:29 tcp_alloc=197564 tcp_mem_pages=3839 PruneCalled=0 RcvPruned=0 TCPRcvCollapsed=0 TCPAbortOnMemory=0 TCPMemoryPressures=0 TCPMemoryPressuresChrono=0 TCPBacklogDrop=0 TCPZeroWindowDrop=0 TCPRcvQDrop=0 MemAvailable:2259M SwapFree:1023M Dirty:0M Slab:863M psi_mem=avg60=0.00 psi_cpu=avg60=0.14 load=8.48,7.09,5.30 cpu_u=423529 n=0 s=230585 i=1033228 io=660 irq=0 sirq=126079
  [diag] at window end: connected=97538 subscribed=97538 connect_failed=0 subscribed_at_start=85585 late_subscribers=11953 (late subscribers' pre-subscribe events stay in the drop count)
  [diag] router: matched=46049573 delivered=46049573 dropped=0 faulted=0 events_fanned_out~=472 (matched/subscribed)
  [diag] undelivered breakdown (events): never_connected_x_events=1231000 pre_subscribe_loss=2719427 router_dropped=0 router_faulted=0 in_flight_or_unaccounted=0 sum=3950427 (attempted-delivered=3950427)
  [diag] completed=false (delivered 46049573 of 50000000 before the 300s window) peak_rss_mib=4503
  [diag] finish: fanout_done=true reachable=46049573 delivered=46049573 elapsed_to_finish=91.32s
  [diag] stages events=500 match=24.05ms/ev deliver=158.05ms/ev ack_scan=0.19ms/ev busy=91.15s wall=91.32s busy_frac=0.998
  [diag] cpu proc_cpu=817.43s wall=91.32s cores_used=8.95 nproc=10
  [diag] fanout_task_finished=true (true = replicator budget exhausted before the window closed)

=== nostos-bench-10k probe ===
  clients   : 100000
  events    : 500 (attempted deliveries: 50000000)
  window    : 300s
  ---------------------------
  delivered : 46049573
  ops/sec   : 504289
  drop%     : 7.90
  elapsed   : 91.32s
  elapsed_to_finish : 91.32s
  ops/sec (finish)  : 504289
SOAK rc=0 12:40:31
HOST tier=100000 end 22:40:31 load1=10.12 rc=0 MIDRUN samples=11 viol=0 viol_pct=0.0 other_mean=38 other_max=65 load1_max=10.33 valid=yes
HOST tier=100000 start 22:41:01 load1=6.76 waited=0s samples=host-cpu-tier100000-224101.log
env: Linux 7.0.12-linuxkit aarch64 nproc=10 nofile=1048576 mem=8124516kB swap=1048572kB tcp_rmem=4096-131072-33554432 tcp_wmem=4096-16384-4194304
SOAK start 12:41:02 clients=100000 events=500 window=300 ack=1 listeners=2
  [diag] listeners: ws://127.0.0.1:5523/sync ws://127.0.0.2:2297/sync
[sys] 12:41:02 tcp_alloc=2488 tcp_mem_pages=2303 PruneCalled=0 RcvPruned=0 TCPRcvCollapsed=0 TCPAbortOnMemory=0 TCPMemoryPressures=0 TCPMemoryPressuresChrono=0 TCPBacklogDrop=0 TCPZeroWindowDrop=0 TCPRcvQDrop=0 MemAvailable:7207M SwapFree:1023M Dirty:0M Slab:211M psi_mem=avg60=0.00 psi_cpu=avg60=0.08 load=5.14,6.41,5.13 cpu_u=423979 n=0 s=230925 i=1064502 io=666 irq=0 sirq=126307
[sys] 12:41:07 tcp_alloc=106624 tcp_mem_pages=37887 PruneCalled=0 RcvPruned=0 TCPRcvCollapsed=0 TCPAbortOnMemory=0 TCPMemoryPressures=0 TCPMemoryPressuresChrono=0 TCPBacklogDrop=0 TCPZeroWindowDrop=0 TCPRcvQDrop=0 MemAvailable:5984M SwapFree:1023M Dirty:0M Slab:562M psi_mem=avg60=0.00 psi_cpu=avg60=0.14 load=5.53,6.47,5.15 cpu_u=424061 n=0 s=235519 i=1064646 io=666 irq=0 sirq=126370
[sys] 12:41:12 tcp_alloc=128190 tcp_mem_pages=65535 PruneCalled=0 RcvPruned=0 TCPRcvCollapsed=0 TCPAbortOnMemory=0 TCPMemoryPressures=0 TCPMemoryPressuresChrono=0 TCPBacklogDrop=0 TCPZeroWindowDrop=0 TCPRcvQDrop=0 MemAvailable:5469M SwapFree:1023M Dirty:0M Slab:649M psi_mem=avg60=0.00 psi_cpu=avg60=0.12 load=5.89,6.53,5.18 cpu_u=424139 n=0 s=240270 i=1064702 io=666 irq=0 sirq=126392
[sys] 12:41:17 tcp_alloc=180415 tcp_mem_pages=25855 PruneCalled=0 RcvPruned=0 TCPRcvCollapsed=0 TCPAbortOnMemory=0 TCPMemoryPressures=0 TCPMemoryPressuresChrono=0 TCPBacklogDrop=0 TCPZeroWindowDrop=0 TCPRcvQDrop=0 MemAvailable:3586M SwapFree:1023M Dirty:0M Slab:863M psi_mem=avg60=0.00 psi_cpu=avg60=0.18 load=5.41,6.42,5.15 cpu_u=424510 n=0 s=240708 i=1068711 io=666 irq=0 sirq=126523
[sys] 12:41:22 tcp_alloc=185769 tcp_mem_pages=19199 PruneCalled=0 RcvPruned=0 TCPRcvCollapsed=0 TCPAbortOnMemory=0 TCPMemoryPressures=0 TCPMemoryPressuresChrono=0 TCPBacklogDrop=0 TCPZeroWindowDrop=0 TCPRcvQDrop=0 MemAvailable:3432M SwapFree:1023M Dirty:0M Slab:880M psi_mem=avg60=0.00 psi_cpu=avg60=0.16 load=5.06,6.33,5.13 cpu_u=424565 n=0 s=240765 i=1073571 io=667 irq=0 sirq=126553
[sys] 12:41:27 tcp_alloc=186993 tcp_mem_pages=18431 PruneCalled=0 RcvPruned=0 TCPRcvCollapsed=0 TCPAbortOnMemory=0 TCPMemoryPressures=0 TCPMemoryPressuresChrono=0 TCPBacklogDrop=0 TCPZeroWindowDrop=0 TCPRcvQDrop=0 MemAvailable:3400M SwapFree:1023M Dirty:0M Slab:884M psi_mem=avg60=0.00 psi_cpu=avg60=0.15 load=4.65,6.22,5.10 cpu_u=424588 n=0 s=240783 i=1078530 io=667 irq=0 sirq=126562
[sys] 12:41:32 tcp_alloc=187071 tcp_mem_pages=18431 PruneCalled=0 RcvPruned=0 TCPRcvCollapsed=0 TCPAbortOnMemory=0 TCPMemoryPressures=0 TCPMemoryPressuresChrono=0 TCPBacklogDrop=0 TCPZeroWindowDrop=0 TCPRcvQDrop=0 MemAvailable:3400M SwapFree:1023M Dirty:0M Slab:885M psi_mem=avg60=0.00 psi_cpu=avg60=0.13 load=4.28,6.12,5.07 cpu_u=424592 n=0 s=240786 i=1083533 io=667 irq=0 sirq=126563
  [diag] subscribe quorum after 34.84s: connected=84576 subscribed=84576 connect_failed=0 complete=false (ceiling 500s, stall 5s)
[sys] 12:41:37 tcp_alloc=187071 tcp_mem_pages=18431 PruneCalled=0 RcvPruned=0 TCPRcvCollapsed=0 TCPAbortOnMemory=0 TCPMemoryPressures=0 TCPMemoryPressuresChrono=0 TCPBacklogDrop=0 TCPZeroWindowDrop=0 TCPRcvQDrop=0 MemAvailable:3402M SwapFree:1023M Dirty:0M Slab:882M psi_mem=avg60=0.00 psi_cpu=avg60=0.12 load=3.94,6.02,5.05 cpu_u=424598 n=0 s=240789 i=1088529 io=667 irq=0 sirq=126567
[sys] 12:41:42 tcp_alloc=190377 tcp_mem_pages=17407 PruneCalled=0 RcvPruned=0 TCPRcvCollapsed=0 TCPAbortOnMemory=0 TCPMemoryPressures=0 TCPMemoryPressuresChrono=0 TCPBacklogDrop=0 TCPZeroWindowDrop=0 TCPRcvQDrop=0 MemAvailable:2586M SwapFree:1023M Dirty:0M Slab:891M psi_mem=avg60=0.00 psi_cpu=avg60=0.11 load=4.42,6.09,5.07 cpu_u=426780 n=0 s=242017 i=1089096 io=667 irq=0 sirq=127493
  [diag] progress t=10s delivered=5064210 matched=5069813 events~=57 subscribed=87942 rss_mib=4286 swap_mib=0 fanout_done=false
[sys] 12:41:47 tcp_alloc=190430 tcp_mem_pages=19199 PruneCalled=0 RcvPruned=0 TCPRcvCollapsed=0 TCPAbortOnMemory=0 TCPMemoryPressures=0 TCPMemoryPressuresChrono=0 TCPBacklogDrop=0 TCPZeroWindowDrop=0 TCPRcvQDrop=0 MemAvailable:2395M SwapFree:1023M Dirty:0M Slab:891M psi_mem=avg60=0.00 psi_cpu=avg60=0.14 load=4.87,6.15,5.10 cpu_u=429028 n=0 s=243257 i=1089549 io=667 irq=0 sirq=128484
[sys] 12:41:52 tcp_alloc=190430 tcp_mem_pages=20991 PruneCalled=0 RcvPruned=0 TCPRcvCollapsed=0 TCPAbortOnMemory=0 TCPMemoryPressures=0 TCPMemoryPressuresChrono=0 TCPBacklogDrop=0 TCPZeroWindowDrop=0 TCPRcvQDrop=0 MemAvailable:2328M SwapFree:1023M Dirty:0M Slab:891M psi_mem=avg60=0.00 psi_cpu=avg60=0.15 load=5.20,6.20,5.12 cpu_u=431310 n=0 s=244479 i=1090037 io=668 irq=0 sirq=129482
  [diag] progress t=20s delivered=10440884 matched=10434275 events~=118 subscribed=87942 rss_mib=4365 swap_mib=0 fanout_done=false
[sys] 12:41:57 tcp_alloc=190430 tcp_mem_pages=17151 PruneCalled=0 RcvPruned=0 TCPRcvCollapsed=0 TCPAbortOnMemory=0 TCPMemoryPressures=0 TCPMemoryPressuresChrono=0 TCPBacklogDrop=0 TCPZeroWindowDrop=0 TCPRcvQDrop=0 MemAvailable:2313M SwapFree:1023M Dirty:0M Slab:891M psi_mem=avg60=0.00 psi_cpu=avg60=0.14 load=5.59,6.26,5.15 cpu_u=433525 n=0 s=245709 i=1090531 io=668 irq=0 sirq=130434
[sys] 12:42:02 tcp_alloc=190430 tcp_mem_pages=17407 PruneCalled=0 RcvPruned=0 TCPRcvCollapsed=0 TCPAbortOnMemory=0 TCPMemoryPressures=0 TCPMemoryPressuresChrono=0 TCPBacklogDrop=0 TCPZeroWindowDrop=0 TCPRcvQDrop=0 MemAvailable:2339M SwapFree:1023M Dirty:0M Slab:891M psi_mem=avg60=0.00 psi_cpu=avg60=0.13 load=5.94,6.32,5.17 cpu_u=435760 n=0 s=246951 i=1091027 io=668 irq=0 sirq=131423
  [diag] progress t=30s delivered=15886965 matched=15892712 events~=179 subscribed=88520 rss_mib=4397 swap_mib=0 fanout_done=false
[sys] 12:42:07 tcp_alloc=188546 tcp_mem_pages=14335 PruneCalled=0 RcvPruned=0 TCPRcvCollapsed=0 TCPAbortOnMemory=0 TCPMemoryPressures=0 TCPMemoryPressuresChrono=0 TCPBacklogDrop=0 TCPZeroWindowDrop=0 TCPRcvQDrop=0 MemAvailable:2318M SwapFree:1023M Dirty:0M Slab:875M psi_mem=avg60=0.00 psi_cpu=avg60=0.12 load=6.27,6.39,5.20 cpu_u=438031 n=0 s=248188 i=1091431 io=668 irq=0 sirq=132402
[sys] 12:42:12 tcp_alloc=190387 tcp_mem_pages=10751 PruneCalled=0 RcvPruned=0 TCPRcvCollapsed=0 TCPAbortOnMemory=0 TCPMemoryPressures=0 TCPMemoryPressuresChrono=0 TCPBacklogDrop=0 TCPZeroWindowDrop=0 TCPRcvQDrop=0 MemAvailable:2322M SwapFree:1023M Dirty:0M Slab:874M psi_mem=avg60=0.00 psi_cpu=avg60=0.11 load=6.56,6.45,5.22 cpu_u=440314 n=0 s=249417 i=1091892 io=668 irq=0 sirq=133404
  [diag] progress t=40s delivered=21241019 matched=21273462 events~=235 subscribed=90361 rss_mib=4385 swap_mib=0 fanout_done=false
[sys] 12:42:17 tcp_alloc=190387 tcp_mem_pages=11775 PruneCalled=0 RcvPruned=0 TCPRcvCollapsed=0 TCPAbortOnMemory=0 TCPMemoryPressures=0 TCPMemoryPressuresChrono=0 TCPBacklogDrop=0 TCPZeroWindowDrop=0 TCPRcvQDrop=0 MemAvailable:2345M SwapFree:1023M Dirty:0M Slab:874M psi_mem=avg60=0.00 psi_cpu=avg60=0.10 load=6.84,6.50,5.25 cpu_u=442556 n=0 s=250671 i=1092311 io=668 irq=0 sirq=134400
[sys] 12:42:22 tcp_alloc=190387 tcp_mem_pages=19711 PruneCalled=0 RcvPruned=0 TCPRcvCollapsed=0 TCPAbortOnMemory=0 TCPMemoryPressures=0 TCPMemoryPressuresChrono=0 TCPBacklogDrop=0 TCPZeroWindowDrop=0 TCPRcvQDrop=0 MemAvailable:2356M SwapFree:1023M Dirty:0M Slab:874M psi_mem=avg60=0.00 psi_cpu=avg60=0.09 load=7.09,6.56,5.28 cpu_u=444708 n=0 s=251835 i=1092969 io=668 irq=0 sirq=135306
  [diag] progress t=50s delivered=26321881 matched=26333678 events~=291 subscribed=90361 rss_mib=4359 swap_mib=0 fanout_done=false
[sys] 12:42:27 tcp_alloc=190387 tcp_mem_pages=12031 PruneCalled=0 RcvPruned=0 TCPRcvCollapsed=0 TCPAbortOnMemory=0 TCPMemoryPressures=0 TCPMemoryPressuresChrono=0 TCPBacklogDrop=0 TCPZeroWindowDrop=0 TCPRcvQDrop=0 MemAvailable:2379M SwapFree:1023M Dirty:0M Slab:874M psi_mem=avg60=0.00 psi_cpu=avg60=0.08 load=7.33,6.62,5.30 cpu_u=446986 n=0 s=253090 i=1093436 io=668 irq=0 sirq=136297
[sys] 12:42:32 tcp_alloc=190387 tcp_mem_pages=12031 PruneCalled=0 RcvPruned=0 TCPRcvCollapsed=0 TCPAbortOnMemory=0 TCPMemoryPressures=0 TCPMemoryPressuresChrono=0 TCPBacklogDrop=0 TCPZeroWindowDrop=0 TCPRcvQDrop=0 MemAvailable:2363M SwapFree:1023M Dirty:0M Slab:874M psi_mem=avg60=0.00 psi_cpu=avg60=0.07 load=7.54,6.68,5.33 cpu_u=449325 n=0 s=254296 i=1093887 io=668 irq=0 sirq=137250
  [diag] progress t=60s delivered=31501971 matched=31484255 events~=348 subscribed=90361 rss_mib=4385 swap_mib=0 fanout_done=false
[sys] 12:42:37 tcp_alloc=190387 tcp_mem_pages=10751 PruneCalled=0 RcvPruned=0 TCPRcvCollapsed=0 TCPAbortOnMemory=0 TCPMemoryPressures=0 TCPMemoryPressuresChrono=0 TCPBacklogDrop=0 TCPZeroWindowDrop=0 TCPRcvQDrop=0 MemAvailable:2375M SwapFree:1023M Dirty:0M Slab:874M psi_mem=avg60=0.00 psi_cpu=avg60=0.07 load=7.74,6.73,5.35 cpu_u=451565 n=0 s=255556 i=1094410 io=668 irq=0 sirq=138189
[sys] 12:42:42 tcp_alloc=190387 tcp_mem_pages=11775 PruneCalled=0 RcvPruned=0 TCPRcvCollapsed=0 TCPAbortOnMemory=0 TCPMemoryPressures=0 TCPMemoryPressuresChrono=0 TCPBacklogDrop=0 TCPZeroWindowDrop=0 TCPRcvQDrop=0 MemAvailable:2349M SwapFree:1023M Dirty:0M Slab:874M psi_mem=avg60=0.00 psi_cpu=avg60=0.06 load=7.92,6.79,5.38 cpu_u=453869 n=0 s=256782 i=1094824 io=668 irq=0 sirq=139172
  [diag] progress t=70s delivered=36775210 matched=36815554 events~=407 subscribed=90361 rss_mib=4359 swap_mib=0 fanout_done=false
[sys] 12:42:47 tcp_alloc=190387 tcp_mem_pages=11007 PruneCalled=0 RcvPruned=0 TCPRcvCollapsed=0 TCPAbortOnMemory=0 TCPMemoryPressures=0 TCPMemoryPressuresChrono=0 TCPBacklogDrop=0 TCPZeroWindowDrop=0 TCPRcvQDrop=0 MemAvailable:2317M SwapFree:1023M Dirty:0M Slab:874M psi_mem=avg60=0.00 psi_cpu=avg60=0.06 load=8.09,6.84,5.40 cpu_u=456148 n=0 s=258002 i=1095310 io=668 irq=0 sirq=140115
[sys] 12:42:52 tcp_alloc=190387 tcp_mem_pages=12031 PruneCalled=0 RcvPruned=0 TCPRcvCollapsed=0 TCPAbortOnMemory=0 TCPMemoryPressures=0 TCPMemoryPressuresChrono=0 TCPBacklogDrop=0 TCPZeroWindowDrop=0 TCPRcvQDrop=0 MemAvailable:2339M SwapFree:1023M Dirty:0M Slab:874M psi_mem=avg60=0.00 psi_cpu=avg60=0.05 load=8.24,6.89,5.43 cpu_u=458422 n=0 s=259265 i=1095778 io=668 irq=0 sirq=141051
  [diag] progress t=80s delivered=42037389 matched=42056492 events~=465 subscribed=90361 rss_mib=4372 swap_mib=0 fanout_done=false
[sys] 12:42:57 tcp_alloc=190387 tcp_mem_pages=13055 PruneCalled=0 RcvPruned=0 TCPRcvCollapsed=0 TCPAbortOnMemory=0 TCPMemoryPressures=0 TCPMemoryPressuresChrono=0 TCPBacklogDrop=0 TCPZeroWindowDrop=0 TCPRcvQDrop=0 MemAvailable:2315M SwapFree:1023M Dirty:0M Slab:874M psi_mem=avg60=0.00 psi_cpu=avg60=0.04 load=8.38,6.94,5.45 cpu_u=460724 n=0 s=260492 i=1096264 io=668 irq=0 sirq=141986
[sys] 12:43:02 tcp_alloc=198557 tcp_mem_pages=6399 PruneCalled=0 RcvPruned=0 TCPRcvCollapsed=0 TCPAbortOnMemory=0 TCPMemoryPressures=0 TCPMemoryPressuresChrono=0 TCPBacklogDrop=0 TCPZeroWindowDrop=0 TCPRcvQDrop=0 MemAvailable:2221M SwapFree:1023M Dirty:0M Slab:856M psi_mem=avg60=0.00 psi_cpu=avg60=0.04 load=8.51,7.00,5.48 cpu_u=462951 n=0 s=261857 i=1096730 io=668 irq=0 sirq=142877
  [diag] at window end: connected=98603 subscribed=98603 connect_failed=0 subscribed_at_start=84576 late_subscribers=14027 (late subscribers' pre-subscribe events stay in the drop count)
  [diag] router: matched=44776178 delivered=44776178 dropped=0 faulted=0 events_fanned_out~=454 (matched/subscribed)
  [diag] undelivered breakdown (events): never_connected_x_events=698500 pre_subscribe_loss=4525322 router_dropped=0 router_faulted=0 in_flight_or_unaccounted=0 sum=5223822 (attempted-delivered=5223822)
  [diag] completed=false (delivered 44776178 of 50000000 before the 300s window) peak_rss_mib=4486
  [diag] finish: fanout_done=true reachable=44776178 delivered=44776178 elapsed_to_finish=85.58s
  [diag] stages events=500 match=21.32ms/ev deliver=146.18ms/ev ack_scan=3.35ms/ev busy=85.42s wall=85.58s busy_frac=0.998
  [diag] cpu proc_cpu=768.38s wall=85.58s cores_used=8.98 nproc=10
  [diag] fanout_task_finished=true (true = replicator budget exhausted before the window closed)

=== nostos-bench-10k probe ===
  clients   : 100000
  events    : 500 (attempted deliveries: 50000000)
  window    : 300s
  ---------------------------
  delivered : 44776178
  ops/sec   : 523215
  drop%     : 10.45
  elapsed   : 85.58s
  elapsed_to_finish : 85.58s
  ops/sec (finish)  : 523215
SOAK rc=0 12:43:03
HOST tier=100000 end 22:43:03 load1=9.39 rc=0 MIDRUN samples=11 viol=0 viol_pct=0.0 other_mean=41 other_max=59 load1_max=9.86 valid=yes
HOST tier=100000 start 22:43:33 load1=6.06 waited=0s samples=host-cpu-tier100000-224333.log
env: Linux 7.0.12-linuxkit aarch64 nproc=10 nofile=1048576 mem=8124516kB swap=1048572kB tcp_rmem=4096-131072-33554432 tcp_wmem=4096-16384-4194304
SOAK start 12:43:34 clients=100000 events=500 window=300 ack=16 listeners=2
  [diag] listeners: ws://127.0.0.1:3587/sync ws://127.0.0.2:6767/sync
[sys] 12:43:34 tcp_alloc=928 tcp_mem_pages=1791 PruneCalled=0 RcvPruned=0 TCPRcvCollapsed=0 TCPAbortOnMemory=0 TCPMemoryPressures=0 TCPMemoryPressuresChrono=0 TCPBacklogDrop=0 TCPZeroWindowDrop=0 TCPRcvQDrop=0 MemAvailable:7238M SwapFree:1023M Dirty:0M Slab:170M psi_mem=avg60=0.00 psi_cpu=avg60=0.02 load=5.16,6.33,5.30 cpu_u=463062 n=0 s=261994 i=1127862 io=674 irq=0 sirq=142951
[sys] 12:43:39 tcp_alloc=100638 tcp_mem_pages=62463 PruneCalled=0 RcvPruned=0 TCPRcvCollapsed=0 TCPAbortOnMemory=0 TCPMemoryPressures=0 TCPMemoryPressuresChrono=0 TCPBacklogDrop=0 TCPZeroWindowDrop=0 TCPRcvQDrop=0 MemAvailable:6001M SwapFree:1023M Dirty:0M Slab:537M psi_mem=avg60=0.00 psi_cpu=avg60=0.05 load=5.70,6.42,5.34 cpu_u=463154 n=0 s=266579 i=1127990 io=674 irq=0 sirq=143007
[sys] 12:43:44 tcp_alloc=121142 tcp_mem_pages=75519 PruneCalled=0 RcvPruned=0 TCPRcvCollapsed=0 TCPAbortOnMemory=0 TCPMemoryPressures=0 TCPMemoryPressuresChrono=0 TCPBacklogDrop=0 TCPZeroWindowDrop=0 TCPRcvQDrop=0 MemAvailable:5828M SwapFree:1023M Dirty:0M Slab:633M psi_mem=avg60=0.00 psi_cpu=avg60=0.11 load=6.05,6.48,5.36 cpu_u=463180 n=0 s=271404 i=1128017 io=674 irq=0 sirq=143028
[sys] 12:43:49 tcp_alloc=171363 tcp_mem_pages=30975 PruneCalled=0 RcvPruned=0 TCPRcvCollapsed=0 TCPAbortOnMemory=0 TCPMemoryPressures=0 TCPMemoryPressuresChrono=0 TCPBacklogDrop=0 TCPZeroWindowDrop=0 TCPRcvQDrop=0 MemAvailable:3890M SwapFree:1023M Dirty:0M Slab:821M psi_mem=avg60=0.00 psi_cpu=avg60=0.16 load=6.37,6.54,5.39 cpu_u=463567 n=0 s=272218 i=1131643 io=674 irq=0 sirq=143153
[sys] 12:43:54 tcp_alloc=175751 tcp_mem_pages=25599 PruneCalled=0 RcvPruned=0 TCPRcvCollapsed=0 TCPAbortOnMemory=0 TCPMemoryPressures=0 TCPMemoryPressuresChrono=0 TCPBacklogDrop=0 TCPZeroWindowDrop=0 TCPRcvQDrop=0 MemAvailable:3757M SwapFree:1023M Dirty:0M Slab:834M psi_mem=avg60=0.00 psi_cpu=avg60=0.15 load=5.86,6.43,5.36 cpu_u=463608 n=0 s=272267 i=1136537 io=674 irq=0 sirq=143171
[sys] 12:43:59 tcp_alloc=178161 tcp_mem_pages=24319 PruneCalled=0 RcvPruned=0 TCPRcvCollapsed=0 TCPAbortOnMemory=0 TCPMemoryPressures=0 TCPMemoryPressuresChrono=0 TCPBacklogDrop=0 TCPZeroWindowDrop=0 TCPRcvQDrop=0 MemAvailable:3701M SwapFree:1023M Dirty:0M Slab:842M psi_mem=avg60=0.00 psi_cpu=avg60=0.14 load=5.39,6.32,5.33 cpu_u=463637 n=0 s=272290 i=1141479 io=674 irq=0 sirq=143182
[sys] 12:44:04 tcp_alloc=178341 tcp_mem_pages=24319 PruneCalled=0 RcvPruned=0 TCPRcvCollapsed=0 TCPAbortOnMemory=0 TCPMemoryPressures=0 TCPMemoryPressuresChrono=0 TCPBacklogDrop=0 TCPZeroWindowDrop=0 TCPRcvQDrop=0 MemAvailable:3698M SwapFree:1023M Dirty:0M Slab:842M psi_mem=avg60=0.00 psi_cpu=avg60=0.12 load=4.95,6.22,5.30 cpu_u=463641 n=0 s=272306 i=1146469 io=675 irq=0 sirq=143183
  [diag] subscribe quorum after 32.96s: connected=77412 subscribed=77412 connect_failed=0 complete=false (ceiling 500s, stall 5s)
[sys] 12:44:09 tcp_alloc=178341 tcp_mem_pages=27903 PruneCalled=0 RcvPruned=0 TCPRcvCollapsed=0 TCPAbortOnMemory=0 TCPMemoryPressures=0 TCPMemoryPressuresChrono=0 TCPBacklogDrop=0 TCPZeroWindowDrop=0 TCPRcvQDrop=0 MemAvailable:3091M SwapFree:1023M Dirty:0M Slab:836M psi_mem=avg60=0.00 psi_cpu=avg60=0.11 load=4.56,6.11,5.27 cpu_u=464459 n=0 s=272784 i=1149824 io=676 irq=0 sirq=143518
[sys] 12:44:14 tcp_alloc=189526 tcp_mem_pages=14079 PruneCalled=0 RcvPruned=0 TCPRcvCollapsed=0 TCPAbortOnMemory=0 TCPMemoryPressures=0 TCPMemoryPressuresChrono=0 TCPBacklogDrop=0 TCPZeroWindowDrop=0 TCPRcvQDrop=0 MemAvailable:2579M SwapFree:1023M Dirty:0M Slab:871M psi_mem=avg60=0.00 psi_cpu=avg60=0.10 load=4.99,6.18,5.30 cpu_u=466704 n=0 s=274017 i=1150327 io=676 irq=0 sirq=144482
  [diag] progress t=10s delivered=5195990 matched=5161653 events~=58 subscribed=88597 rss_mib=4138 swap_mib=0 fanout_done=false
[sys] 12:44:19 tcp_alloc=189526 tcp_mem_pages=19455 PruneCalled=0 RcvPruned=0 TCPRcvCollapsed=0 TCPAbortOnMemory=0 TCPMemoryPressures=0 TCPMemoryPressuresChrono=0 TCPBacklogDrop=0 TCPZeroWindowDrop=0 TCPRcvQDrop=0 MemAvailable:2475M SwapFree:1023M Dirty:0M Slab:871M psi_mem=avg60=0.00 psi_cpu=avg60=0.09 load=5.39,6.24,5.32 cpu_u=468980 n=0 s=275265 i=1150755 io=676 irq=0 sirq=145468
[sys] 12:44:24 tcp_alloc=189526 tcp_mem_pages=17919 PruneCalled=0 RcvPruned=0 TCPRcvCollapsed=0 TCPAbortOnMemory=0 TCPMemoryPressures=0 TCPMemoryPressuresChrono=0 TCPBacklogDrop=0 TCPZeroWindowDrop=0 TCPRcvQDrop=0 MemAvailable:2492M SwapFree:1023M Dirty:0M Slab:871M psi_mem=avg60=0.00 psi_cpu=avg60=0.11 load=5.76,6.30,5.35 cpu_u=471216 n=0 s=276478 i=1151286 io=676 irq=0 sirq=146449
  [diag] progress t=20s delivered=10791979 matched=10831861 events~=122 subscribed=88597 rss_mib=4149 swap_mib=0 fanout_done=false
[sys] 12:44:29 tcp_alloc=189526 tcp_mem_pages=16639 PruneCalled=0 RcvPruned=0 TCPRcvCollapsed=0 TCPAbortOnMemory=0 TCPMemoryPressures=0 TCPMemoryPressuresChrono=0 TCPBacklogDrop=0 TCPZeroWindowDrop=0 TCPRcvQDrop=0 MemAvailable:2506M SwapFree:1023M Dirty:0M Slab:871M psi_mem=avg60=0.00 psi_cpu=avg60=0.11 load=6.10,6.37,5.37 cpu_u=473488 n=0 s=277717 i=1151670 io=676 irq=0 sirq=147441
[sys] 12:44:34 tcp_alloc=189526 tcp_mem_pages=15615 PruneCalled=0 RcvPruned=0 TCPRcvCollapsed=0 TCPAbortOnMemory=0 TCPMemoryPressures=0 TCPMemoryPressuresChrono=0 TCPBacklogDrop=0 TCPZeroWindowDrop=0 TCPRcvQDrop=0 MemAvailable:2517M SwapFree:1023M Dirty:0M Slab:871M psi_mem=avg60=0.00 psi_cpu=avg60=0.10 load=7.08,6.57,5.45 cpu_u=475749 n=0 s=278955 i=1152107 io=676 irq=0 sirq=148412
  [diag] progress t=30s delivered=16285333 matched=16324875 events~=184 subscribed=88597 rss_mib=4180 swap_mib=0 fanout_done=false
[sys] 12:44:39 tcp_alloc=190087 tcp_mem_pages=13311 PruneCalled=0 RcvPruned=0 TCPRcvCollapsed=0 TCPAbortOnMemory=0 TCPMemoryPressures=0 TCPMemoryPressuresChrono=0 TCPBacklogDrop=0 TCPZeroWindowDrop=0 TCPRcvQDrop=0 MemAvailable:2494M SwapFree:1023M Dirty:0M Slab:871M psi_mem=avg60=0.00 psi_cpu=avg60=0.09 load=7.08,6.58,5.46 cpu_u=478051 n=0 s=280223 i=1152522 io=676 irq=0 sirq=149411
[sys] 12:44:44 tcp_alloc=191640 tcp_mem_pages=12799 PruneCalled=0 RcvPruned=0 TCPRcvCollapsed=0 TCPAbortOnMemory=0 TCPMemoryPressures=0 TCPMemoryPressuresChrono=0 TCPBacklogDrop=0 TCPZeroWindowDrop=0 TCPRcvQDrop=0 MemAvailable:2459M SwapFree:1023M Dirty:0M Slab:875M psi_mem=avg60=0.00 psi_cpu=avg60=0.08 load=7.31,6.63,5.48 cpu_u=480315 n=0 s=281471 i=1152970 io=676 irq=0 sirq=150381
  [diag] progress t=40s delivered=21725845 matched=21713542 events~=239 subscribed=90711 rss_mib=4185 swap_mib=0 fanout_done=false
[sys] 12:44:49 tcp_alloc=190737 tcp_mem_pages=12799 PruneCalled=0 RcvPruned=0 TCPRcvCollapsed=0 TCPAbortOnMemory=0 TCPMemoryPressures=0 TCPMemoryPressuresChrono=0 TCPBacklogDrop=0 TCPZeroWindowDrop=0 TCPRcvQDrop=0 MemAvailable:2474M SwapFree:1023M Dirty:0M Slab:857M psi_mem=avg60=0.00 psi_cpu=avg60=0.07 load=7.53,6.69,5.51 cpu_u=482621 n=0 s=282731 i=1153396 io=677 irq=0 sirq=151370
[sys] 12:44:54 tcp_alloc=190737 tcp_mem_pages=10751 PruneCalled=0 RcvPruned=0 TCPRcvCollapsed=0 TCPAbortOnMemory=0 TCPMemoryPressures=0 TCPMemoryPressuresChrono=0 TCPBacklogDrop=0 TCPZeroWindowDrop=0 TCPRcvQDrop=0 MemAvailable:2433M SwapFree:1023M Dirty:0M Slab:857M psi_mem=avg60=0.00 psi_cpu=avg60=0.06 load=7.73,6.74,5.53 cpu_u=484880 n=0 s=283979 i=1153847 io=677 irq=0 sirq=152375
  [diag] progress t=50s delivered=27202743 matched=27156202 events~=299 subscribed=90711 rss_mib=4221 swap_mib=0 fanout_done=false
[sys] 12:44:59 tcp_alloc=190737 tcp_mem_pages=14591 PruneCalled=0 RcvPruned=0 TCPRcvCollapsed=0 TCPAbortOnMemory=0 TCPMemoryPressures=0 TCPMemoryPressuresChrono=0 TCPBacklogDrop=0 TCPZeroWindowDrop=0 TCPRcvQDrop=0 MemAvailable:2532M SwapFree:1023M Dirty:0M Slab:857M psi_mem=avg60=0.00 psi_cpu=avg60=0.06 load=7.91,6.80,5.56 cpu_u=487175 n=0 s=285188 i=1154327 io=677 irq=0 sirq=153360
[sys] 12:45:04 tcp_alloc=190737 tcp_mem_pages=12799 PruneCalled=0 RcvPruned=0 TCPRcvCollapsed=0 TCPAbortOnMemory=0 TCPMemoryPressures=0 TCPMemoryPressuresChrono=0 TCPBacklogDrop=0 TCPZeroWindowDrop=0 TCPRcvQDrop=0 MemAvailable:2495M SwapFree:1023M Dirty:0M Slab:857M psi_mem=avg60=0.00 psi_cpu=avg60=0.09 load=8.08,6.85,5.58 cpu_u=489465 n=0 s=286412 i=1154736 io=677 irq=0 sirq=154328
  [diag] progress t=60s delivered=32524403 matched=32508151 events~=358 subscribed=90711 rss_mib=4160 swap_mib=0 fanout_done=false
[sys] 12:45:09 tcp_alloc=190737 tcp_mem_pages=10495 PruneCalled=0 RcvPruned=0 TCPRcvCollapsed=0 TCPAbortOnMemory=0 TCPMemoryPressures=0 TCPMemoryPressuresChrono=0 TCPBacklogDrop=0 TCPZeroWindowDrop=0 TCPRcvQDrop=0 MemAvailable:2482M SwapFree:1023M Dirty:0M Slab:857M psi_mem=avg60=0.00 psi_cpu=avg60=0.08 load=8.23,6.90,5.61 cpu_u=491718 n=0 s=287635 i=1155215 io=677 irq=0 sirq=155258
[sys] 12:45:14 tcp_alloc=190737 tcp_mem_pages=11519 PruneCalled=0 RcvPruned=0 TCPRcvCollapsed=0 TCPAbortOnMemory=0 TCPMemoryPressures=0 TCPMemoryPressuresChrono=0 TCPBacklogDrop=0 TCPZeroWindowDrop=0 TCPRcvQDrop=0 MemAvailable:2521M SwapFree:1023M Dirty:0M Slab:857M psi_mem=avg60=0.00 psi_cpu=avg60=0.07 load=8.37,6.96,5.63 cpu_u=494057 n=0 s=288861 i=1155587 io=677 irq=0 sirq=156255
  [diag] progress t=70s delivered=37750908 matched=37769389 events~=416 subscribed=90711 rss_mib=4221 swap_mib=0 fanout_done=false
[sys] 12:45:19 tcp_alloc=190737 tcp_mem_pages=13567 PruneCalled=0 RcvPruned=0 TCPRcvCollapsed=0 TCPAbortOnMemory=0 TCPMemoryPressures=0 TCPMemoryPressuresChrono=0 TCPBacklogDrop=0 TCPZeroWindowDrop=0 TCPRcvQDrop=0 MemAvailable:2451M SwapFree:1023M Dirty:0M Slab:857M psi_mem=avg60=0.00 psi_cpu=avg60=0.07 load=8.50,7.01,5.65 cpu_u=496332 n=0 s=290101 i=1156045 io=677 irq=0 sirq=157218
[sys] 12:45:24 tcp_alloc=190737 tcp_mem_pages=11519 PruneCalled=0 RcvPruned=0 TCPRcvCollapsed=0 TCPAbortOnMemory=0 TCPMemoryPressures=0 TCPMemoryPressuresChrono=0 TCPBacklogDrop=0 TCPZeroWindowDrop=0 TCPRcvQDrop=0 MemAvailable:2500M SwapFree:1023M Dirty:0M Slab:857M psi_mem=avg60=0.00 psi_cpu=avg60=0.06 load=8.62,7.06,5.68 cpu_u=498512 n=0 s=291313 i=1156601 io=677 irq=0 sirq=158132
  [diag] progress t=80s delivered=42862628 matched=42849205 events~=472 subscribed=90711 rss_mib=4165 swap_mib=0 fanout_done=false
[sys] 12:45:29 tcp_alloc=190737 tcp_mem_pages=12031 PruneCalled=0 RcvPruned=0 TCPRcvCollapsed=0 TCPAbortOnMemory=0 TCPMemoryPressures=0 TCPMemoryPressuresChrono=0 TCPBacklogDrop=0 TCPZeroWindowDrop=0 TCPRcvQDrop=0 MemAvailable:2499M SwapFree:1023M Dirty:0M Slab:857M psi_mem=avg60=0.00 psi_cpu=avg60=0.05 load=8.73,7.11,5.70 cpu_u=500851 n=0 s=292526 i=1157034 io=677 irq=0 sirq=159091
  [diag] at window end: connected=90711 subscribed=90711 connect_failed=0 subscribed_at_start=77412 late_subscribers=13299 (late subscribers' pre-subscribe events stay in the drop count)
  [diag] router: matched=44663425 delivered=44663425 dropped=0 faulted=0 events_fanned_out~=492 (matched/subscribed)
  [diag] undelivered breakdown (events): never_connected_x_events=4644500 pre_subscribe_loss=692075 router_dropped=0 router_faulted=0 in_flight_or_unaccounted=0 sum=5336575 (attempted-delivered=5336575)
  [diag] completed=false (delivered 44663425 of 50000000 before the 300s window) peak_rss_mib=4221
  [diag] finish: fanout_done=true reachable=44663425 delivered=44663425 elapsed_to_finish=83.45s
  [diag] stages events=500 match=22.23ms/ev deliver=144.13ms/ev ack_scan=0.19ms/ev busy=83.28s wall=83.45s busy_frac=0.998
  [diag] cpu proc_cpu=753.41s wall=83.45s cores_used=9.03 nproc=10
  [diag] fanout_task_finished=true (true = replicator budget exhausted before the window closed)

=== nostos-bench-10k probe ===
  clients   : 100000
  events    : 500 (attempted deliveries: 50000000)
  window    : 300s
  ---------------------------
  delivered : 44663425
  ops/sec   : 535239
  drop%     : 10.67
  elapsed   : 83.45s
  elapsed_to_finish : 83.45s
  ops/sec (finish)  : 535239
SOAK rc=0 12:45:31
HOST tier=100000 end 22:45:31 load1=10.35 rc=0 MIDRUN samples=10 viol=0 viol_pct=0.0 other_mean=44 other_max=86 load1_max=9.53 valid=yes
LINUX_DIAG_EXIT=0
