BUILD start 10:01:57 tag=fanout-diag
warn: this might cause rustup commands to take longer time to finish than expected
info: you may opt out with `RUSTUP_AUTO_INSTALL=0` or `rustup set auto-install disable`
    Finished `release` profile [optimized] target(s) in 0.35s
BUILD ok 10:02:05
HOST tier=100000 start 20:04:06 load1=5.33 waited=120s
env: Linux 7.0.12-linuxkit aarch64 nproc=10 nofile=1048576 mem=8124516kB swap=1048572kB tcp_rmem=4096-131072-33554432 tcp_wmem=4096-16384-4194304
SOAK start 10:04:07 clients=100000 events=500 window=300 ack=1 listeners=2
  [diag] listeners: ws://127.0.0.1:2509/sync ws://127.0.0.2:18537/sync
[sys] 10:04:07 tcp_alloc=21 tcp_mem_pages=519 PruneCalled=0 RcvPruned=0 TCPRcvCollapsed=0 TCPAbortOnMemory=0 TCPMemoryPressures=0 TCPMemoryPressuresChrono=0 TCPBacklogDrop=0 TCPZeroWindowDrop=0 TCPRcvQDrop=0 MemAvailable:7242M SwapFree:1023M Dirty:0M Slab:130M psi_mem=avg60=0.00 psi_cpu=avg60=0.05 load=0.34,3.10,2.17 cpu_u=114891 n=0 s=51234 i=339814 io=713 irq=0 sirq=31692
[sys] 10:04:12 tcp_alloc=99787 tcp_mem_pages=47111 PruneCalled=0 RcvPruned=0 TCPRcvCollapsed=0 TCPAbortOnMemory=0 TCPMemoryPressures=0 TCPMemoryPressuresChrono=0 TCPBacklogDrop=0 TCPZeroWindowDrop=0 TCPRcvQDrop=0 MemAvailable:5927M SwapFree:1023M Dirty:0M Slab:523M psi_mem=avg60=0.00 psi_cpu=avg60=0.14 load=1.20,3.23,2.21 cpu_u=115021 n=0 s=55406 i=339994 io=713 irq=0 sirq=31764
[sys] 10:04:17 tcp_alloc=114214 tcp_mem_pages=50695 PruneCalled=0 RcvPruned=0 TCPRcvCollapsed=0 TCPAbortOnMemory=0 TCPMemoryPressures=0 TCPMemoryPressuresChrono=0 TCPBacklogDrop=0 TCPZeroWindowDrop=0 TCPRcvQDrop=0 MemAvailable:5802M SwapFree:1023M Dirty:0M Slab:580M psi_mem=avg60=0.00 psi_cpu=avg60=0.16 load=1.90,3.34,2.26 cpu_u=115059 n=0 s=59644 i=340044 io=713 irq=0 sirq=31790
[sys] 10:04:22 tcp_alloc=128481 tcp_mem_pages=57351 PruneCalled=0 RcvPruned=0 TCPRcvCollapsed=0 TCPAbortOnMemory=0 TCPMemoryPressures=0 TCPMemoryPressuresChrono=0 TCPBacklogDrop=0 TCPZeroWindowDrop=0 TCPRcvQDrop=0 MemAvailable:5665M SwapFree:1023M Dirty:0M Slab:636M psi_mem=avg60=0.00 psi_cpu=avg60=0.27 load=2.55,3.45,2.30 cpu_u=115105 n=0 s=63808 i=340101 io=713 irq=0 sirq=31807
[sys] 10:04:27 tcp_alloc=155019 tcp_mem_pages=44807 PruneCalled=0 RcvPruned=0 TCPRcvCollapsed=0 TCPAbortOnMemory=0 TCPMemoryPressures=0 TCPMemoryPressuresChrono=0 TCPBacklogDrop=0 TCPZeroWindowDrop=0 TCPRcvQDrop=0 MemAvailable:4333M SwapFree:1023M Dirty:0M Slab:761M psi_mem=avg60=0.00 psi_cpu=avg60=0.39 load=3.23,3.58,2.35 cpu_u=115496 n=0 s=65699 i=342135 io=714 irq=0 sirq=31955
[sys] 10:04:32 tcp_alloc=169585 tcp_mem_pages=30983 PruneCalled=0 RcvPruned=0 TCPRcvCollapsed=0 TCPAbortOnMemory=0 TCPMemoryPressures=0 TCPMemoryPressuresChrono=0 TCPBacklogDrop=0 TCPZeroWindowDrop=0 TCPRcvQDrop=0 MemAvailable:3925M SwapFree:1023M Dirty:0M Slab:813M psi_mem=avg60=0.00 psi_cpu=avg60=0.35 load=2.97,3.52,2.33 cpu_u=115659 n=0 s=65851 i=346736 io=714 irq=0 sirq=32011
[sys] 10:04:37 tcp_alloc=172489 tcp_mem_pages=28423 PruneCalled=0 RcvPruned=0 TCPRcvCollapsed=0 TCPAbortOnMemory=0 TCPMemoryPressures=0 TCPMemoryPressuresChrono=0 TCPBacklogDrop=0 TCPZeroWindowDrop=0 TCPRcvQDrop=0 MemAvailable:3836M SwapFree:1023M Dirty:0M Slab:824M psi_mem=avg60=0.00 psi_cpu=avg60=0.32 load=2.89,3.49,2.33 cpu_u=115698 n=0 s=65891 i=351625 io=716 irq=0 sirq=32025
[sys] 10:04:42 tcp_alloc=173431 tcp_mem_pages=27655 PruneCalled=0 RcvPruned=0 TCPRcvCollapsed=0 TCPAbortOnMemory=0 TCPMemoryPressures=0 TCPMemoryPressuresChrono=0 TCPBacklogDrop=0 TCPZeroWindowDrop=0 TCPRcvQDrop=0 MemAvailable:3814M SwapFree:1023M Dirty:0M Slab:827M psi_mem=avg60=0.00 psi_cpu=avg60=0.29 load=2.45,3.38,2.31 cpu_u=115711 n=0 s=65907 i=356586 io=717 irq=0 sirq=32036
[sys] 10:04:47 tcp_alloc=176400 tcp_mem_pages=24327 PruneCalled=0 RcvPruned=0 TCPRcvCollapsed=0 TCPAbortOnMemory=0 TCPMemoryPressures=0 TCPMemoryPressuresChrono=0 TCPBacklogDrop=0 TCPZeroWindowDrop=0 TCPRcvQDrop=0 MemAvailable:3715M SwapFree:1023M Dirty:0M Slab:836M psi_mem=avg60=0.00 psi_cpu=avg60=0.27 load=2.25,3.32,2.29 cpu_u=115756 n=0 s=65942 i=361494 io=718 irq=0 sirq=32050
[sys] 10:04:52 tcp_alloc=177433 tcp_mem_pages=23303 PruneCalled=0 RcvPruned=0 TCPRcvCollapsed=0 TCPAbortOnMemory=0 TCPMemoryPressures=0 TCPMemoryPressuresChrono=0 TCPBacklogDrop=0 TCPZeroWindowDrop=0 TCPRcvQDrop=0 MemAvailable:3685M SwapFree:1023M Dirty:0M Slab:839M psi_mem=avg60=0.00 psi_cpu=avg60=0.25 load=2.07,3.27,2.28 cpu_u=115775 n=0 s=65955 i=366458 io=718 irq=0 sirq=32058
  [diag] subscribe quorum after 49.03s: connected=77385 subscribed=77385 connect_failed=0 complete=false (ceiling 500s, stall 5s)
[sys] 10:04:57 tcp_alloc=177433 tcp_mem_pages=29959 PruneCalled=0 RcvPruned=0 TCPRcvCollapsed=0 TCPAbortOnMemory=0 TCPMemoryPressures=0 TCPMemoryPressuresChrono=0 TCPBacklogDrop=0 TCPZeroWindowDrop=0 TCPRcvQDrop=0 MemAvailable:3604M SwapFree:1023M Dirty:0M Slab:839M psi_mem=avg60=0.00 psi_cpu=avg60=0.23 load=2.62,3.36,2.32 cpu_u=115961 n=0 s=66021 i=371065 io=718 irq=0 sirq=32126
[sys] 10:05:02 tcp_alloc=177450 tcp_mem_pages=26631 PruneCalled=0 RcvPruned=0 TCPRcvCollapsed=0 TCPAbortOnMemory=0 TCPMemoryPressures=0 TCPMemoryPressuresChrono=0 TCPBacklogDrop=0 TCPZeroWindowDrop=0 TCPRcvQDrop=0 MemAvailable:2994M SwapFree:1023M Dirty:0M Slab:838M psi_mem=avg60=0.00 psi_cpu=avg60=0.24 load=3.21,3.47,2.36 cpu_u=117883 n=0 s=67052 i=372094 io=718 irq=0 sirq=32799
  [diag] progress t=10s delivered=1404412 matched=1393108 events~=17 subscribed=77423 rss_mib=3755 swap_mib=0 fanout_done=false
[sys] 10:05:07 tcp_alloc=177471 tcp_mem_pages=24071 PruneCalled=0 RcvPruned=0 TCPRcvCollapsed=0 TCPAbortOnMemory=0 TCPMemoryPressures=0 TCPMemoryPressuresChrono=0 TCPBacklogDrop=0 TCPZeroWindowDrop=0 TCPRcvQDrop=0 MemAvailable:2989M SwapFree:1023M Dirty:0M Slab:838M psi_mem=avg60=0.00 psi_cpu=avg60=0.29 load=3.76,3.58,2.40 cpu_u=119798 n=0 s=68032 i=373044 io=718 irq=0 sirq=33468
[sys] 10:05:12 tcp_alloc=177471 tcp_mem_pages=26631 PruneCalled=0 RcvPruned=0 TCPRcvCollapsed=0 TCPAbortOnMemory=0 TCPMemoryPressures=0 TCPMemoryPressuresChrono=0 TCPBacklogDrop=0 TCPZeroWindowDrop=0 TCPRcvQDrop=0 MemAvailable:3010M SwapFree:1023M Dirty:0M Slab:838M psi_mem=avg60=0.00 psi_cpu=avg60=0.32 load=4.26,3.69,2.44 cpu_u=121799 n=0 s=69067 i=373919 io=718 irq=0 sirq=34170
  [diag] progress t=20s delivered=2836260 matched=2864145 events~=35 subscribed=79775 rss_mib=3772 swap_mib=0 fanout_done=false
[sys] 10:05:17 tcp_alloc=182347 tcp_mem_pages=27399 PruneCalled=0 RcvPruned=0 TCPRcvCollapsed=0 TCPAbortOnMemory=0 TCPMemoryPressures=0 TCPMemoryPressuresChrono=0 TCPBacklogDrop=0 TCPZeroWindowDrop=0 TCPRcvQDrop=0 MemAvailable:2956M SwapFree:1023M Dirty:0M Slab:850M psi_mem=avg60=0.00 psi_cpu=avg60=0.37 load=4.08,3.66,2.44 cpu_u=123734 n=0 s=69990 i=374992 io=718 irq=0 sirq=34812
[sys] 10:05:22 tcp_alloc=183156 tcp_mem_pages=20231 PruneCalled=0 RcvPruned=0 TCPRcvCollapsed=0 TCPAbortOnMemory=0 TCPMemoryPressures=0 TCPMemoryPressuresChrono=0 TCPBacklogDrop=0 TCPZeroWindowDrop=0 TCPRcvQDrop=0 MemAvailable:2901M SwapFree:1023M Dirty:0M Slab:851M psi_mem=avg60=0.00 psi_cpu=avg60=0.49 load=4.55,3.76,2.48 cpu_u=125634 n=0 s=70928 i=376153 io=721 irq=0 sirq=35459
  [diag] progress t=30s delivered=3982415 matched=4022126 events~=47 subscribed=83808 rss_mib=3873 swap_mib=0 fanout_done=false
[sys] 10:05:27 tcp_alloc=183833 tcp_mem_pages=26887 PruneCalled=0 RcvPruned=0 TCPRcvCollapsed=0 TCPAbortOnMemory=0 TCPMemoryPressures=0 TCPMemoryPressuresChrono=0 TCPBacklogDrop=0 TCPZeroWindowDrop=0 TCPRcvQDrop=0 MemAvailable:2864M SwapFree:1023M Dirty:0M Slab:854M psi_mem=avg60=0.00 psi_cpu=avg60=0.54 load=4.99,3.87,2.52 cpu_u=127458 n=0 s=71762 i=377396 io=721 irq=0 sirq=36079
[sys] 10:05:32 tcp_alloc=183985 tcp_mem_pages=17927 PruneCalled=0 RcvPruned=0 TCPRcvCollapsed=0 TCPAbortOnMemory=0 TCPMemoryPressures=0 TCPMemoryPressuresChrono=0 TCPBacklogDrop=0 TCPZeroWindowDrop=0 TCPRcvQDrop=0 MemAvailable:2798M SwapFree:1023M Dirty:0M Slab:854M psi_mem=avg60=0.00 psi_cpu=avg60=0.53 load=5.23,3.94,2.55 cpu_u=129403 n=0 s=72637 i=378636 io=721 irq=0 sirq=36709
  [diag] progress t=40s delivered=4695979 matched=4777024 events~=56 subscribed=83960 rss_mib=3925 swap_mib=0 fanout_done=false
[sys] 10:05:37 tcp_alloc=183985 tcp_mem_pages=35335 PruneCalled=0 RcvPruned=0 TCPRcvCollapsed=0 TCPAbortOnMemory=0 TCPMemoryPressures=0 TCPMemoryPressuresChrono=0 TCPBacklogDrop=0 TCPZeroWindowDrop=0 TCPRcvQDrop=0 MemAvailable:2792M SwapFree:1023M Dirty:0M Slab:878M psi_mem=avg60=0.00 psi_cpu=avg60=0.58 load=5.29,3.97,2.57 cpu_u=131181 n=0 s=73314 i=379882 io=721 irq=0 sirq=37260
[sys] 10:05:42 tcp_alloc=183985 tcp_mem_pages=25351 PruneCalled=0 RcvPruned=0 TCPRcvCollapsed=0 TCPAbortOnMemory=0 TCPMemoryPressures=0 TCPMemoryPressuresChrono=0 TCPBacklogDrop=0 TCPZeroWindowDrop=0 TCPRcvQDrop=0 MemAvailable:2804M SwapFree:1023M Dirty:0M Slab:854M psi_mem=avg60=0.00 psi_cpu=avg60=0.60 load=5.03,3.94,2.56 cpu_u=133123 n=0 s=74167 i=381039 io=721 irq=0 sirq=37891
  [diag] progress t=50s delivered=5534876 matched=5532664 events~=65 subscribed=84090 rss_mib=3961 swap_mib=0 fanout_done=false
[sys] 10:05:47 tcp_alloc=184115 tcp_mem_pages=26631 PruneCalled=0 RcvPruned=0 TCPRcvCollapsed=0 TCPAbortOnMemory=0 TCPMemoryPressures=0 TCPMemoryPressuresChrono=0 TCPBacklogDrop=0 TCPZeroWindowDrop=0 TCPRcvQDrop=0 MemAvailable:2770M SwapFree:1023M Dirty:0M Slab:855M psi_mem=avg60=0.00 psi_cpu=avg60=0.64 load=5.43,4.04,2.60 cpu_u=135038 n=0 s=74965 i=382335 io=721 irq=0 sirq=38488
[sys] 10:05:52 tcp_alloc=184115 tcp_mem_pages=17415 PruneCalled=0 RcvPruned=0 TCPRcvCollapsed=0 TCPAbortOnMemory=0 TCPMemoryPressures=0 TCPMemoryPressuresChrono=0 TCPBacklogDrop=0 TCPZeroWindowDrop=0 TCPRcvQDrop=0 MemAvailable:2747M SwapFree:1023M Dirty:0M Slab:854M psi_mem=avg60=0.00 psi_cpu=avg60=0.70 load=5.79,4.14,2.64 cpu_u=137120 n=0 s=75821 i=383518 io=722 irq=0 sirq=39080
  [diag] progress t=60s delivered=6248065 matched=6289344 events~=74 subscribed=84090 rss_mib=3993 swap_mib=0 fanout_done=false
[sys] 10:05:57 tcp_alloc=184117 tcp_mem_pages=18439 PruneCalled=0 RcvPruned=0 TCPRcvCollapsed=0 TCPAbortOnMemory=0 TCPMemoryPressures=0 TCPMemoryPressuresChrono=0 TCPBacklogDrop=0 TCPZeroWindowDrop=0 TCPRcvQDrop=0 MemAvailable:2702M SwapFree:1023M Dirty:0M Slab:855M psi_mem=avg60=0.00 psi_cpu=avg60=0.82 load=6.13,4.24,2.68 cpu_u=139046 n=0 s=76602 i=384839 io=727 irq=0 sirq=39624
[sys] 10:06:02 tcp_alloc=184117 tcp_mem_pages=26887 PruneCalled=0 RcvPruned=0 TCPRcvCollapsed=0 TCPAbortOnMemory=0 TCPMemoryPressures=0 TCPMemoryPressuresChrono=0 TCPBacklogDrop=0 TCPZeroWindowDrop=0 TCPRcvQDrop=0 MemAvailable:2751M SwapFree:1023M Dirty:0M Slab:855M psi_mem=avg60=0.00 psi_cpu=avg60=0.93 load=5.88,4.21,2.69 cpu_u=140887 n=0 s=77259 i=386101 io=728 irq=0 sirq=40133
  [diag] progress t=70s delivered=6675683 matched=6709794 events~=79 subscribed=84090 rss_mib=3993 swap_mib=0 fanout_done=false
[sys] 10:06:07 tcp_alloc=184117 tcp_mem_pages=26631 PruneCalled=0 RcvPruned=0 TCPRcvCollapsed=0 TCPAbortOnMemory=0 TCPMemoryPressures=0 TCPMemoryPressuresChrono=0 TCPBacklogDrop=0 TCPZeroWindowDrop=0 TCPRcvQDrop=0 MemAvailable:2709M SwapFree:1023M Dirty:0M Slab:855M psi_mem=avg60=0.00 psi_cpu=avg60=0.93 load=6.21,4.31,2.73 cpu_u=142883 n=0 s=77955 i=387369 io=728 irq=0 sirq=40664
[sys] 10:06:12 tcp_alloc=186340 tcp_mem_pages=25351 PruneCalled=0 RcvPruned=0 TCPRcvCollapsed=0 TCPAbortOnMemory=0 TCPMemoryPressures=0 TCPMemoryPressuresChrono=0 TCPBacklogDrop=0 TCPZeroWindowDrop=0 TCPRcvQDrop=0 MemAvailable:2751M SwapFree:1023M Dirty:0M Slab:850M psi_mem=avg60=0.00 psi_cpu=avg60=0.97 load=6.51,4.41,2.77 cpu_u=144874 n=0 s=78987 i=388622 io=728 irq=0 sirq=41194
  [diag] progress t=80s delivered=7487620 matched=7478727 events~=83 subscribed=89690 rss_mib=4025 swap_mib=0 fanout_done=false
[sys] 10:06:17 tcp_alloc=190263 tcp_mem_pages=19975 PruneCalled=0 RcvPruned=0 TCPRcvCollapsed=0 TCPAbortOnMemory=0 TCPMemoryPressures=0 TCPMemoryPressuresChrono=0 TCPBacklogDrop=0 TCPZeroWindowDrop=0 TCPRcvQDrop=0 MemAvailable:2752M SwapFree:1023M Dirty:0M Slab:855M psi_mem=avg60=0.00 psi_cpu=avg60=0.97 load=6.79,4.50,2.80 cpu_u=146829 n=0 s=79913 i=389728 io=728 irq=0 sirq=41815
[sys] 10:06:22 tcp_alloc=190678 tcp_mem_pages=14343 PruneCalled=0 RcvPruned=0 TCPRcvCollapsed=0 TCPAbortOnMemory=0 TCPMemoryPressures=0 TCPMemoryPressuresChrono=0 TCPBacklogDrop=0 TCPZeroWindowDrop=0 TCPRcvQDrop=0 MemAvailable:2743M SwapFree:1023M Dirty:0M Slab:852M psi_mem=avg60=0.00 psi_cpu=avg60=1.01 load=6.97,4.57,2.84 cpu_u=148691 n=0 s=80634 i=391255 io=729 irq=0 sirq=42350
  [diag] progress t=90s delivered=8161737 matched=8203016 events~=85 subscribed=96173 rss_mib=4036 swap_mib=0 fanout_done=false
[sys] 10:06:27 tcp_alloc=197874 tcp_mem_pages=18951 PruneCalled=0 RcvPruned=0 TCPRcvCollapsed=0 TCPAbortOnMemory=0 TCPMemoryPressures=0 TCPMemoryPressuresChrono=0 TCPBacklogDrop=0 TCPZeroWindowDrop=0 TCPRcvQDrop=0 MemAvailable:2638M SwapFree:1023M Dirty:0M Slab:865M psi_mem=avg60=0.00 psi_cpu=avg60=1.01 load=7.21,4.66,2.88 cpu_u=150575 n=0 s=81623 i=392514 io=729 irq=0 sirq=42879
[sys] 10:06:32 tcp_alloc=199494 tcp_mem_pages=9991 PruneCalled=0 RcvPruned=0 TCPRcvCollapsed=0 TCPAbortOnMemory=0 TCPMemoryPressures=0 TCPMemoryPressuresChrono=0 TCPBacklogDrop=0 TCPZeroWindowDrop=0 TCPRcvQDrop=0 MemAvailable:2582M SwapFree:1023M Dirty:0M Slab:860M psi_mem=avg60=0.00 psi_cpu=avg60=0.97 load=6.95,4.65,2.88 cpu_u=152450 n=0 s=82369 i=394119 io=729 irq=0 sirq=43433
  [diag] progress t=100s delivered=8785481 matched=8794664 events~=88 subscribed=99469 rss_mib=4121 swap_mib=0 fanout_done=false
[sys] 10:06:37 tcp_alloc=199494 tcp_mem_pages=1287 PruneCalled=0 RcvPruned=0 TCPRcvCollapsed=0 TCPAbortOnMemory=0 TCPMemoryPressures=0 TCPMemoryPressuresChrono=0 TCPBacklogDrop=0 TCPZeroWindowDrop=0 TCPRcvQDrop=0 MemAvailable:2589M SwapFree:1023M Dirty:0M Slab:853M psi_mem=avg60=0.00 psi_cpu=avg60=0.94 load=7.12,4.72,2.92 cpu_u=154538 n=0 s=83140 i=395470 io=729 irq=0 sirq=43993
[sys] 10:06:42 tcp_alloc=199494 tcp_mem_pages=1287 PruneCalled=0 RcvPruned=0 TCPRcvCollapsed=0 TCPAbortOnMemory=0 TCPMemoryPressures=0 TCPMemoryPressuresChrono=0 TCPBacklogDrop=0 TCPZeroWindowDrop=0 TCPRcvQDrop=0 MemAvailable:2607M SwapFree:1023M Dirty:0M Slab:854M psi_mem=avg60=0.00 psi_cpu=avg60=0.88 load=7.27,4.80,2.95 cpu_u=156471 n=0 s=83855 i=396939 io=729 irq=0 sirq=44564
  [diag] progress t=110s delivered=9395971 matched=9391478 events~=94 subscribed=99469 rss_mib=4160 swap_mib=0 fanout_done=false
[sys] 10:06:48 tcp_alloc=199494 tcp_mem_pages=12551 PruneCalled=0 RcvPruned=0 TCPRcvCollapsed=0 TCPAbortOnMemory=0 TCPMemoryPressures=0 TCPMemoryPressuresChrono=0 TCPBacklogDrop=0 TCPZeroWindowDrop=0 TCPRcvQDrop=0 MemAvailable:2534M SwapFree:1023M Dirty:0M Slab:861M psi_mem=avg60=0.00 psi_cpu=avg60=0.83 load=7.49,4.88,2.99 cpu_u=158340 n=0 s=84580 i=398448 io=729 irq=0 sirq=45151
[sys] 10:06:53 tcp_alloc=199494 tcp_mem_pages=11783 PruneCalled=0 RcvPruned=0 TCPRcvCollapsed=0 TCPAbortOnMemory=0 TCPMemoryPressures=0 TCPMemoryPressuresChrono=0 TCPBacklogDrop=0 TCPZeroWindowDrop=0 TCPRcvQDrop=0 MemAvailable:2552M SwapFree:1023M Dirty:0M Slab:859M psi_mem=avg60=0.00 psi_cpu=avg60=0.80 load=7.29,4.88,3.00 cpu_u=160266 n=0 s=85314 i=399883 io=729 irq=0 sirq=45718
  [diag] progress t=120s delivered=9970133 matched=9988292 events~=100 subscribed=99469 rss_mib=4235 swap_mib=0 fanout_done=false
[sys] 10:06:58 tcp_alloc=199494 tcp_mem_pages=67335 PruneCalled=0 RcvPruned=0 TCPRcvCollapsed=0 TCPAbortOnMemory=0 TCPMemoryPressures=0 TCPMemoryPressuresChrono=0 TCPBacklogDrop=0 TCPZeroWindowDrop=0 TCPRcvQDrop=0 MemAvailable:2392M SwapFree:1023M Dirty:0M Slab:925M psi_mem=avg60=0.00 psi_cpu=avg60=0.79 load=7.51,4.97,3.04 cpu_u=162104 n=0 s=85980 i=401230 io=729 irq=0 sirq=46285
[sys] 10:07:03 tcp_alloc=199494 tcp_mem_pages=6663 PruneCalled=0 RcvPruned=0 TCPRcvCollapsed=0 TCPAbortOnMemory=0 TCPMemoryPressures=0 TCPMemoryPressuresChrono=0 TCPBacklogDrop=0 TCPZeroWindowDrop=0 TCPRcvQDrop=0 MemAvailable:2412M SwapFree:1023M Dirty:0M Slab:857M psi_mem=avg60=0.00 psi_cpu=avg60=0.81 load=7.71,5.05,3.07 cpu_u=164044 n=0 s=86724 i=402568 io=729 irq=0 sirq=46808
  [diag] progress t=130s delivered=10485637 matched=10485637 events~=105 subscribed=99469 rss_mib=4372 swap_mib=0 fanout_done=false
[sys] 10:07:08 tcp_alloc=199494 tcp_mem_pages=1799 PruneCalled=0 RcvPruned=0 TCPRcvCollapsed=0 TCPAbortOnMemory=0 TCPMemoryPressures=0 TCPMemoryPressuresChrono=0 TCPBacklogDrop=0 TCPZeroWindowDrop=0 TCPRcvQDrop=0 MemAvailable:2389M SwapFree:1023M Dirty:0M Slab:856M psi_mem=avg60=0.00 psi_cpu=avg60=0.79 load=7.65,5.09,3.10 cpu_u=165984 n=0 s=87379 i=404088 io=729 irq=0 sirq=47343
[sys] 10:07:13 tcp_alloc=199754 tcp_mem_pages=2311 PruneCalled=0 RcvPruned=0 TCPRcvCollapsed=0 TCPAbortOnMemory=0 TCPMemoryPressures=0 TCPMemoryPressuresChrono=0 TCPBacklogDrop=0 TCPZeroWindowDrop=0 TCPRcvQDrop=0 MemAvailable:2407M SwapFree:1023M Dirty:0M Slab:858M psi_mem=avg60=0.00 psi_cpu=avg60=0.74 load=7.92,5.18,3.14 cpu_u=167806 n=0 s=88009 i=405644 io=729 irq=0 sirq=47838
  [diag] progress t=140s delivered=10963658 matched=10883513 events~=109 subscribed=99818 rss_mib=4356 swap_mib=0 fanout_done=false
[sys] 10:07:18 tcp_alloc=199843 tcp_mem_pages=1287 PruneCalled=0 RcvPruned=0 TCPRcvCollapsed=0 TCPAbortOnMemory=0 TCPMemoryPressures=0 TCPMemoryPressuresChrono=0 TCPBacklogDrop=0 TCPZeroWindowDrop=0 TCPRcvQDrop=0 MemAvailable:2359M SwapFree:1023M Dirty:0M Slab:856M psi_mem=avg60=0.00 psi_cpu=avg60=0.70 load=8.08,5.27,3.17 cpu_u=169829 n=0 s=88684 i=407010 io=730 irq=0 sirq=48386
[sys] 10:07:23 tcp_alloc=199843 tcp_mem_pages=3847 PruneCalled=0 RcvPruned=0 TCPRcvCollapsed=0 TCPAbortOnMemory=0 TCPMemoryPressures=0 TCPMemoryPressuresChrono=0 TCPBacklogDrop=0 TCPZeroWindowDrop=0 TCPRcvQDrop=0 MemAvailable:2400M SwapFree:1023M Dirty:0M Slab:855M psi_mem=avg60=0.00 psi_cpu=avg60=0.72 load=8.24,5.34,3.21 cpu_u=171720 n=0 s=89345 i=408450 io=730 irq=0 sirq=48928
  [diag] progress t=150s delivered=11507663 matched=11482421 events~=115 subscribed=99818 rss_mib=4375 swap_mib=0 fanout_done=false
[sys] 10:07:28 tcp_alloc=199843 tcp_mem_pages=5127 PruneCalled=0 RcvPruned=0 TCPRcvCollapsed=0 TCPAbortOnMemory=0 TCPMemoryPressures=0 TCPMemoryPressuresChrono=0 TCPBacklogDrop=0 TCPZeroWindowDrop=0 TCPRcvQDrop=0 MemAvailable:2416M SwapFree:1023M Dirty:0M Slab:854M psi_mem=avg60=0.00 psi_cpu=avg60=0.71 load=8.22,5.39,3.24 cpu_u=173826 n=0 s=90024 i=409735 io=730 irq=0 sirq=49489
[sys] 10:07:33 tcp_alloc=199843 tcp_mem_pages=65031 PruneCalled=0 RcvPruned=0 TCPRcvCollapsed=0 TCPAbortOnMemory=0 TCPMemoryPressures=0 TCPMemoryPressuresChrono=0 TCPBacklogDrop=0 TCPZeroWindowDrop=0 TCPRcvQDrop=0 MemAvailable:2344M SwapFree:1023M Dirty:0M Slab:921M psi_mem=avg60=0.00 psi_cpu=avg60=0.73 load=8.36,5.46,3.27 cpu_u=175769 n=0 s=90700 i=410959 io=730 irq=0 sirq=50058
  [diag] progress t=160s delivered=11986171 matched=11981511 events~=120 subscribed=99818 rss_mib=4440 swap_mib=0 fanout_done=false
[sys] 10:07:38 tcp_alloc=199843 tcp_mem_pages=3335 PruneCalled=0 RcvPruned=0 TCPRcvCollapsed=0 TCPAbortOnMemory=0 TCPMemoryPressures=0 TCPMemoryPressuresChrono=0 TCPBacklogDrop=0 TCPZeroWindowDrop=0 TCPRcvQDrop=0 MemAvailable:2366M SwapFree:1023M Dirty:0M Slab:857M psi_mem=avg60=0.00 psi_cpu=avg60=0.76 load=8.49,5.54,3.31 cpu_u=177656 n=0 s=91406 i=412360 io=730 irq=0 sirq=50541
[sys] 10:07:43 tcp_alloc=199843 tcp_mem_pages=3591 PruneCalled=0 RcvPruned=0 TCPRcvCollapsed=0 TCPAbortOnMemory=0 TCPMemoryPressures=0 TCPMemoryPressuresChrono=0 TCPBacklogDrop=0 TCPZeroWindowDrop=0 TCPRcvQDrop=0 MemAvailable:2347M SwapFree:1023M Dirty:0M Slab:861M psi_mem=avg60=0.00 psi_cpu=avg60=0.78 load=8.45,5.58,3.34 cpu_u=179608 n=0 s=92096 i=413619 io=730 irq=0 sirq=51116
  [diag] progress t=170s delivered=12451176 matched=12380783 events~=124 subscribed=99818 rss_mib=4371 swap_mib=0 fanout_done=false
[sys] 10:07:48 tcp_alloc=199843 tcp_mem_pages=14343 PruneCalled=0 RcvPruned=0 TCPRcvCollapsed=0 TCPAbortOnMemory=0 TCPMemoryPressures=0 TCPMemoryPressuresChrono=0 TCPBacklogDrop=0 TCPZeroWindowDrop=0 TCPRcvQDrop=0 MemAvailable:2324M SwapFree:1023M Dirty:0M Slab:868M psi_mem=avg60=0.00 psi_cpu=avg60=0.76 load=7.86,5.51,3.32 cpu_u=181398 n=0 s=92719 i=415192 io=730 irq=0 sirq=51671
[sys] 10:07:53 tcp_alloc=199843 tcp_mem_pages=7175 PruneCalled=0 RcvPruned=0 TCPRcvCollapsed=0 TCPAbortOnMemory=0 TCPMemoryPressures=0 TCPMemoryPressuresChrono=0 TCPBacklogDrop=0 TCPZeroWindowDrop=0 TCPRcvQDrop=0 MemAvailable:2394M SwapFree:1023M Dirty:0M Slab:856M psi_mem=avg60=0.00 psi_cpu=avg60=0.75 load=7.31,5.43,3.31 cpu_u=183340 n=0 s=93364 i=416891 io=731 irq=0 sirq=52184
  [diag] progress t=180s delivered=12963730 matched=12879873 events~=129 subscribed=99818 rss_mib=4384 swap_mib=0 fanout_done=false
[sys] 10:07:58 tcp_alloc=199983 tcp_mem_pages=9479 PruneCalled=0 RcvPruned=0 TCPRcvCollapsed=0 TCPAbortOnMemory=0 TCPMemoryPressures=0 TCPMemoryPressuresChrono=0 TCPBacklogDrop=0 TCPZeroWindowDrop=0 TCPRcvQDrop=0 MemAvailable:2379M SwapFree:1023M Dirty:0M Slab:868M psi_mem=avg60=0.00 psi_cpu=avg60=0.77 load=7.52,5.51,3.35 cpu_u=185276 n=0 s=94210 i=418234 io=731 irq=0 sirq=52731
[sys] 10:08:03 tcp_alloc=200025 tcp_mem_pages=1031 PruneCalled=0 RcvPruned=0 TCPRcvCollapsed=0 TCPAbortOnMemory=0 TCPMemoryPressures=0 TCPMemoryPressuresChrono=0 TCPBacklogDrop=0 TCPZeroWindowDrop=0 TCPRcvQDrop=0 MemAvailable:2381M SwapFree:1023M Dirty:0M Slab:856M psi_mem=avg60=0.00 psi_cpu=avg60=0.72 load=7.72,5.58,3.38 cpu_u=187156 n=0 s=94850 i=419965 io=731 irq=0 sirq=53258
  [diag] progress t=190s delivered=13393436 matched=13379477 events~=133 subscribed=100000 rss_mib=4371 swap_mib=0 fanout_done=false
[sys] 10:08:08 tcp_alloc=200025 tcp_mem_pages=6919 PruneCalled=0 RcvPruned=0 TCPRcvCollapsed=0 TCPAbortOnMemory=0 TCPMemoryPressures=0 TCPMemoryPressuresChrono=0 TCPBacklogDrop=0 TCPZeroWindowDrop=0 TCPRcvQDrop=0 MemAvailable:2375M SwapFree:1023M Dirty:0M Slab:856M psi_mem=avg60=0.00 psi_cpu=avg60=0.71 load=7.90,5.65,3.42 cpu_u=189048 n=0 s=95494 i=421519 io=731 irq=0 sirq=53813
[sys] 10:08:13 tcp_alloc=200025 tcp_mem_pages=775 PruneCalled=0 RcvPruned=0 TCPRcvCollapsed=0 TCPAbortOnMemory=0 TCPMemoryPressures=0 TCPMemoryPressuresChrono=0 TCPBacklogDrop=0 TCPZeroWindowDrop=0 TCPRcvQDrop=0 MemAvailable:2406M SwapFree:1023M Dirty:0M Slab:855M psi_mem=avg60=0.00 psi_cpu=avg60=0.77 load=8.07,5.73,3.45 cpu_u=190986 n=0 s=96159 i=423137 io=731 irq=0 sirq=54372
  [diag] progress t=200s delivered=13785166 matched=13779477 events~=137 subscribed=100000 rss_mib=4391 swap_mib=0 fanout_done=false
[sys] 10:08:18 tcp_alloc=200025 tcp_mem_pages=5895 PruneCalled=0 RcvPruned=0 TCPRcvCollapsed=0 TCPAbortOnMemory=0 TCPMemoryPressures=0 TCPMemoryPressuresChrono=0 TCPBacklogDrop=0 TCPZeroWindowDrop=0 TCPRcvQDrop=0 MemAvailable:2395M SwapFree:1023M Dirty:0M Slab:858M psi_mem=avg60=0.00 psi_cpu=avg60=0.75 load=8.23,5.80,3.49 cpu_u=193009 n=0 s=96809 i=424559 io=731 irq=0 sirq=54911
[sys] 10:08:23 tcp_alloc=200025 tcp_mem_pages=2311 PruneCalled=0 RcvPruned=0 TCPRcvCollapsed=0 TCPAbortOnMemory=0 TCPMemoryPressures=0 TCPMemoryPressuresChrono=0 TCPBacklogDrop=0 TCPZeroWindowDrop=0 TCPRcvQDrop=0 MemAvailable:2368M SwapFree:1023M Dirty:0M Slab:857M psi_mem=avg60=0.00 psi_cpu=avg60=0.77 load=8.37,5.87,3.52 cpu_u=194898 n=0 s=97453 i=426211 io=732 irq=0 sirq=55464
  [diag] progress t=210s delivered=14184703 matched=14179477 events~=141 subscribed=100000 rss_mib=4404 swap_mib=0 fanout_done=false
[sys] 10:08:29 tcp_alloc=200025 tcp_mem_pages=6919 PruneCalled=0 RcvPruned=0 TCPRcvCollapsed=0 TCPAbortOnMemory=0 TCPMemoryPressures=0 TCPMemoryPressuresChrono=0 TCPBacklogDrop=0 TCPZeroWindowDrop=0 TCPRcvQDrop=0 MemAvailable:2352M SwapFree:1023M Dirty:0M Slab:859M psi_mem=avg60=0.00 psi_cpu=avg60=0.85 load=8.42,5.92,3.55 cpu_u=196974 n=0 s=98123 i=427538 io=732 irq=0 sirq=56031
[sys] 10:08:34 tcp_alloc=200025 tcp_mem_pages=3847 PruneCalled=0 RcvPruned=0 TCPRcvCollapsed=0 TCPAbortOnMemory=0 TCPMemoryPressures=0 TCPMemoryPressuresChrono=0 TCPBacklogDrop=0 TCPZeroWindowDrop=0 TCPRcvQDrop=0 MemAvailable:2313M SwapFree:1023M Dirty:0M Slab:860M psi_mem=avg60=0.00 psi_cpu=avg60=0.80 load=8.63,6.00,3.59 cpu_u=198899 n=0 s=98790 i=429077 io=732 irq=0 sirq=56568
  [diag] progress t=220s delivered=14646715 matched=14579477 events~=145 subscribed=100000 rss_mib=4428 swap_mib=0 fanout_done=false
[sys] 10:08:39 tcp_alloc=200025 tcp_mem_pages=2823 PruneCalled=0 RcvPruned=0 TCPRcvCollapsed=0 TCPAbortOnMemory=0 TCPMemoryPressures=0 TCPMemoryPressuresChrono=0 TCPBacklogDrop=0 TCPZeroWindowDrop=0 TCPRcvQDrop=0 MemAvailable:2304M SwapFree:1023M Dirty:0M Slab:857M psi_mem=avg60=0.00 psi_cpu=avg60=0.84 load=8.58,6.04,3.62 cpu_u=200751 n=0 s=99418 i=430647 io=732 irq=0 sirq=57107
[sys] 10:08:44 tcp_alloc=200025 tcp_mem_pages=18183 PruneCalled=0 RcvPruned=0 TCPRcvCollapsed=0 TCPAbortOnMemory=0 TCPMemoryPressures=0 TCPMemoryPressuresChrono=0 TCPBacklogDrop=0 TCPZeroWindowDrop=0 TCPRcvQDrop=0 MemAvailable:2298M SwapFree:1023M Dirty:0M Slab:870M psi_mem=avg60=0.00 psi_cpu=avg60=0.79 load=8.69,6.10,3.65 cpu_u=202534 n=0 s=99954 i=432339 io=732 irq=0 sirq=57650
  [diag] progress t=230s delivered=14957090 matched=14979477 events~=149 subscribed=100000 rss_mib=4371 swap_mib=0 fanout_done=false
[sys] 10:08:49 tcp_alloc=200025 tcp_mem_pages=20743 PruneCalled=0 RcvPruned=0 TCPRcvCollapsed=0 TCPAbortOnMemory=0 TCPMemoryPressures=0 TCPMemoryPressuresChrono=0 TCPBacklogDrop=0 TCPZeroWindowDrop=0 TCPRcvQDrop=0 MemAvailable:2355M SwapFree:1023M Dirty:0M Slab:874M psi_mem=avg60=0.00 psi_cpu=avg60=0.81 load=8.72,6.15,3.68 cpu_u=204559 n=0 s=100538 i=433724 io=733 irq=0 sirq=58173
[sys] 10:08:54 tcp_alloc=200025 tcp_mem_pages=31495 PruneCalled=0 RcvPruned=0 TCPRcvCollapsed=0 TCPAbortOnMemory=0 TCPMemoryPressures=0 TCPMemoryPressuresChrono=0 TCPBacklogDrop=0 TCPZeroWindowDrop=0 TCPRcvQDrop=0 MemAvailable:2342M SwapFree:1023M Dirty:0M Slab:890M psi_mem=avg60=0.00 psi_cpu=avg60=0.86 load=8.66,6.18,3.71 cpu_u=206354 n=0 s=101077 i=435202 io=733 irq=0 sirq=58715
  [diag] progress t=240s delivered=15194726 matched=15179477 events~=151 subscribed=100000 rss_mib=4411 swap_mib=0 fanout_done=false
[sys] 10:08:59 tcp_alloc=200025 tcp_mem_pages=8199 PruneCalled=0 RcvPruned=0 TCPRcvCollapsed=0 TCPAbortOnMemory=0 TCPMemoryPressures=0 TCPMemoryPressuresChrono=0 TCPBacklogDrop=0 TCPZeroWindowDrop=0 TCPRcvQDrop=0 MemAvailable:2349M SwapFree:1023M Dirty:0M Slab:858M psi_mem=avg60=0.00 psi_cpu=avg60=0.90 load=8.77,6.25,3.74 cpu_u=208182 n=0 s=101631 i=436591 io=733 irq=0 sirq=59188
[sys] 10:09:04 tcp_alloc=200025 tcp_mem_pages=5383 PruneCalled=0 RcvPruned=0 TCPRcvCollapsed=0 TCPAbortOnMemory=0 TCPMemoryPressures=0 TCPMemoryPressuresChrono=0 TCPBacklogDrop=0 TCPZeroWindowDrop=0 TCPRcvQDrop=0 MemAvailable:2375M SwapFree:1023M Dirty:0M Slab:855M psi_mem=avg60=0.00 psi_cpu=avg60=0.91 load=8.14,6.16,3.72 cpu_u=210016 n=0 s=102182 i=438119 io=733 irq=0 sirq=59723
  [diag] progress t=250s delivered=15493588 matched=15479477 events~=154 subscribed=100000 rss_mib=4404 swap_mib=0 fanout_done=false
[sys] 10:09:09 tcp_alloc=200025 tcp_mem_pages=4359 PruneCalled=0 RcvPruned=0 TCPRcvCollapsed=0 TCPAbortOnMemory=0 TCPMemoryPressures=0 TCPMemoryPressuresChrono=0 TCPBacklogDrop=0 TCPZeroWindowDrop=0 TCPRcvQDrop=0 MemAvailable:2363M SwapFree:1023M Dirty:0M Slab:857M psi_mem=avg60=0.00 psi_cpu=avg60=0.88 load=8.29,6.22,3.76 cpu_u=211619 n=0 s=102706 i=439915 io=733 irq=0 sirq=60210
[sys] 10:09:14 tcp_alloc=200025 tcp_mem_pages=8455 PruneCalled=0 RcvPruned=0 TCPRcvCollapsed=0 TCPAbortOnMemory=0 TCPMemoryPressures=0 TCPMemoryPressuresChrono=0 TCPBacklogDrop=0 TCPZeroWindowDrop=0 TCPRcvQDrop=0 MemAvailable:2326M SwapFree:1023M Dirty:0M Slab:867M psi_mem=avg60=0.00 psi_cpu=avg60=0.86 load=8.11,6.22,3.77 cpu_u=213658 n=0 s=103333 i=441307 io=733 irq=0 sirq=60761
  [diag] progress t=260s delivered=15840460 matched=15879477 events~=158 subscribed=100000 rss_mib=4371 swap_mib=0 fanout_done=false
[sys] 10:09:19 tcp_alloc=200025 tcp_mem_pages=14855 PruneCalled=0 RcvPruned=0 TCPRcvCollapsed=0 TCPAbortOnMemory=0 TCPMemoryPressures=0 TCPMemoryPressuresChrono=0 TCPBacklogDrop=0 TCPZeroWindowDrop=0 TCPRcvQDrop=0 MemAvailable:2325M SwapFree:1023M Dirty:0M Slab:867M psi_mem=avg60=0.00 psi_cpu=avg60=0.87 load=8.18,6.27,3.80 cpu_u=215553 n=0 s=103945 i=442681 io=733 irq=0 sirq=61327
[sys] 10:09:24 tcp_alloc=200025 tcp_mem_pages=7175 PruneCalled=0 RcvPruned=0 TCPRcvCollapsed=0 TCPAbortOnMemory=0 TCPMemoryPressures=0 TCPMemoryPressuresChrono=0 TCPBacklogDrop=0 TCPZeroWindowDrop=0 TCPRcvQDrop=0 MemAvailable:2326M SwapFree:1023M Dirty:0M Slab:865M psi_mem=avg60=0.00 psi_cpu=avg60=0.82 load=8.33,6.33,3.83 cpu_u=217434 n=0 s=104554 i=444434 io=733 irq=0 sirq=61848
  [diag] progress t=270s delivered=16179739 matched=16179477 events~=161 subscribed=100000 rss_mib=4433 swap_mib=0 fanout_done=false
[sys] 10:09:29 tcp_alloc=200025 tcp_mem_pages=3079 PruneCalled=0 RcvPruned=0 TCPRcvCollapsed=0 TCPAbortOnMemory=0 TCPMemoryPressures=0 TCPMemoryPressuresChrono=0 TCPBacklogDrop=0 TCPZeroWindowDrop=0 TCPRcvQDrop=0 MemAvailable:2368M SwapFree:1023M Dirty:0M Slab:862M psi_mem=avg60=0.00 psi_cpu=avg60=0.83 load=8.46,6.39,3.87 cpu_u=219476 n=0 s=105235 i=445796 io=733 irq=0 sirq=62385
[sys] 10:09:34 tcp_alloc=200025 tcp_mem_pages=3847 PruneCalled=0 RcvPruned=0 TCPRcvCollapsed=0 TCPAbortOnMemory=0 TCPMemoryPressures=0 TCPMemoryPressuresChrono=0 TCPBacklogDrop=0 TCPZeroWindowDrop=0 TCPRcvQDrop=0 MemAvailable:2422M SwapFree:1023M Dirty:0M Slab:857M psi_mem=avg60=0.00 psi_cpu=avg60=0.81 load=8.50,6.43,3.89 cpu_u=221666 n=0 s=105845 i=447175 io=733 irq=0 sirq=62868
  [diag] progress t=280s delivered=16500656 matched=16579477 events~=165 subscribed=100000 rss_mib=4450 swap_mib=0 fanout_done=false
[sys] 10:09:39 tcp_alloc=200025 tcp_mem_pages=5383 PruneCalled=0 RcvPruned=0 TCPRcvCollapsed=0 TCPAbortOnMemory=0 TCPMemoryPressures=0 TCPMemoryPressuresChrono=0 TCPBacklogDrop=0 TCPZeroWindowDrop=0 TCPRcvQDrop=0 MemAvailable:2406M SwapFree:1023M Dirty:0M Slab:862M psi_mem=avg60=0.00 psi_cpu=avg60=0.86 load=8.62,6.49,3.93 cpu_u=223450 n=0 s=106477 i=448546 io=733 irq=0 sirq=63404
[sys] 10:09:44 tcp_alloc=200025 tcp_mem_pages=43015 PruneCalled=0 RcvPruned=0 TCPRcvCollapsed=0 TCPAbortOnMemory=0 TCPMemoryPressures=0 TCPMemoryPressuresChrono=0 TCPBacklogDrop=0 TCPZeroWindowDrop=0 TCPRcvQDrop=0 MemAvailable:2263M SwapFree:1023M Dirty:0M Slab:897M psi_mem=avg60=0.00 psi_cpu=avg60=0.87 load=8.57,6.52,3.95 cpu_u=225347 n=0 s=107051 i=449536 io=734 irq=0 sirq=63963
  [diag] progress t=290s delivered=16877964 matched=16979477 events~=169 subscribed=100000 rss_mib=4435 swap_mib=0 fanout_done=false
[sys] 10:09:49 tcp_alloc=200025 tcp_mem_pages=1543 PruneCalled=0 RcvPruned=0 TCPRcvCollapsed=0 TCPAbortOnMemory=0 TCPMemoryPressures=0 TCPMemoryPressuresChrono=0 TCPBacklogDrop=0 TCPZeroWindowDrop=0 TCPRcvQDrop=0 MemAvailable:2321M SwapFree:1023M Dirty:0M Slab:864M psi_mem=avg60=0.00 psi_cpu=avg60=0.88 load=8.53,6.54,3.97 cpu_u=227248 n=0 s=107628 i=451051 io=734 irq=0 sirq=64423
[sys] 10:09:54 tcp_alloc=200025 tcp_mem_pages=38663 PruneCalled=0 RcvPruned=0 TCPRcvCollapsed=0 TCPAbortOnMemory=0 TCPMemoryPressures=0 TCPMemoryPressuresChrono=0 TCPBacklogDrop=0 TCPZeroWindowDrop=0 TCPRcvQDrop=0 MemAvailable:2297M SwapFree:1023M Dirty:0M Slab:892M psi_mem=avg60=0.00 psi_cpu=avg60=0.89 load=8.25,6.52,3.98 cpu_u=229173 n=0 s=108148 i=452141 io=735 irq=0 sirq=64976
  [diag] at window end: connected=100000 subscribed=100000 connect_failed=0 subscribed_at_start=77385 late_subscribers=22615 (late subscribers' pre-subscribe events stay in the drop count)
  [diag] router: matched=17179477 delivered=17179477 dropped=0 faulted=0 events_fanned_out~=171 (matched/subscribed)
  [diag] undelivered breakdown (events): never_connected_x_events=0 pre_subscribe_or_not_yet_fanned_out=32820523 router_dropped=0 router_faulted=0 in_flight_or_unaccounted=51997 sum=32872520 (attempted-delivered=32872520)
  [diag] completed=false (delivered 17127480 of 50000000 before the 300s window) peak_rss_mib=4513
  [diag] finish: fanout_done=false reachable=17179477 delivered=17127480 elapsed_to_finish=n/a
  [diag] stages events=190 match=369.85ms/ev deliver=1024.96ms/ev ack_scan=175.89ms/ev busy=298.43s wall=300.01s busy_frac=0.995
  [diag] cpu proc_cpu=2146.71s wall=300.01s cores_used=7.16 nproc=10
  [diag] fanout_task_finished=false (true = replicator budget exhausted before the window closed)

=== nostos-bench-10k probe ===
  clients   : 100000
  events    : 500 (attempted deliveries: 50000000)
  window    : 300s
  ---------------------------
  delivered : 17127480
  ops/sec   : 57090
  drop%     : 65.75
  elapsed   : 300.01s
  elapsed_to_finish : n/a (window expired)
  ops/sec (finish)  : n/a
SOAK rc=0 10:09:58
HOST tier=100000 end 20:09:58 load1=16.87 rc=0
HOST tier=100000 start 20:11:28 load1=6.17 waited=60s
env: Linux 7.0.12-linuxkit aarch64 nproc=10 nofile=1048576 mem=8124516kB swap=1048572kB tcp_rmem=4096-131072-33554432 tcp_wmem=4096-16384-4194304
SOAK start 10:11:29 clients=100000 events=500 window=300 ack=16 listeners=2
  [diag] listeners: ws://127.0.0.1:4993/sync ws://127.0.0.2:15135/sync
[sys] 10:11:29 tcp_alloc=24 tcp_mem_pages=1287 PruneCalled=0 RcvPruned=0 TCPRcvCollapsed=0 TCPAbortOnMemory=0 TCPMemoryPressures=0 TCPMemoryPressuresChrono=0 TCPBacklogDrop=0 TCPZeroWindowDrop=0 TCPRcvQDrop=0 MemAvailable:7348M SwapFree:1023M Dirty:0M Slab:142M psi_mem=avg60=0.00 psi_cpu=avg60=0.20 load=1.70,4.75,3.59 cpu_u=229806 n=0 s=108547 i=544893 io=743 irq=0 sirq=65218
[sys] 10:11:34 tcp_alloc=98280 tcp_mem_pages=33287 PruneCalled=0 RcvPruned=0 TCPRcvCollapsed=0 TCPAbortOnMemory=0 TCPMemoryPressures=0 TCPMemoryPressuresChrono=0 TCPBacklogDrop=0 TCPZeroWindowDrop=0 TCPRcvQDrop=0 MemAvailable:6074M SwapFree:1023M Dirty:0M Slab:520M psi_mem=avg60=0.00 psi_cpu=avg60=0.31 load=2.37,4.84,3.63 cpu_u=229948 n=0 s=112358 i=545213 io=743 irq=0 sirq=65305
[sys] 10:11:39 tcp_alloc=114767 tcp_mem_pages=36615 PruneCalled=0 RcvPruned=0 TCPRcvCollapsed=0 TCPAbortOnMemory=0 TCPMemoryPressures=0 TCPMemoryPressuresChrono=0 TCPBacklogDrop=0 TCPZeroWindowDrop=0 TCPRcvQDrop=0 MemAvailable:5893M SwapFree:1023M Dirty:0M Slab:583M psi_mem=avg60=0.00 psi_cpu=avg60=0.41 load=2.98,4.92,3.66 cpu_u=229992 n=0 s=116450 i=545287 io=743 irq=0 sirq=65327
[sys] 10:11:44 tcp_alloc=128130 tcp_mem_pages=43783 PruneCalled=0 RcvPruned=0 TCPRcvCollapsed=0 TCPAbortOnMemory=0 TCPMemoryPressures=0 TCPMemoryPressuresChrono=0 TCPBacklogDrop=0 TCPZeroWindowDrop=0 TCPRcvQDrop=0 MemAvailable:5798M SwapFree:1023M Dirty:0M Slab:634M psi_mem=avg60=0.00 psi_cpu=avg60=0.50 load=3.62,5.02,3.70 cpu_u=230029 n=0 s=120633 i=545355 io=743 irq=0 sirq=65348
[sys] 10:11:49 tcp_alloc=148225 tcp_mem_pages=52231 PruneCalled=0 RcvPruned=0 TCPRcvCollapsed=0 TCPAbortOnMemory=0 TCPMemoryPressures=0 TCPMemoryPressuresChrono=0 TCPBacklogDrop=0 TCPZeroWindowDrop=0 TCPRcvQDrop=0 MemAvailable:4557M SwapFree:1023M Dirty:0M Slab:739M psi_mem=avg60=0.00 psi_cpu=avg60=0.53 load=3.49,4.97,3.69 cpu_u=230602 n=0 s=123410 i=546356 io=744 irq=0 sirq=65554
[sys] 10:11:54 tcp_alloc=173716 tcp_mem_pages=28679 PruneCalled=0 RcvPruned=0 TCPRcvCollapsed=0 TCPAbortOnMemory=0 TCPMemoryPressures=0 TCPMemoryPressuresChrono=0 TCPBacklogDrop=0 TCPZeroWindowDrop=0 TCPRcvQDrop=0 MemAvailable:3781M SwapFree:1023M Dirty:0M Slab:832M psi_mem=avg60=0.00 psi_cpu=avg60=0.82 load=4.01,5.06,3.72 cpu_u=231051 n=0 s=123735 i=550265 io=744 irq=0 sirq=65721
[sys] 10:11:59 tcp_alloc=178664 tcp_mem_pages=22023 PruneCalled=0 RcvPruned=0 TCPRcvCollapsed=0 TCPAbortOnMemory=0 TCPMemoryPressures=0 TCPMemoryPressuresChrono=0 TCPBacklogDrop=0 TCPZeroWindowDrop=0 TCPRcvQDrop=0 MemAvailable:3650M SwapFree:1023M Dirty:0M Slab:845M psi_mem=avg60=0.00 psi_cpu=avg60=0.77 load=3.69,4.97,3.70 cpu_u=231138 n=0 s=123803 i=555090 io=744 irq=0 sirq=65743
[sys] 10:12:04 tcp_alloc=179871 tcp_mem_pages=21511 PruneCalled=0 RcvPruned=0 TCPRcvCollapsed=0 TCPAbortOnMemory=0 TCPMemoryPressures=0 TCPMemoryPressuresChrono=0 TCPBacklogDrop=0 TCPZeroWindowDrop=0 TCPRcvQDrop=0 MemAvailable:3615M SwapFree:1023M Dirty:0M Slab:849M psi_mem=avg60=0.00 psi_cpu=avg60=0.69 load=3.40,4.89,3.68 cpu_u=231160 n=0 s=123819 i=560046 io=744 irq=0 sirq=65755
[sys] 10:12:09 tcp_alloc=183328 tcp_mem_pages=17927 PruneCalled=0 RcvPruned=0 TCPRcvCollapsed=0 TCPAbortOnMemory=0 TCPMemoryPressures=0 TCPMemoryPressuresChrono=0 TCPBacklogDrop=0 TCPZeroWindowDrop=0 TCPRcvQDrop=0 MemAvailable:3497M SwapFree:1023M Dirty:0M Slab:858M psi_mem=avg60=0.00 psi_cpu=avg60=0.65 load=3.12,4.81,3.66 cpu_u=231236 n=0 s=123866 i=564910 io=744 irq=0 sirq=65778
[sys] 10:12:14 tcp_alloc=184756 tcp_mem_pages=16903 PruneCalled=0 RcvPruned=0 TCPRcvCollapsed=0 TCPAbortOnMemory=0 TCPMemoryPressures=0 TCPMemoryPressuresChrono=0 TCPBacklogDrop=0 TCPZeroWindowDrop=0 TCPRcvQDrop=0 MemAvailable:3463M SwapFree:1023M Dirty:0M Slab:862M psi_mem=avg60=0.00 psi_cpu=avg60=0.59 load=2.87,4.73,3.64 cpu_u=231268 n=0 s=123885 i=569840 io=744 irq=0 sirq=65795
[sys] 10:12:19 tcp_alloc=184768 tcp_mem_pages=16903 PruneCalled=0 RcvPruned=0 TCPRcvCollapsed=0 TCPAbortOnMemory=0 TCPMemoryPressures=0 TCPMemoryPressuresChrono=0 TCPBacklogDrop=0 TCPZeroWindowDrop=0 TCPRcvQDrop=0 MemAvailable:3463M SwapFree:1023M Dirty:0M Slab:862M psi_mem=avg60=0.00 psi_cpu=avg60=0.55 load=2.64,4.65,3.62 cpu_u=231278 n=0 s=123888 i=574835 io=744 irq=0 sirq=65796
  [diag] subscribe quorum after 52.28s: connected=84736 subscribed=84736 connect_failed=0 complete=false (ceiling 500s, stall 5s)
[sys] 10:12:24 tcp_alloc=184768 tcp_mem_pages=16391 PruneCalled=0 RcvPruned=0 TCPRcvCollapsed=0 TCPAbortOnMemory=0 TCPMemoryPressures=0 TCPMemoryPressuresChrono=0 TCPBacklogDrop=0 TCPZeroWindowDrop=0 TCPRcvQDrop=0 MemAvailable:3330M SwapFree:1023M Dirty:0M Slab:860M psi_mem=avg60=0.00 psi_cpu=avg60=0.49 load=2.51,4.59,3.61 cpu_u=232132 n=0 s=124178 i=578366 io=744 irq=0 sirq=66017
[sys] 10:12:29 tcp_alloc=184809 tcp_mem_pages=52231 PruneCalled=0 RcvPruned=0 TCPRcvCollapsed=0 TCPAbortOnMemory=0 TCPMemoryPressures=0 TCPMemoryPressuresChrono=0 TCPBacklogDrop=0 TCPZeroWindowDrop=0 TCPRcvQDrop=0 MemAvailable:3017M SwapFree:1023M Dirty:0M Slab:887M psi_mem=avg60=0.00 psi_cpu=avg60=0.53 load=3.11,4.68,3.64 cpu_u=234099 n=0 s=124919 i=579758 io=745 irq=0 sirq=66539
  [diag] progress t=10s delivered=505083 matched=508506 events~=5 subscribed=84781 rss_mib=3723 swap_mib=0 fanout_done=false
[sys] 10:12:34 tcp_alloc=184809 tcp_mem_pages=39431 PruneCalled=0 RcvPruned=0 TCPRcvCollapsed=0 TCPAbortOnMemory=0 TCPMemoryPressures=0 TCPMemoryPressuresChrono=0 TCPBacklogDrop=0 TCPZeroWindowDrop=0 TCPRcvQDrop=0 MemAvailable:2986M SwapFree:1023M Dirty:0M Slab:863M psi_mem=avg60=0.00 psi_cpu=avg60=0.51 load=3.58,4.75,3.67 cpu_u=236116 n=0 s=125711 i=581033 io=745 irq=0 sirq=67085
[sys] 10:12:39 tcp_alloc=186039 tcp_mem_pages=18439 PruneCalled=0 RcvPruned=0 TCPRcvCollapsed=0 TCPAbortOnMemory=0 TCPMemoryPressures=0 TCPMemoryPressuresChrono=0 TCPBacklogDrop=0 TCPZeroWindowDrop=0 TCPRcvQDrop=0 MemAvailable:2889M SwapFree:1023M Dirty:0M Slab:867M psi_mem=avg60=0.00 psi_cpu=avg60=0.57 load=4.10,4.84,3.71 cpu_u=237695 n=0 s=126368 i=582370 io=745 irq=0 sirq=67591
  [diag] progress t=20s delivered=920924 matched=932411 events~=10 subscribed=86110 rss_mib=3933 swap_mib=0 fanout_done=false
[sys] 10:12:44 tcp_alloc=186607 tcp_mem_pages=32263 PruneCalled=0 RcvPruned=0 TCPRcvCollapsed=0 TCPAbortOnMemory=0 TCPMemoryPressures=0 TCPMemoryPressuresChrono=0 TCPBacklogDrop=0 TCPZeroWindowDrop=0 TCPRcvQDrop=0 MemAvailable:2802M SwapFree:1023M Dirty:0M Slab:867M psi_mem=avg60=0.00 psi_cpu=avg60=0.84 load=4.57,4.92,3.74 cpu_u=239299 n=0 s=126848 i=583486 io=746 irq=0 sirq=68016
[sys] 10:12:49 tcp_alloc=186736 tcp_mem_pages=28679 PruneCalled=0 RcvPruned=0 TCPRcvCollapsed=0 TCPAbortOnMemory=0 TCPMemoryPressures=0 TCPMemoryPressuresChrono=0 TCPBacklogDrop=0 TCPZeroWindowDrop=0 TCPRcvQDrop=0 MemAvailable:2762M SwapFree:1023M Dirty:0M Slab:875M psi_mem=avg60=0.00 psi_cpu=avg60=0.88 load=4.92,4.99,3.77 cpu_u=241014 n=0 s=127462 i=585108 io=746 irq=0 sirq=68443
  [diag] progress t=30s delivered=1134871 matched=1190475 events~=13 subscribed=86711 rss_mib=3929 swap_mib=0 fanout_done=false
[sys] 10:12:54 tcp_alloc=186865 tcp_mem_pages=35591 PruneCalled=0 RcvPruned=0 TCPRcvCollapsed=0 TCPAbortOnMemory=0 TCPMemoryPressures=0 TCPMemoryPressuresChrono=0 TCPBacklogDrop=0 TCPZeroWindowDrop=0 TCPRcvQDrop=0 MemAvailable:2806M SwapFree:1023M Dirty:0M Slab:865M psi_mem=avg60=0.00 psi_cpu=avg60=0.92 load=5.33,5.08,3.80 cpu_u=242612 n=0 s=128015 i=586176 io=746 irq=0 sirq=68972
[sys] 10:12:59 tcp_alloc=186865 tcp_mem_pages=49415 PruneCalled=0 RcvPruned=0 TCPRcvCollapsed=0 TCPAbortOnMemory=0 TCPMemoryPressures=0 TCPMemoryPressuresChrono=0 TCPBacklogDrop=0 TCPZeroWindowDrop=0 TCPRcvQDrop=0 MemAvailable:2775M SwapFree:1023M Dirty:0M Slab:863M psi_mem=avg60=0.00 psi_cpu=avg60=1.03 load=5.39,5.09,3.82 cpu_u=244368 n=0 s=128589 i=587259 io=747 irq=0 sirq=69457
  [diag] progress t=40s delivered=1504764 matched=1537706 events~=17 subscribed=86840 rss_mib=3946 swap_mib=0 fanout_done=false
[sys] 10:13:04 tcp_alloc=186865 tcp_mem_pages=43015 PruneCalled=0 RcvPruned=0 TCPRcvCollapsed=0 TCPAbortOnMemory=0 TCPMemoryPressures=0 TCPMemoryPressuresChrono=0 TCPBacklogDrop=0 TCPZeroWindowDrop=0 TCPRcvQDrop=0 MemAvailable:2768M SwapFree:1023M Dirty:0M Slab:883M psi_mem=avg60=0.00 psi_cpu=avg60=1.02 load=5.43,5.11,3.83 cpu_u=246257 n=0 s=129246 i=588719 io=747 irq=0 sirq=69914
[sys] 10:13:09 tcp_alloc=186958 tcp_mem_pages=46855 PruneCalled=0 RcvPruned=0 TCPRcvCollapsed=0 TCPAbortOnMemory=0 TCPMemoryPressures=0 TCPMemoryPressuresChrono=0 TCPBacklogDrop=0 TCPZeroWindowDrop=0 TCPRcvQDrop=0 MemAvailable:2696M SwapFree:1023M Dirty:0M Slab:864M psi_mem=avg60=0.00 psi_cpu=avg60=1.08 load=5.80,5.19,3.86 cpu_u=248148 n=0 s=129923 i=589935 io=747 irq=0 sirq=70433
  [diag] progress t=50s delivered=1985097 matched=1972092 events~=22 subscribed=86933 rss_mib=4057 swap_mib=0 fanout_done=false
[sys] 10:13:14 tcp_alloc=186958 tcp_mem_pages=20743 PruneCalled=0 RcvPruned=0 TCPRcvCollapsed=0 TCPAbortOnMemory=0 TCPMemoryPressures=0 TCPMemoryPressuresChrono=0 TCPBacklogDrop=0 TCPZeroWindowDrop=0 TCPRcvQDrop=0 MemAvailable:2642M SwapFree:1023M Dirty:0M Slab:867M psi_mem=avg60=0.00 psi_cpu=avg60=1.05 load=6.06,5.25,3.89 cpu_u=250096 n=0 s=130733 i=591204 io=747 irq=0 sirq=70973
[sys] 10:13:19 tcp_alloc=186958 tcp_mem_pages=67591 PruneCalled=0 RcvPruned=0 TCPRcvCollapsed=0 TCPAbortOnMemory=0 TCPMemoryPressures=0 TCPMemoryPressuresChrono=0 TCPBacklogDrop=0 TCPZeroWindowDrop=0 TCPRcvQDrop=0 MemAvailable:2520M SwapFree:1023M Dirty:0M Slab:887M psi_mem=avg60=0.00 psi_cpu=avg60=1.01 load=6.37,5.33,3.92 cpu_u=252063 n=0 s=131454 i=592437 io=747 irq=0 sirq=71525
  [diag] progress t=60s delivered=2618985 matched=2580623 events~=29 subscribed=86933 rss_mib=4173 swap_mib=0 fanout_done=false
[sys] 10:13:24 tcp_alloc=186958 tcp_mem_pages=17415 PruneCalled=0 RcvPruned=0 TCPRcvCollapsed=0 TCPAbortOnMemory=0 TCPMemoryPressures=0 TCPMemoryPressuresChrono=0 TCPBacklogDrop=0 TCPZeroWindowDrop=0 TCPRcvQDrop=0 MemAvailable:2559M SwapFree:1023M Dirty:0M Slab:863M psi_mem=avg60=0.00 psi_cpu=avg60=1.01 load=6.66,5.41,3.96 cpu_u=254020 n=0 s=132223 i=593614 io=747 irq=0 sirq=72092
[sys] 10:13:29 tcp_alloc=186958 tcp_mem_pages=19207 PruneCalled=0 RcvPruned=0 TCPRcvCollapsed=0 TCPAbortOnMemory=0 TCPMemoryPressures=0 TCPMemoryPressuresChrono=0 TCPBacklogDrop=0 TCPZeroWindowDrop=0 TCPRcvQDrop=0 MemAvailable:2417M SwapFree:1023M Dirty:0M Slab:863M psi_mem=avg60=0.00 psi_cpu=avg60=0.97 load=6.85,5.47,3.98 cpu_u=256061 n=0 s=133023 i=594817 io=748 irq=0 sirq=72626
  [diag] progress t=70s delivered=3189637 matched=3189154 events~=36 subscribed=86933 rss_mib=4245 swap_mib=0 fanout_done=false
[sys] 10:13:35 tcp_alloc=186735 tcp_mem_pages=47111 PruneCalled=0 RcvPruned=0 TCPRcvCollapsed=0 TCPAbortOnMemory=0 TCPMemoryPressures=0 TCPMemoryPressuresChrono=0 TCPBacklogDrop=0 TCPZeroWindowDrop=0 TCPRcvQDrop=0 MemAvailable:2442M SwapFree:1023M Dirty:0M Slab:853M psi_mem=avg60=0.00 psi_cpu=avg60=1.11 load=6.70,5.46,3.99 cpu_u=257897 n=0 s=133799 i=596104 io=748 irq=0 sirq=73131
[sys] 10:13:40 tcp_alloc=190893 tcp_mem_pages=12551 PruneCalled=0 RcvPruned=0 TCPRcvCollapsed=0 TCPAbortOnMemory=0 TCPMemoryPressures=0 TCPMemoryPressuresChrono=0 TCPBacklogDrop=0 TCPZeroWindowDrop=0 TCPRcvQDrop=0 MemAvailable:2507M SwapFree:1023M Dirty:0M Slab:870M psi_mem=avg60=0.00 psi_cpu=avg60=1.16 load=6.97,5.54,4.02 cpu_u=259582 n=0 s=134839 i=597454 io=748 irq=0 sirq=73571
  [diag] progress t=80s delivered=3606423 matched=3627588 events~=38 subscribed=93486 rss_mib=4258 swap_mib=0 fanout_done=false
[sys] 10:13:45 tcp_alloc=195313 tcp_mem_pages=16391 PruneCalled=0 RcvPruned=0 TCPRcvCollapsed=0 TCPAbortOnMemory=0 TCPMemoryPressures=0 TCPMemoryPressuresChrono=0 TCPBacklogDrop=0 TCPZeroWindowDrop=0 TCPRcvQDrop=0 MemAvailable:2491M SwapFree:1023M Dirty:0M Slab:864M psi_mem=avg60=0.00 psi_cpu=avg60=1.15 load=7.21,5.61,4.05 cpu_u=261668 n=0 s=135481 i=598873 io=748 irq=0 sirq=74087
[sys] 10:13:50 tcp_alloc=196238 tcp_mem_pages=9479 PruneCalled=0 RcvPruned=0 TCPRcvCollapsed=0 TCPAbortOnMemory=0 TCPMemoryPressures=0 TCPMemoryPressuresChrono=0 TCPBacklogDrop=0 TCPZeroWindowDrop=0 TCPRcvQDrop=0 MemAvailable:2494M SwapFree:1023M Dirty:0M Slab:864M psi_mem=avg60=0.00 psi_cpu=avg60=1.13 load=7.43,5.68,4.09 cpu_u=263553 n=0 s=136181 i=600198 io=748 irq=0 sirq=74591
  [diag] progress t=90s delivered=4059385 matched=4101557 events~=42 subscribed=96213 rss_mib=4311 swap_mib=0 fanout_done=false
[sys] 10:13:55 tcp_alloc=197496 tcp_mem_pages=7687 PruneCalled=0 RcvPruned=0 TCPRcvCollapsed=0 TCPAbortOnMemory=0 TCPMemoryPressures=0 TCPMemoryPressuresChrono=0 TCPBacklogDrop=0 TCPZeroWindowDrop=0 TCPRcvQDrop=0 MemAvailable:2461M SwapFree:1023M Dirty:0M Slab:863M psi_mem=avg60=0.00 psi_cpu=avg60=1.12 load=7.64,5.75,4.12 cpu_u=265586 n=0 s=136953 i=601379 io=748 irq=0 sirq=75176
[sys] 10:14:00 tcp_alloc=197496 tcp_mem_pages=18183 PruneCalled=0 RcvPruned=0 TCPRcvCollapsed=0 TCPAbortOnMemory=0 TCPMemoryPressures=0 TCPMemoryPressuresChrono=0 TCPBacklogDrop=0 TCPZeroWindowDrop=0 TCPRcvQDrop=0 MemAvailable:2424M SwapFree:1023M Dirty:0M Slab:870M psi_mem=avg60=0.00 psi_cpu=avg60=1.11 load=7.83,5.83,4.15 cpu_u=267699 n=0 s=137727 i=602429 io=748 irq=0 sirq=75745
  [diag] progress t=100s delivered=4708922 matched=4683688 events~=48 subscribed=97471 rss_mib=4335 swap_mib=0 fanout_done=false
[sys] 10:14:05 tcp_alloc=197496 tcp_mem_pages=15623 PruneCalled=0 RcvPruned=0 TCPRcvCollapsed=0 TCPAbortOnMemory=0 TCPMemoryPressures=0 TCPMemoryPressuresChrono=0 TCPBacklogDrop=0 TCPZeroWindowDrop=0 TCPRcvQDrop=0 MemAvailable:2417M SwapFree:1023M Dirty:0M Slab:862M psi_mem=avg60=0.00 psi_cpu=avg60=1.10 load=8.00,5.89,4.18 cpu_u=269509 n=0 s=138376 i=603741 io=748 irq=0 sirq=76251
[sys] 10:14:10 tcp_alloc=197657 tcp_mem_pages=63495 PruneCalled=0 RcvPruned=0 TCPRcvCollapsed=0 TCPAbortOnMemory=0 TCPMemoryPressures=0 TCPMemoryPressuresChrono=0 TCPBacklogDrop=0 TCPZeroWindowDrop=0 TCPRcvQDrop=0 MemAvailable:2362M SwapFree:1023M Dirty:0M Slab:911M psi_mem=avg60=0.00 psi_cpu=avg60=1.12 load=8.16,5.96,4.21 cpu_u=271588 n=0 s=139091 i=604862 io=748 irq=0 sirq=76813
  [diag] progress t=110s delivered=5189424 matched=5268514 events~=53 subscribed=97614 rss_mib=4341 swap_mib=0 fanout_done=false
[sys] 10:14:15 tcp_alloc=197777 tcp_mem_pages=56839 PruneCalled=0 RcvPruned=0 TCPRcvCollapsed=0 TCPAbortOnMemory=0 TCPMemoryPressures=0 TCPMemoryPressuresChrono=0 TCPBacklogDrop=0 TCPZeroWindowDrop=0 TCPRcvQDrop=0 MemAvailable:2353M SwapFree:1023M Dirty:0M Slab:904M psi_mem=avg60=0.00 psi_cpu=avg60=1.15 load=8.31,6.03,4.24 cpu_u=273630 n=0 s=139752 i=606087 io=748 irq=0 sirq=77329
[sys] 10:14:20 tcp_alloc=197777 tcp_mem_pages=9223 PruneCalled=0 RcvPruned=0 TCPRcvCollapsed=0 TCPAbortOnMemory=0 TCPMemoryPressures=0 TCPMemoryPressuresChrono=0 TCPBacklogDrop=0 TCPZeroWindowDrop=0 TCPRcvQDrop=0 MemAvailable:2386M SwapFree:1023M Dirty:0M Slab:873M psi_mem=avg60=0.00 psi_cpu=avg60=1.33 load=8.45,6.10,4.28 cpu_u=275604 n=0 s=140449 i=607561 io=749 irq=0 sirq=77803
  [diag] progress t=120s delivered=5630891 matched=5659139 events~=57 subscribed=97752 rss_mib=4361 swap_mib=0 fanout_done=false
[sys] 10:14:25 tcp_alloc=197777 tcp_mem_pages=5383 PruneCalled=0 RcvPruned=0 TCPRcvCollapsed=0 TCPAbortOnMemory=0 TCPMemoryPressures=0 TCPMemoryPressuresChrono=0 TCPBacklogDrop=0 TCPZeroWindowDrop=0 TCPRcvQDrop=0 MemAvailable:2381M SwapFree:1023M Dirty:0M Slab:862M psi_mem=avg60=0.00 psi_cpu=avg60=1.31 load=8.33,6.11,4.29 cpu_u=277669 n=0 s=141082 i=608924 io=749 irq=0 sirq=78340
[sys] 10:14:30 tcp_alloc=197777 tcp_mem_pages=6407 PruneCalled=0 RcvPruned=0 TCPRcvCollapsed=0 TCPAbortOnMemory=0 TCPMemoryPressures=0 TCPMemoryPressuresChrono=0 TCPBacklogDrop=0 TCPZeroWindowDrop=0 TCPRcvQDrop=0 MemAvailable:2311M SwapFree:1023M Dirty:0M Slab:860M psi_mem=avg60=0.00 psi_cpu=avg60=1.24 load=8.38,6.16,4.32 cpu_u=279775 n=0 s=141791 i=610195 io=749 irq=0 sirq=78892
  [diag] progress t=130s delivered=6044178 matched=6050147 events~=61 subscribed=97752 rss_mib=4424 swap_mib=0 fanout_done=false
[sys] 10:14:35 tcp_alloc=197777 tcp_mem_pages=5383 PruneCalled=0 RcvPruned=0 TCPRcvCollapsed=0 TCPAbortOnMemory=0 TCPMemoryPressures=0 TCPMemoryPressuresChrono=0 TCPBacklogDrop=0 TCPZeroWindowDrop=0 TCPRcvQDrop=0 MemAvailable:2317M SwapFree:1023M Dirty:0M Slab:861M psi_mem=avg60=0.00 psi_cpu=avg60=1.22 load=8.51,6.22,4.35 cpu_u=281918 n=0 s=142458 i=611467 io=749 irq=0 sirq=79421
[sys] 10:14:40 tcp_alloc=197777 tcp_mem_pages=3335 PruneCalled=0 RcvPruned=0 TCPRcvCollapsed=0 TCPAbortOnMemory=0 TCPMemoryPressures=0 TCPMemoryPressuresChrono=0 TCPBacklogDrop=0 TCPZeroWindowDrop=0 TCPRcvQDrop=0 MemAvailable:2251M SwapFree:1023M Dirty:0M Slab:860M psi_mem=avg60=0.00 psi_cpu=avg60=1.20 load=8.55,6.27,4.37 cpu_u=283738 n=0 s=143023 i=612892 io=749 irq=0 sirq=79915
  [diag] progress t=140s delivered=6405174 matched=6441155 events~=65 subscribed=97752 rss_mib=4440 swap_mib=0 fanout_done=false
[sys] 10:14:45 tcp_alloc=197873 tcp_mem_pages=15623 PruneCalled=0 RcvPruned=0 TCPRcvCollapsed=0 TCPAbortOnMemory=0 TCPMemoryPressures=0 TCPMemoryPressuresChrono=0 TCPBacklogDrop=0 TCPZeroWindowDrop=0 TCPRcvQDrop=0 MemAvailable:2327M SwapFree:1023M Dirty:0M Slab:866M psi_mem=avg60=0.00 psi_cpu=avg60=1.18 load=8.19,6.23,4.37 cpu_u=285786 n=0 s=143746 i=614283 io=749 irq=0 sirq=80461
[sys] 10:14:50 tcp_alloc=197873 tcp_mem_pages=26887 PruneCalled=0 RcvPruned=0 TCPRcvCollapsed=0 TCPAbortOnMemory=0 TCPMemoryPressures=0 TCPMemoryPressuresChrono=0 TCPBacklogDrop=0 TCPZeroWindowDrop=0 TCPRcvQDrop=0 MemAvailable:2337M SwapFree:1023M Dirty:0M Slab:872M psi_mem=avg60=0.00 psi_cpu=avg60=1.17 load=8.33,6.30,4.40 cpu_u=287670 n=0 s=144365 i=615679 io=749 irq=0 sirq=80993
  [diag] progress t=150s delivered=6829471 matched=6832451 events~=69 subscribed=97848 rss_mib=4442 swap_mib=0 fanout_done=false
[sys] 10:14:55 tcp_alloc=197873 tcp_mem_pages=12807 PruneCalled=0 RcvPruned=0 TCPRcvCollapsed=0 TCPAbortOnMemory=0 TCPMemoryPressures=0 TCPMemoryPressuresChrono=0 TCPBacklogDrop=0 TCPZeroWindowDrop=0 TCPRcvQDrop=0 MemAvailable:2347M SwapFree:1023M Dirty:0M Slab:870M psi_mem=avg60=0.00 psi_cpu=avg60=1.15 load=8.47,6.36,4.43 cpu_u=289594 n=0 s=144982 i=617030 io=749 irq=0 sirq=81519
[sys] 10:15:00 tcp_alloc=197873 tcp_mem_pages=11271 PruneCalled=0 RcvPruned=0 TCPRcvCollapsed=0 TCPAbortOnMemory=0 TCPMemoryPressures=0 TCPMemoryPressuresChrono=0 TCPBacklogDrop=0 TCPZeroWindowDrop=0 TCPRcvQDrop=0 MemAvailable:2334M SwapFree:1023M Dirty:0M Slab:861M psi_mem=avg60=0.00 psi_cpu=avg60=1.18 load=8.59,6.42,4.46 cpu_u=291673 n=0 s=145656 i=618418 io=750 irq=0 sirq=82037
  [diag] progress t=160s delivered=7228312 matched=7223843 events~=73 subscribed=97848 rss_mib=4424 swap_mib=0 fanout_done=false
[sys] 10:15:05 tcp_alloc=197873 tcp_mem_pages=59911 PruneCalled=0 RcvPruned=0 TCPRcvCollapsed=0 TCPAbortOnMemory=0 TCPMemoryPressures=0 TCPMemoryPressuresChrono=0 TCPBacklogDrop=0 TCPZeroWindowDrop=0 TCPRcvQDrop=0 MemAvailable:2258M SwapFree:1023M Dirty:0M Slab:909M psi_mem=avg60=0.00 psi_cpu=avg60=1.13 load=8.70,6.48,4.49 cpu_u=293778 n=0 s=146306 i=619738 io=750 irq=0 sirq=82575
[sys] 10:15:10 tcp_alloc=197873 tcp_mem_pages=32519 PruneCalled=0 RcvPruned=0 TCPRcvCollapsed=0 TCPAbortOnMemory=0 TCPMemoryPressures=0 TCPMemoryPressuresChrono=0 TCPBacklogDrop=0 TCPZeroWindowDrop=0 TCPRcvQDrop=0 MemAvailable:2275M SwapFree:1023M Dirty:0M Slab:878M psi_mem=avg60=0.00 psi_cpu=avg60=1.08 load=8.81,6.54,4.52 cpu_u=295769 n=0 s=146932 i=621200 io=750 irq=0 sirq=83067
  [diag] progress t=170s delivered=7602334 matched=7615235 events~=77 subscribed=97848 rss_mib=4474 swap_mib=0 fanout_done=false
[sys] 10:15:16 tcp_alloc=197873 tcp_mem_pages=17927 PruneCalled=0 RcvPruned=0 TCPRcvCollapsed=0 TCPAbortOnMemory=0 TCPMemoryPressures=0 TCPMemoryPressuresChrono=0 TCPBacklogDrop=0 TCPZeroWindowDrop=0 TCPRcvQDrop=0 MemAvailable:2338M SwapFree:1023M Dirty:0M Slab:867M psi_mem=avg60=0.00 psi_cpu=avg60=1.08 load=8.90,6.59,4.55 cpu_u=297731 n=0 s=147535 i=622580 io=750 irq=0 sirq=83556
[sys] 10:15:21 tcp_alloc=198919 tcp_mem_pages=5639 PruneCalled=0 RcvPruned=0 TCPRcvCollapsed=0 TCPAbortOnMemory=0 TCPMemoryPressures=0 TCPMemoryPressuresChrono=0 TCPBacklogDrop=0 TCPZeroWindowDrop=0 TCPRcvQDrop=0 MemAvailable:2329M SwapFree:1023M Dirty:0M Slab:869M psi_mem=avg60=0.00 psi_cpu=avg60=1.13 load=8.91,6.63,4.57 cpu_u=299781 n=0 s=148242 i=623972 io=750 irq=0 sirq=83999
  [diag] progress t=180s delivered=7924396 matched=8006627 events~=81 subscribed=98768 rss_mib=4424 swap_mib=0 fanout_done=false
[sys] 10:15:26 tcp_alloc=199909 tcp_mem_pages=15623 PruneCalled=0 RcvPruned=0 TCPRcvCollapsed=0 TCPAbortOnMemory=0 TCPMemoryPressures=0 TCPMemoryPressuresChrono=0 TCPBacklogDrop=0 TCPZeroWindowDrop=0 TCPRcvQDrop=0 MemAvailable:2343M SwapFree:1023M Dirty:0M Slab:876M psi_mem=avg60=0.00 psi_cpu=avg60=1.12 load=8.60,6.61,4.58 cpu_u=301674 n=0 s=148966 i=625385 io=750 irq=0 sirq=84459
[sys] 10:15:31 tcp_alloc=200025 tcp_mem_pages=13575 PruneCalled=0 RcvPruned=0 TCPRcvCollapsed=0 TCPAbortOnMemory=0 TCPMemoryPressures=0 TCPMemoryPressuresChrono=0 TCPBacklogDrop=0 TCPZeroWindowDrop=0 TCPRcvQDrop=0 MemAvailable:2342M SwapFree:1023M Dirty:0M Slab:865M psi_mem=avg60=0.00 psi_cpu=avg60=1.14 load=8.71,6.66,4.61 cpu_u=303941 n=0 s=149550 i=626527 io=751 irq=0 sirq=85004
  [diag] progress t=190s delivered=8216140 matched=8304531 events~=83 subscribed=100000 rss_mib=4424 swap_mib=0 fanout_done=false
[sys] 10:15:36 tcp_alloc=200025 tcp_mem_pages=14855 PruneCalled=0 RcvPruned=0 TCPRcvCollapsed=0 TCPAbortOnMemory=0 TCPMemoryPressures=0 TCPMemoryPressuresChrono=0 TCPBacklogDrop=0 TCPZeroWindowDrop=0 TCPRcvQDrop=0 MemAvailable:2357M SwapFree:1023M Dirty:0M Slab:866M psi_mem=avg60=0.00 psi_cpu=avg60=1.10 load=8.81,6.72,4.63 cpu_u=305645 n=0 s=150112 i=628098 io=751 irq=0 sirq=85447
[sys] 10:15:41 tcp_alloc=200025 tcp_mem_pages=5383 PruneCalled=0 RcvPruned=0 TCPRcvCollapsed=0 TCPAbortOnMemory=0 TCPMemoryPressures=0 TCPMemoryPressuresChrono=0 TCPBacklogDrop=0 TCPZeroWindowDrop=0 TCPRcvQDrop=0 MemAvailable:2343M SwapFree:1023M Dirty:0M Slab:863M psi_mem=avg60=0.00 psi_cpu=avg60=1.09 load=8.19,6.62,4.62 cpu_u=307503 n=0 s=150718 i=629300 io=751 irq=0 sirq=85991
  [diag] progress t=200s delivered=8540344 matched=8604531 events~=86 subscribed=100000 rss_mib=4424 swap_mib=0 fanout_done=false
[sys] 10:15:46 tcp_alloc=200025 tcp_mem_pages=38919 PruneCalled=0 RcvPruned=0 TCPRcvCollapsed=0 TCPAbortOnMemory=0 TCPMemoryPressures=0 TCPMemoryPressuresChrono=0 TCPBacklogDrop=0 TCPZeroWindowDrop=0 TCPRcvQDrop=0 MemAvailable:2297M SwapFree:1023M Dirty:0M Slab:893M psi_mem=avg60=0.00 psi_cpu=avg60=1.14 load=7.77,6.56,4.61 cpu_u=309533 n=0 s=151211 i=630529 io=752 irq=0 sirq=86481
[sys] 10:15:51 tcp_alloc=200025 tcp_mem_pages=41479 PruneCalled=0 RcvPruned=0 TCPRcvCollapsed=0 TCPAbortOnMemory=0 TCPMemoryPressures=0 TCPMemoryPressuresChrono=0 TCPBacklogDrop=0 TCPZeroWindowDrop=0 TCPRcvQDrop=0 MemAvailable:2258M SwapFree:1023M Dirty:0M Slab:907M psi_mem=avg60=0.00 psi_cpu=avg60=1.13 load=7.95,6.62,4.64 cpu_u=311338 n=0 s=151799 i=631985 io=752 irq=0 sirq=86941
  [diag] progress t=210s delivered=8789581 matched=8804531 events~=88 subscribed=100000 rss_mib=4466 swap_mib=0 fanout_done=false
[sys] 10:15:56 tcp_alloc=200025 tcp_mem_pages=12807 PruneCalled=0 RcvPruned=0 TCPRcvCollapsed=0 TCPAbortOnMemory=0 TCPMemoryPressures=0 TCPMemoryPressuresChrono=0 TCPBacklogDrop=0 TCPZeroWindowDrop=0 TCPRcvQDrop=0 MemAvailable:2301M SwapFree:1023M Dirty:0M Slab:875M psi_mem=avg60=0.00 psi_cpu=avg60=1.15 load=8.12,6.68,4.66 cpu_u=313059 n=0 s=152349 i=633616 io=752 irq=0 sirq=87411
[sys] 10:16:01 tcp_alloc=200025 tcp_mem_pages=21511 PruneCalled=0 RcvPruned=0 TCPRcvCollapsed=0 TCPAbortOnMemory=0 TCPMemoryPressures=0 TCPMemoryPressuresChrono=0 TCPBacklogDrop=0 TCPZeroWindowDrop=0 TCPRcvQDrop=0 MemAvailable:2308M SwapFree:1023M Dirty:0M Slab:887M psi_mem=avg60=0.00 psi_cpu=avg60=1.17 load=8.27,6.73,4.69 cpu_u=315207 n=0 s=152806 i=634863 io=752 irq=0 sirq=87909
  [diag] progress t=220s delivered=9010807 matched=9104531 events~=91 subscribed=100000 rss_mib=4425 swap_mib=0 fanout_done=false
[sys] 10:16:06 tcp_alloc=200025 tcp_mem_pages=32007 PruneCalled=0 RcvPruned=0 TCPRcvCollapsed=0 TCPAbortOnMemory=0 TCPMemoryPressures=0 TCPMemoryPressuresChrono=0 TCPBacklogDrop=0 TCPZeroWindowDrop=0 TCPRcvQDrop=0 MemAvailable:2274M SwapFree:1023M Dirty:0M Slab:885M psi_mem=avg60=0.00 psi_cpu=avg60=1.16 load=8.41,6.79,4.72 cpu_u=317291 n=0 s=153393 i=636189 io=752 irq=0 sirq=88453
[sys] 10:16:11 tcp_alloc=200025 tcp_mem_pages=6151 PruneCalled=0 RcvPruned=0 TCPRcvCollapsed=0 TCPAbortOnMemory=0 TCPMemoryPressures=0 TCPMemoryPressuresChrono=0 TCPBacklogDrop=0 TCPZeroWindowDrop=0 TCPRcvQDrop=0 MemAvailable:2267M SwapFree:1023M Dirty:0M Slab:866M psi_mem=avg60=0.00 psi_cpu=avg60=1.15 load=8.53,6.84,4.75 cpu_u=319254 n=0 s=154015 i=637716 io=752 irq=0 sirq=88936
  [diag] progress t=230s delivered=9338755 matched=9404531 events~=94 subscribed=100000 rss_mib=4476 swap_mib=0 fanout_done=false
[sys] 10:16:16 tcp_alloc=200025 tcp_mem_pages=6407 PruneCalled=0 RcvPruned=0 TCPRcvCollapsed=0 TCPAbortOnMemory=0 TCPMemoryPressures=0 TCPMemoryPressuresChrono=0 TCPBacklogDrop=0 TCPZeroWindowDrop=0 TCPRcvQDrop=0 MemAvailable:2270M SwapFree:1023M Dirty:0M Slab:857M psi_mem=avg60=0.00 psi_cpu=avg60=1.13 load=8.41,6.84,4.76 cpu_u=321285 n=0 s=154629 i=639148 io=753 irq=0 sirq=89460
[sys] 10:16:21 tcp_alloc=200025 tcp_mem_pages=775 PruneCalled=0 RcvPruned=0 TCPRcvCollapsed=0 TCPAbortOnMemory=0 TCPMemoryPressures=0 TCPMemoryPressuresChrono=0 TCPBacklogDrop=0 TCPZeroWindowDrop=0 TCPRcvQDrop=0 MemAvailable:2280M SwapFree:1023M Dirty:0M Slab:857M psi_mem=avg60=0.00 psi_cpu=avg60=1.15 load=8.54,6.90,4.79 cpu_u=323344 n=0 s=155361 i=640572 io=753 irq=0 sirq=89995
  [diag] progress t=240s delivered=9725874 matched=9704531 events~=97 subscribed=100000 rss_mib=4503 swap_mib=0 fanout_done=false
[sys] 10:16:26 tcp_alloc=200025 tcp_mem_pages=12551 PruneCalled=0 RcvPruned=0 TCPRcvCollapsed=0 TCPAbortOnMemory=0 TCPMemoryPressures=0 TCPMemoryPressuresChrono=0 TCPBacklogDrop=0 TCPZeroWindowDrop=0 TCPRcvQDrop=0 MemAvailable:2287M SwapFree:1023M Dirty:0M Slab:863M psi_mem=avg60=0.00 psi_cpu=avg60=1.14 load=8.58,6.93,4.81 cpu_u=325460 n=0 s=155975 i=641751 io=753 irq=0 sirq=90580
[sys] 10:16:31 tcp_alloc=200025 tcp_mem_pages=2055 PruneCalled=0 RcvPruned=0 TCPRcvCollapsed=0 TCPAbortOnMemory=0 TCPMemoryPressures=0 TCPMemoryPressuresChrono=0 TCPBacklogDrop=0 TCPZeroWindowDrop=0 TCPRcvQDrop=0 MemAvailable:2273M SwapFree:1023M Dirty:0M Slab:859M psi_mem=avg60=0.00 psi_cpu=avg60=1.12 load=8.69,6.98,4.84 cpu_u=327069 n=0 s=156443 i=643679 io=754 irq=0 sirq=91035
  [diag] progress t=250s delivered=9965597 matched=9904531 events~=99 subscribed=100000 rss_mib=4490 swap_mib=0 fanout_done=false
[sys] 10:16:36 tcp_alloc=200025 tcp_mem_pages=1543 PruneCalled=0 RcvPruned=0 TCPRcvCollapsed=0 TCPAbortOnMemory=0 TCPMemoryPressures=0 TCPMemoryPressuresChrono=0 TCPBacklogDrop=0 TCPZeroWindowDrop=0 TCPRcvQDrop=0 MemAvailable:2280M SwapFree:1023M Dirty:0M Slab:857M psi_mem=avg60=0.00 psi_cpu=avg60=1.11 load=8.15,6.90,4.83 cpu_u=328187 n=0 s=156743 i=645558 io=755 irq=0 sirq=91430
  [diag] progress t=260s delivered=10064574 matched=10104531 events~=101 subscribed=100000 rss_mib=4477 swap_mib=0 fanout_done=false
[sys] 10:16:42 tcp_alloc=200025 tcp_mem_pages=8967 PruneCalled=0 RcvPruned=0 TCPRcvCollapsed=0 TCPAbortOnMemory=0 TCPMemoryPressures=0 TCPMemoryPressuresChrono=0 TCPBacklogDrop=0 TCPZeroWindowDrop=0 TCPRcvQDrop=0 MemAvailable:2276M SwapFree:1023M Dirty:0M Slab:873M psi_mem=avg60=0.00 psi_cpu=avg60=1.20 load=7.74,6.83,4.82 cpu_u=329446 n=0 s=157111 i=646955 io=755 irq=0 sirq=91869
[sys] 10:16:47 tcp_alloc=200025 tcp_mem_pages=26887 PruneCalled=0 RcvPruned=0 TCPRcvCollapsed=0 TCPAbortOnMemory=0 TCPMemoryPressures=0 TCPMemoryPressuresChrono=0 TCPBacklogDrop=0 TCPZeroWindowDrop=0 TCPRcvQDrop=0 MemAvailable:2269M SwapFree:1023M Dirty:0M Slab:880M psi_mem=avg60=0.00 psi_cpu=avg60=1.25 load=7.92,6.89,4.85 cpu_u=330818 n=0 s=157496 i=648293 io=755 irq=0 sirq=92340
  [diag] progress t=270s delivered=10183269 matched=10204531 events~=102 subscribed=100000 rss_mib=4514 swap_mib=0 fanout_done=false
[sys] 10:16:52 tcp_alloc=200025 tcp_mem_pages=11015 PruneCalled=0 RcvPruned=0 TCPRcvCollapsed=0 TCPAbortOnMemory=0 TCPMemoryPressures=0 TCPMemoryPressuresChrono=0 TCPBacklogDrop=0 TCPZeroWindowDrop=0 TCPRcvQDrop=0 MemAvailable:2222M SwapFree:1023M Dirty:0M Slab:883M psi_mem=avg60=0.00 psi_cpu=avg60=1.32 load=8.09,6.94,4.87 cpu_u=331876 n=0 s=157874 i=650040 io=755 irq=0 sirq=92710
[sys] 10:16:57 tcp_alloc=200025 tcp_mem_pages=24071 PruneCalled=0 RcvPruned=0 TCPRcvCollapsed=0 TCPAbortOnMemory=0 TCPMemoryPressures=0 TCPMemoryPressuresChrono=0 TCPBacklogDrop=0 TCPZeroWindowDrop=0 TCPRcvQDrop=0 MemAvailable:2216M SwapFree:1023M Dirty:0M Slab:877M psi_mem=avg60=0.00 psi_cpu=avg60=1.33 load=8.24,6.99,4.90 cpu_u=333466 n=0 s=158223 i=651272 io=755 irq=0 sirq=93132
  [diag] progress t=280s delivered=10249578 matched=10304531 events~=103 subscribed=100000 rss_mib=4517 swap_mib=0 fanout_done=false
[sys] 10:17:02 tcp_alloc=200025 tcp_mem_pages=47367 PruneCalled=0 RcvPruned=0 TCPRcvCollapsed=0 TCPAbortOnMemory=0 TCPMemoryPressures=0 TCPMemoryPressuresChrono=0 TCPBacklogDrop=0 TCPZeroWindowDrop=0 TCPRcvQDrop=0 MemAvailable:2186M SwapFree:1023M Dirty:0M Slab:903M psi_mem=avg60=0.00 psi_cpu=avg60=1.46 load=8.43,7.07,4.95 cpu_u=334147 n=0 s=158456 i=651980 io=756 irq=0 sirq=93611
[sys] 10:17:07 tcp_alloc=200025 tcp_mem_pages=9479 PruneCalled=0 RcvPruned=0 TCPRcvCollapsed=0 TCPAbortOnMemory=0 TCPMemoryPressures=0 TCPMemoryPressuresChrono=0 TCPBacklogDrop=0 TCPZeroWindowDrop=0 TCPRcvQDrop=0 MemAvailable:2210M SwapFree:1023M Dirty:0M Slab:871M psi_mem=avg60=0.00 psi_cpu=avg60=1.43 load=7.75,6.95,4.92 cpu_u=335352 n=0 s=158790 i=653388 io=756 irq=0 sirq=93930
  [diag] progress t=290s delivered=10415215 matched=10404531 events~=104 subscribed=100000 rss_mib=4558 swap_mib=0 fanout_done=false
[sys] 10:17:12 tcp_alloc=200025 tcp_mem_pages=4615 PruneCalled=0 RcvPruned=0 TCPRcvCollapsed=0 TCPAbortOnMemory=0 TCPMemoryPressures=0 TCPMemoryPressuresChrono=0 TCPBacklogDrop=0 TCPZeroWindowDrop=0 TCPRcvQDrop=0 MemAvailable:2302M SwapFree:1023M Dirty:0M Slab:866M psi_mem=avg60=0.00 psi_cpu=avg60=1.45 load=7.61,6.94,4.93 cpu_u=336666 n=0 s=159280 i=654927 io=756 irq=0 sirq=94349
[sys] 10:17:17 tcp_alloc=200025 tcp_mem_pages=15367 PruneCalled=0 RcvPruned=0 TCPRcvCollapsed=0 TCPAbortOnMemory=0 TCPMemoryPressures=0 TCPMemoryPressuresChrono=0 TCPBacklogDrop=0 TCPZeroWindowDrop=0 TCPRcvQDrop=0 MemAvailable:2229M SwapFree:1023M Dirty:0M Slab:876M psi_mem=avg60=0.00 psi_cpu=avg60=1.45 load=7.00,6.82,4.90 cpu_u=337716 n=0 s=159634 i=656105 io=757 irq=0 sirq=94785
  [diag] at window end: connected=100000 subscribed=100000 connect_failed=0 subscribed_at_start=84736 late_subscribers=15264 (late subscribers' pre-subscribe events stay in the drop count)
  [diag] router: matched=10604531 delivered=10604531 dropped=0 faulted=0 events_fanned_out~=106 (matched/subscribed)
  [diag] undelivered breakdown (events): never_connected_x_events=0 pre_subscribe_or_not_yet_fanned_out=39395469 router_dropped=0 router_faulted=0 in_flight_or_unaccounted=12688 sum=39408157 (attempted-delivered=39408157)
  [diag] progress t=300s delivered=10591854 matched=10604531 events~=106 subscribed=100000 rss_mib=4477 swap_mib=0 fanout_done=false
  [diag] completed=false (delivered 10591843 of 50000000 before the 300s window) peak_rss_mib=4557
  [diag] finish: fanout_done=false reachable=10604531 delivered=10591843 elapsed_to_finish=n/a
  [diag] stages events=113 match=887.88ms/ev deliver=1740.69ms/ev ack_scan=22.95ms/ev busy=299.62s wall=300.04s busy_frac=0.999
  [diag] cpu proc_cpu=2163.31s wall=300.04s cores_used=7.21 nproc=10
  [diag] fanout_task_finished=false (true = replicator budget exhausted before the window closed)
[sys] 10:17:22 tcp_alloc=195492 tcp_mem_pages=3335 PruneCalled=0 RcvPruned=0 TCPRcvCollapsed=0 TCPAbortOnMemory=0 TCPMemoryPressures=0 TCPMemoryPressuresChrono=0 TCPBacklogDrop=0 TCPZeroWindowDrop=0 TCPRcvQDrop=0 MemAvailable:2269M SwapFree:1023M Dirty:0M Slab:866M psi_mem=avg60=0.00 psi_cpu=avg60=1.47 load=7.16,6.86,4.93 cpu_u=339163 n=0 s=160182 i=657527 io=757 irq=0 sirq=95217

=== nostos-bench-10k probe ===
  clients   : 100000
  events    : 500 (attempted deliveries: 50000000)
  window    : 300s
  ---------------------------
  delivered : 10591843
  ops/sec   : 35302
  drop%     : 78.82
  elapsed   : 300.04s
  elapsed_to_finish : n/a (window expired)
  ops/sec (finish)  : n/a
SOAK rc=0 10:17:25
HOST tier=100000 end 20:17:26 load1=17.44 rc=0
HOST tier=100000 start 20:24:56 load1=5.93 waited=420s
env: Linux 7.0.12-linuxkit aarch64 nproc=10 nofile=1048576 mem=8124516kB swap=1048572kB tcp_rmem=4096-131072-33554432 tcp_wmem=4096-16384-4194304
SOAK start 10:24:58 clients=100000 events=500 window=300 ack=1 listeners=2
[sys] 10:24:58 tcp_alloc=21 tcp_mem_pages=0 PruneCalled=0 RcvPruned=0 TCPRcvCollapsed=0 TCPAbortOnMemory=0 TCPMemoryPressures=0 TCPMemoryPressuresChrono=0 TCPBacklogDrop=0 TCPZeroWindowDrop=0 TCPRcvQDrop=0 MemAvailable:7403M SwapFree:1023M Dirty:0M Slab:38M psi_mem=avg60=0.00 psi_cpu=avg60=0.00 load=0.00,0.00,0.00 cpu_u=71 n=0 s=96 i=1036 io=66 irq=0 sirq=23
  [diag] listeners: ws://127.0.0.1:15159/sync ws://127.0.0.2:16433/sync
[sys] 10:25:03 tcp_alloc=89003 tcp_mem_pages=46848 PruneCalled=0 RcvPruned=0 TCPRcvCollapsed=0 TCPAbortOnMemory=0 TCPMemoryPressures=0 TCPMemoryPressuresChrono=0 TCPBacklogDrop=0 TCPZeroWindowDrop=0 TCPRcvQDrop=0 MemAvailable:6136M SwapFree:1023M Dirty:0M Slab:457M psi_mem=avg60=0.00 psi_cpu=avg60=0.31 load=0.80,0.17,0.05 cpu_u=223 n=0 s=3030 i=1524 io=68 irq=0 sirq=152
[sys] 10:25:08 tcp_alloc=99931 tcp_mem_pages=45056 PruneCalled=0 RcvPruned=0 TCPRcvCollapsed=0 TCPAbortOnMemory=0 TCPMemoryPressures=0 TCPMemoryPressuresChrono=0 TCPBacklogDrop=0 TCPZeroWindowDrop=0 TCPRcvQDrop=0 MemAvailable:6018M SwapFree:1023M Dirty:0M Slab:501M psi_mem=avg60=0.00 psi_cpu=avg60=0.39 load=1.30,0.28,0.09 cpu_u=288 n=0 s=6018 i=1776 io=70 irq=0 sirq=219
[sys] 10:25:13 tcp_alloc=108267 tcp_mem_pages=48128 PruneCalled=0 RcvPruned=0 TCPRcvCollapsed=0 TCPAbortOnMemory=0 TCPMemoryPressures=0 TCPMemoryPressuresChrono=0 TCPBacklogDrop=0 TCPZeroWindowDrop=0 TCPRcvQDrop=0 MemAvailable:5950M SwapFree:1023M Dirty:0M Slab:534M psi_mem=avg60=0.00 psi_cpu=avg60=0.91 load=2.23,0.49,0.16 cpu_u=336 n=0 s=9135 i=2087 io=70 irq=0 sirq=260
[sys] 10:25:18 tcp_alloc=115828 tcp_mem_pages=49664 PruneCalled=0 RcvPruned=0 TCPRcvCollapsed=0 TCPAbortOnMemory=0 TCPMemoryPressures=0 TCPMemoryPressuresChrono=0 TCPBacklogDrop=0 TCPZeroWindowDrop=0 TCPRcvQDrop=0 MemAvailable:5893M SwapFree:1023M Dirty:0M Slab:564M psi_mem=avg60=0.00 psi_cpu=avg60=0.95 load=2.70,0.62,0.20 cpu_u=371 n=0 s=12377 i=2389 io=70 irq=0 sirq=294
[sys] 10:25:23 tcp_alloc=123976 tcp_mem_pages=54528 PruneCalled=0 RcvPruned=0 TCPRcvCollapsed=0 TCPAbortOnMemory=0 TCPMemoryPressures=0 TCPMemoryPressuresChrono=0 TCPBacklogDrop=0 TCPZeroWindowDrop=0 TCPRcvQDrop=0 MemAvailable:5819M SwapFree:1023M Dirty:0M Slab:596M psi_mem=avg60=0.00 psi_cpu=avg60=1.11 load=3.28,0.77,0.26 cpu_u=408 n=0 s=15490 i=2874 io=71 irq=0 sirq=333
[sys] 10:25:29 tcp_alloc=131479 tcp_mem_pages=58368 PruneCalled=0 RcvPruned=0 TCPRcvCollapsed=0 TCPAbortOnMemory=0 TCPMemoryPressures=0 TCPMemoryPressuresChrono=0 TCPBacklogDrop=0 TCPZeroWindowDrop=0 TCPRcvQDrop=0 MemAvailable:5752M SwapFree:1023M Dirty:0M Slab:629M psi_mem=avg60=0.00 psi_cpu=avg60=1.37 load=3.90,0.94,0.31 cpu_u=444 n=0 s=18742 i=3087 io=71 irq=0 sirq=365
[sys] 10:25:34 tcp_alloc=148110 tcp_mem_pages=53760 PruneCalled=0 RcvPruned=0 TCPRcvCollapsed=0 TCPAbortOnMemory=0 TCPMemoryPressures=0 TCPMemoryPressuresChrono=0 TCPBacklogDrop=0 TCPZeroWindowDrop=0 TCPRcvQDrop=0 MemAvailable:4617M SwapFree:1023M Dirty:0M Slab:716M psi_mem=avg60=0.00 psi_cpu=avg60=2.72 load=5.19,1.26,0.42 cpu_u=959 n=0 s=19494 i=5359 io=71 irq=0 sirq=619
[sys] 10:25:39 tcp_alloc=164059 tcp_mem_pages=36864 PruneCalled=0 RcvPruned=0 TCPRcvCollapsed=0 TCPAbortOnMemory=0 TCPMemoryPressures=0 TCPMemoryPressuresChrono=0 TCPBacklogDrop=0 TCPZeroWindowDrop=0 TCPRcvQDrop=0 MemAvailable:4133M SwapFree:1023M Dirty:0M Slab:775M psi_mem=avg60=0.00 psi_cpu=avg60=3.80 load=5.17,1.32,0.44 cpu_u=1278 n=0 s=19774 i=8646 io=71 irq=0 sirq=818
[sys] 10:25:44 tcp_alloc=168700 tcp_mem_pages=32768 PruneCalled=0 RcvPruned=0 TCPRcvCollapsed=0 TCPAbortOnMemory=0 TCPMemoryPressures=0 TCPMemoryPressuresChrono=0 TCPBacklogDrop=0 TCPZeroWindowDrop=0 TCPRcvQDrop=0 MemAvailable:3981M SwapFree:1023M Dirty:0M Slab:793M psi_mem=avg60=0.00 psi_cpu=avg60=3.62 load=4.76,1.30,0.44 cpu_u=1430 n=0 s=19892 i=12641 io=71 irq=0 sirq=964
[sys] 10:25:49 tcp_alloc=171808 tcp_mem_pages=28672 PruneCalled=0 RcvPruned=0 TCPRcvCollapsed=0 TCPAbortOnMemory=0 TCPMemoryPressures=0 TCPMemoryPressuresChrono=0 TCPBacklogDrop=0 TCPZeroWindowDrop=0 TCPRcvQDrop=0 MemAvailable:3880M SwapFree:1023M Dirty:0M Slab:804M psi_mem=avg60=0.00 psi_cpu=avg60=3.40 load=4.38,1.28,0.44 cpu_u=1515 n=0 s=19949 i=17348 io=71 irq=0 sirq=1004
[sys] 10:25:54 tcp_alloc=173259 tcp_mem_pages=27392 PruneCalled=0 RcvPruned=0 TCPRcvCollapsed=0 TCPAbortOnMemory=0 TCPMemoryPressures=0 TCPMemoryPressuresChrono=0 TCPBacklogDrop=0 TCPZeroWindowDrop=0 TCPRcvQDrop=0 MemAvailable:3839M SwapFree:1023M Dirty:0M Slab:808M psi_mem=avg60=0.00 psi_cpu=avg60=3.18 load=4.03,1.26,0.44 cpu_u=1547 n=0 s=19969 i=22291 io=71 irq=0 sirq=1014
[sys] 10:25:59 tcp_alloc=175787 tcp_mem_pages=25344 PruneCalled=0 RcvPruned=0 TCPRcvCollapsed=0 TCPAbortOnMemory=0 TCPMemoryPressures=0 TCPMemoryPressuresChrono=0 TCPBacklogDrop=0 TCPZeroWindowDrop=0 TCPRcvQDrop=0 MemAvailable:3780M SwapFree:1023M Dirty:0M Slab:816M psi_mem=avg60=0.00 psi_cpu=avg60=2.87 load=3.70,1.23,0.43 cpu_u=1629 n=0 s=20012 i=27071 io=71 irq=0 sirq=1061
[sys] 10:26:04 tcp_alloc=176029 tcp_mem_pages=25344 PruneCalled=0 RcvPruned=0 TCPRcvCollapsed=0 TCPAbortOnMemory=0 TCPMemoryPressures=0 TCPMemoryPressuresChrono=0 TCPBacklogDrop=0 TCPZeroWindowDrop=0 TCPRcvQDrop=0 MemAvailable:3777M SwapFree:1023M Dirty:0M Slab:816M psi_mem=avg60=0.00 psi_cpu=avg60=2.69 load=3.41,1.21,0.43 cpu_u=1640 n=0 s=20018 i=32061 io=72 irq=0 sirq=1064
[sys] 10:26:09 tcp_alloc=182146 tcp_mem_pages=18432 PruneCalled=0 RcvPruned=0 TCPRcvCollapsed=0 TCPAbortOnMemory=0 TCPMemoryPressures=0 TCPMemoryPressuresChrono=0 TCPBacklogDrop=0 TCPZeroWindowDrop=0 TCPRcvQDrop=0 MemAvailable:3577M SwapFree:1023M Dirty:0M Slab:833M psi_mem=avg60=0.00 psi_cpu=avg60=2.46 load=3.86,1.34,0.48 cpu_u=1775 n=0 s=20108 i=36721 io=72 irq=0 sirq=1118
[sys] 10:26:14 tcp_alloc=182568 tcp_mem_pages=17920 PruneCalled=0 RcvPruned=0 TCPRcvCollapsed=0 TCPAbortOnMemory=0 TCPMemoryPressures=0 TCPMemoryPressuresChrono=0 TCPBacklogDrop=0 TCPZeroWindowDrop=0 TCPRcvQDrop=0 MemAvailable:3563M SwapFree:1023M Dirty:0M Slab:834M psi_mem=avg60=0.00 psi_cpu=avg60=2.30 load=3.55,1.32,0.48 cpu_u=1785 n=0 s=20116 i=41706 io=72 irq=0 sirq=1120
[sys] 10:26:19 tcp_alloc=182958 tcp_mem_pages=17408 PruneCalled=0 RcvPruned=0 TCPRcvCollapsed=0 TCPAbortOnMemory=0 TCPMemoryPressures=0 TCPMemoryPressuresChrono=0 TCPBacklogDrop=0 TCPZeroWindowDrop=0 TCPRcvQDrop=0 MemAvailable:3552M SwapFree:1023M Dirty:0M Slab:834M psi_mem=avg60=0.00 psi_cpu=avg60=2.08 load=3.26,1.30,0.47 cpu_u=1795 n=0 s=20123 i=46691 io=72 irq=0 sirq=1124
  [diag] subscribe quorum after 82.62s: connected=82933 subscribed=82933 connect_failed=0 complete=false (ceiling 500s, stall 5s)
[sys] 10:26:27 tcp_alloc=183213 tcp_mem_pages=13824 PruneCalled=0 RcvPruned=0 TCPRcvCollapsed=0 TCPAbortOnMemory=0 TCPMemoryPressures=0 TCPMemoryPressuresChrono=0 TCPBacklogDrop=0 TCPZeroWindowDrop=0 TCPRcvQDrop=0 MemAvailable:3512M SwapFree:1023M Dirty:0M Slab:822M psi_mem=avg60=0.00 psi_cpu=avg60=6.53 load=2.91,1.29,0.48 cpu_u=1930 n=0 s=20153 i=49727 io=73 irq=0 sirq=1581
  [diag] progress t=10s delivered=53552 matched=82933 events~=0 subscribed=83100 rss_mib=3163 swap_mib=0 fanout_done=false
[sys] 10:26:32 tcp_alloc=183291 tcp_mem_pages=22528 PruneCalled=0 RcvPruned=0 TCPRcvCollapsed=0 TCPAbortOnMemory=0 TCPMemoryPressures=0 TCPMemoryPressuresChrono=0 TCPBacklogDrop=0 TCPZeroWindowDrop=0 TCPRcvQDrop=0 MemAvailable:3529M SwapFree:1023M Dirty:0M Slab:819M psi_mem=avg60=0.00 psi_cpu=avg60=9.77 load=3.64,1.47,0.54 cpu_u=2856 n=0 s=20673 i=52366 io=74 irq=0 sirq=1848
[sys] 10:26:38 tcp_alloc=189314 tcp_mem_pages=14848 PruneCalled=0 RcvPruned=0 TCPRcvCollapsed=0 TCPAbortOnMemory=0 TCPMemoryPressures=0 TCPMemoryPressuresChrono=0 TCPBacklogDrop=0 TCPZeroWindowDrop=0 TCPRcvQDrop=0 MemAvailable:3304M SwapFree:1023M Dirty:0M Slab:836M psi_mem=avg60=0.00 psi_cpu=avg60=11.07 load=4.15,1.61,0.59 cpu_u=3600 n=0 s=21450 i=53607 io=74 irq=0 sirq=2138
  [diag] progress t=20s delivered=117970 matched=165976 events~=1 subscribed=89420 rss_mib=3405 swap_mib=0 fanout_done=false
[sys] 10:26:43 tcp_alloc=189896 tcp_mem_pages=24576 PruneCalled=0 RcvPruned=0 TCPRcvCollapsed=0 TCPAbortOnMemory=0 TCPMemoryPressures=0 TCPMemoryPressuresChrono=0 TCPBacklogDrop=0 TCPZeroWindowDrop=0 TCPRcvQDrop=0 MemAvailable:3265M SwapFree:1023M Dirty:0M Slab:837M psi_mem=avg60=0.00 psi_cpu=avg60=10.64 load=4.46,1.72,0.63 cpu_u=4461 n=0 s=21818 i=55210 io=74 irq=0 sirq=2493
[sys] 10:26:48 tcp_alloc=189915 tcp_mem_pages=15104 PruneCalled=0 RcvPruned=0 TCPRcvCollapsed=0 TCPAbortOnMemory=0 TCPMemoryPressures=0 TCPMemoryPressuresChrono=0 TCPBacklogDrop=0 TCPZeroWindowDrop=0 TCPRcvQDrop=0 MemAvailable:3149M SwapFree:1023M Dirty:0M Slab:833M psi_mem=avg60=0.00 psi_cpu=avg60=9.82 load=4.50,1.77,0.66 cpu_u=5161 n=0 s=22042 i=57518 io=75 irq=0 sirq=2741
  [diag] progress t=30s delivered=199387 matched=255866 events~=2 subscribed=89937 rss_mib=3532 swap_mib=0 fanout_done=false
[sys] 10:26:53 tcp_alloc=189804 tcp_mem_pages=23296 PruneCalled=0 RcvPruned=0 TCPRcvCollapsed=0 TCPAbortOnMemory=0 TCPMemoryPressures=0 TCPMemoryPressuresChrono=0 TCPBacklogDrop=0 TCPZeroWindowDrop=0 TCPRcvQDrop=0 MemAvailable:3125M SwapFree:1023M Dirty:0M Slab:834M psi_mem=avg60=0.00 psi_cpu=avg60=9.31 load=4.94,1.91,0.71 cpu_u=5828 n=0 s=22331 i=58971 io=75 irq=0 sirq=3071
[sys] 10:26:58 tcp_alloc=190169 tcp_mem_pages=29952 PruneCalled=0 RcvPruned=0 TCPRcvCollapsed=0 TCPAbortOnMemory=0 TCPMemoryPressures=0 TCPMemoryPressuresChrono=0 TCPBacklogDrop=0 TCPZeroWindowDrop=0 TCPRcvQDrop=0 MemAvailable:3120M SwapFree:1023M Dirty:0M Slab:834M psi_mem=avg60=0.00 psi_cpu=avg60=8.59 load=4.63,1.89,0.71 cpu_u=6238 n=0 s=22610 i=60236 io=76 irq=0 sirq=3414
  [diag] progress t=40s delivered=260218 matched=255866 events~=2 subscribed=90175 rss_mib=3535 swap_mib=0 fanout_done=false
[sys] 10:27:03 tcp_alloc=190272 tcp_mem_pages=12544 PruneCalled=0 RcvPruned=0 TCPRcvCollapsed=0 TCPAbortOnMemory=0 TCPMemoryPressures=0 TCPMemoryPressuresChrono=0 TCPBacklogDrop=0 TCPZeroWindowDrop=0 TCPRcvQDrop=0 MemAvailable:3115M SwapFree:1023M Dirty:0M Slab:833M psi_mem=avg60=0.00 psi_cpu=avg60=8.05 load=4.82,1.98,0.74 cpu_u=7022 n=0 s=23035 i=63338 io=76 irq=0 sirq=3594
[sys] 10:27:08 tcp_alloc=190272 tcp_mem_pages=22528 PruneCalled=0 RcvPruned=0 TCPRcvCollapsed=0 TCPAbortOnMemory=0 TCPMemoryPressures=0 TCPMemoryPressuresChrono=0 TCPBacklogDrop=0 TCPZeroWindowDrop=0 TCPRcvQDrop=0 MemAvailable:3019M SwapFree:1023M Dirty:0M Slab:833M psi_mem=avg60=0.00 psi_cpu=avg60=7.69 load=5.23,2.11,0.79 cpu_u=7731 n=0 s=23253 i=64863 io=77 irq=0 sirq=3969
  [diag] progress t=50s delivered=311158 matched=345756 events~=3 subscribed=90247 rss_mib=3612 swap_mib=0 fanout_done=false
[sys] 10:27:13 tcp_alloc=190271 tcp_mem_pages=19456 PruneCalled=0 RcvPruned=0 TCPRcvCollapsed=0 TCPAbortOnMemory=0 TCPMemoryPressures=0 TCPMemoryPressuresChrono=0 TCPBacklogDrop=0 TCPZeroWindowDrop=0 TCPRcvQDrop=0 MemAvailable:3042M SwapFree:1023M Dirty:0M Slab:828M psi_mem=avg60=0.00 psi_cpu=avg60=7.14 load=4.89,2.09,0.79 cpu_u=8443 n=0 s=23471 i=67026 io=77 irq=0 sirq=4292
[sys] 10:27:18 tcp_alloc=190074 tcp_mem_pages=17408 PruneCalled=0 RcvPruned=0 TCPRcvCollapsed=0 TCPAbortOnMemory=0 TCPMemoryPressures=0 TCPMemoryPressuresChrono=0 TCPBacklogDrop=0 TCPZeroWindowDrop=0 TCPRcvQDrop=0 MemAvailable:3013M SwapFree:1023M Dirty:0M Slab:825M psi_mem=avg60=0.00 psi_cpu=avg60=7.13 load=5.30,2.22,0.84 cpu_u=9191 n=0 s=23714 i=68925 io=80 irq=0 sirq=4580
  [diag] progress t=60s delivered=393577 matched=526240 events~=5 subscribed=90247 rss_mib=3654 swap_mib=0 fanout_done=false
[sys] 10:27:24 tcp_alloc=190067 tcp_mem_pages=25600 PruneCalled=0 RcvPruned=0 TCPRcvCollapsed=0 TCPAbortOnMemory=0 TCPMemoryPressures=0 TCPMemoryPressuresChrono=0 TCPBacklogDrop=0 TCPZeroWindowDrop=0 TCPRcvQDrop=0 MemAvailable:2984M SwapFree:1023M Dirty:0M Slab:825M psi_mem=avg60=0.00 psi_cpu=avg60=6.64 load=5.68,2.35,0.89 cpu_u=9860 n=0 s=23946 i=70676 io=80 irq=0 sirq=4919
[sys] 10:27:29 tcp_alloc=190788 tcp_mem_pages=28672 PruneCalled=0 RcvPruned=0 TCPRcvCollapsed=0 TCPAbortOnMemory=0 TCPMemoryPressures=0 TCPMemoryPressuresChrono=0 TCPBacklogDrop=0 TCPZeroWindowDrop=0 TCPRcvQDrop=0 MemAvailable:2955M SwapFree:1023M Dirty:0M Slab:827M psi_mem=avg60=0.00 psi_cpu=avg60=6.34 load=5.62,2.40,0.92 cpu_u=10356 n=0 s=24329 i=73604 io=80 irq=0 sirq=5162
  [diag] progress t=70s delivered=506025 matched=526240 events~=5 subscribed=90909 rss_mib=3693 swap_mib=0 fanout_done=false
[sys] 10:27:34 tcp_alloc=192574 tcp_mem_pages=18176 PruneCalled=0 RcvPruned=0 TCPRcvCollapsed=0 TCPAbortOnMemory=0 TCPMemoryPressures=0 TCPMemoryPressuresChrono=0 TCPBacklogDrop=0 TCPZeroWindowDrop=0 TCPRcvQDrop=0 MemAvailable:2944M SwapFree:1023M Dirty:0M Slab:834M psi_mem=avg60=0.00 psi_cpu=avg60=6.05 load=5.82,2.49,0.95 cpu_u=10957 n=0 s=24670 i=75429 io=80 irq=0 sirq=5472
[sys] 10:27:39 tcp_alloc=193776 tcp_mem_pages=13824 PruneCalled=0 RcvPruned=0 TCPRcvCollapsed=0 TCPAbortOnMemory=0 TCPMemoryPressures=0 TCPMemoryPressuresChrono=0 TCPBacklogDrop=0 TCPZeroWindowDrop=0 TCPRcvQDrop=0 MemAvailable:2931M SwapFree:1023M Dirty:0M Slab:838M psi_mem=avg60=0.00 psi_cpu=avg60=6.12 load=6.15,2.62,1.00 cpu_u=11404 n=0 s=24873 i=77560 io=81 irq=0 sirq=5835
  [diag] progress t=80s delivered=558409 matched=616487 events~=6 subscribed=92115 rss_mib=3718 swap_mib=0 fanout_done=false
[sys] 10:27:44 tcp_alloc=193776 tcp_mem_pages=23552 PruneCalled=0 RcvPruned=0 TCPRcvCollapsed=0 TCPAbortOnMemory=0 TCPMemoryPressures=0 TCPMemoryPressuresChrono=0 TCPBacklogDrop=0 TCPZeroWindowDrop=0 TCPRcvQDrop=0 MemAvailable:2930M SwapFree:1023M Dirty:0M Slab:838M psi_mem=avg60=0.00 psi_cpu=avg60=5.79 load=6.46,2.74,1.05 cpu_u=11829 n=0 s=25076 i=78838 io=81 irq=0 sirq=6195
[sys] 10:27:49 tcp_alloc=193874 tcp_mem_pages=14592 PruneCalled=0 RcvPruned=0 TCPRcvCollapsed=0 TCPAbortOnMemory=0 TCPMemoryPressures=0 TCPMemoryPressuresChrono=0 TCPBacklogDrop=0 TCPZeroWindowDrop=0 TCPRcvQDrop=0 MemAvailable:2914M SwapFree:1023M Dirty:0M Slab:841M psi_mem=avg60=0.00 psi_cpu=avg60=5.40 load=6.74,2.86,1.10 cpu_u=12430 n=0 s=25447 i=81089 io=81 irq=0 sirq=6475
  [diag] progress t=90s delivered=620256 matched=616487 events~=6 subscribed=94012 rss_mib=3819 swap_mib=0 fanout_done=false
[sys] 10:27:54 tcp_alloc=194236 tcp_mem_pages=13568 PruneCalled=0 RcvPruned=0 TCPRcvCollapsed=0 TCPAbortOnMemory=0 TCPMemoryPressures=0 TCPMemoryPressuresChrono=0 TCPBacklogDrop=0 TCPZeroWindowDrop=0 TCPRcvQDrop=0 MemAvailable:2850M SwapFree:1023M Dirty:0M Slab:838M psi_mem=avg60=0.00 psi_cpu=avg60=5.15 load=7.08,2.99,1.15 cpu_u=13273 n=0 s=25827 i=83156 io=81 irq=0 sirq=6722
[sys] 10:27:59 tcp_alloc=194238 tcp_mem_pages=19200 PruneCalled=0 RcvPruned=0 TCPRcvCollapsed=0 TCPAbortOnMemory=0 TCPMemoryPressures=0 TCPMemoryPressuresChrono=0 TCPBacklogDrop=0 TCPZeroWindowDrop=0 TCPRcvQDrop=0 MemAvailable:2893M SwapFree:1023M Dirty:0M Slab:839M psi_mem=avg60=0.00 psi_cpu=avg60=4.94 load=6.60,2.96,1.15 cpu_u=13751 n=0 s=26006 i=84382 io=83 irq=0 sirq=7077
  [diag] progress t=100s delivered=667078 matched=708177 events~=7 subscribed=94125 rss_mib=3748 swap_mib=0 fanout_done=false
[sys] 10:28:04 tcp_alloc=194523 tcp_mem_pages=21760 PruneCalled=0 RcvPruned=0 TCPRcvCollapsed=0 TCPAbortOnMemory=0 TCPMemoryPressures=0 TCPMemoryPressuresChrono=0 TCPBacklogDrop=0 TCPZeroWindowDrop=0 TCPRcvQDrop=0 MemAvailable:2892M SwapFree:1023M Dirty:0M Slab:839M psi_mem=avg60=0.00 psi_cpu=avg60=4.82 load=6.47,3.00,1.17 cpu_u=14220 n=0 s=26197 i=86157 io=83 irq=0 sirq=7387
[sys] 10:28:09 tcp_alloc=194746 tcp_mem_pages=6656 PruneCalled=0 RcvPruned=0 TCPRcvCollapsed=0 TCPAbortOnMemory=0 TCPMemoryPressures=0 TCPMemoryPressuresChrono=0 TCPBacklogDrop=0 TCPZeroWindowDrop=0 TCPRcvQDrop=0 MemAvailable:2778M SwapFree:1023M Dirty:0M Slab:837M psi_mem=avg60=0.00 psi_cpu=avg60=4.49 load=6.67,3.10,1.21 cpu_u=14880 n=0 s=26418 i=89323 io=84 irq=0 sirq=7626
  [diag] progress t=110s delivered=712481 matched=708177 events~=7 subscribed=94691 rss_mib=3839 swap_mib=0 fanout_done=false
[sys] 10:28:14 tcp_alloc=194883 tcp_mem_pages=14848 PruneCalled=0 RcvPruned=0 TCPRcvCollapsed=0 TCPAbortOnMemory=0 TCPMemoryPressures=0 TCPMemoryPressuresChrono=0 TCPBacklogDrop=0 TCPZeroWindowDrop=0 TCPRcvQDrop=0 MemAvailable:2776M SwapFree:1023M Dirty:0M Slab:837M psi_mem=avg60=0.00 psi_cpu=avg60=4.52 load=6.94,3.21,1.26 cpu_u=15530 n=0 s=26586 i=90406 io=84 irq=0 sirq=8024
[sys] 10:28:19 tcp_alloc=194892 tcp_mem_pages=25856 PruneCalled=0 RcvPruned=0 TCPRcvCollapsed=0 TCPAbortOnMemory=0 TCPMemoryPressures=0 TCPMemoryPressuresChrono=0 TCPBacklogDrop=0 TCPZeroWindowDrop=0 TCPRcvQDrop=0 MemAvailable:2752M SwapFree:1023M Dirty:0M Slab:838M psi_mem=avg60=0.00 psi_cpu=avg60=4.21 load=7.18,3.32,1.31 cpu_u=16174 n=0 s=26855 i=92639 io=85 irq=0 sirq=8362
  [diag] progress t=120s delivered=773904 matched=802834 events~=8 subscribed=94817 rss_mib=3863 swap_mib=0 fanout_done=false
[sys] 10:28:25 tcp_alloc=194905 tcp_mem_pages=19712 PruneCalled=0 RcvPruned=0 TCPRcvCollapsed=0 TCPAbortOnMemory=0 TCPMemoryPressures=0 TCPMemoryPressuresChrono=0 TCPBacklogDrop=0 TCPZeroWindowDrop=0 TCPRcvQDrop=0 MemAvailable:2750M SwapFree:1023M Dirty:0M Slab:843M psi_mem=avg60=0.00 psi_cpu=avg60=4.07 load=7.41,3.43,1.36 cpu_u=16787 n=0 s=27096 i=95125 io=85 irq=0 sirq=8597
[sys] 10:28:30 tcp_alloc=194905 tcp_mem_pages=11008 PruneCalled=0 RcvPruned=0 TCPRcvCollapsed=0 TCPAbortOnMemory=0 TCPMemoryPressures=0 TCPMemoryPressuresChrono=0 TCPBacklogDrop=0 TCPZeroWindowDrop=0 TCPRcvQDrop=0 MemAvailable:2650M SwapFree:1023M Dirty:0M Slab:840M psi_mem=avg60=0.00 psi_cpu=avg60=3.84 load=6.98,3.41,1.36 cpu_u=17460 n=0 s=27306 i=96939 io=87 irq=0 sirq=8922
  [diag] progress t=130s delivered=831566 matched=897525 events~=9 subscribed=94880 rss_mib=3959 swap_mib=0 fanout_done=false
[sys] 10:28:35 tcp_alloc=195434 tcp_mem_pages=20736 PruneCalled=0 RcvPruned=0 TCPRcvCollapsed=0 TCPAbortOnMemory=0 TCPMemoryPressures=0 TCPMemoryPressuresChrono=0 TCPBacklogDrop=0 TCPZeroWindowDrop=0 TCPRcvQDrop=0 MemAvailable:2649M SwapFree:1023M Dirty:0M Slab:841M psi_mem=avg60=0.00 psi_cpu=avg60=4.31 load=7.22,3.52,1.41 cpu_u=17902 n=0 s=27477 i=98085 io=87 irq=0 sirq=9315
[sys] 10:28:40 tcp_alloc=195434 tcp_mem_pages=27136 PruneCalled=0 RcvPruned=0 TCPRcvCollapsed=0 TCPAbortOnMemory=0 TCPMemoryPressures=0 TCPMemoryPressuresChrono=0 TCPBacklogDrop=0 TCPZeroWindowDrop=0 TCPRcvQDrop=0 MemAvailable:2648M SwapFree:1023M Dirty:0M Slab:843M psi_mem=avg60=0.00 psi_cpu=avg60=4.43 load=7.36,3.61,1.45 cpu_u=18618 n=0 s=27657 i=99611 io=87 irq=0 sirq=9602
  [diag] progress t=140s delivered=878156 matched=992405 events~=10 subscribed=94887 rss_mib=3944 swap_mib=0 fanout_done=false
[sys] 10:28:45 tcp_alloc=197142 tcp_mem_pages=8192 PruneCalled=0 RcvPruned=0 TCPRcvCollapsed=0 TCPAbortOnMemory=0 TCPMemoryPressures=0 TCPMemoryPressuresChrono=0 TCPBacklogDrop=0 TCPZeroWindowDrop=0 TCPRcvQDrop=0 MemAvailable:2626M SwapFree:1023M Dirty:0M Slab:849M psi_mem=avg60=0.00 psi_cpu=avg60=4.23 load=7.57,3.72,1.49 cpu_u=19227 n=0 s=27964 i=101651 io=87 irq=0 sirq=9826
[sys] 10:28:50 tcp_alloc=197260 tcp_mem_pages=28416 PruneCalled=0 RcvPruned=0 TCPRcvCollapsed=0 TCPAbortOnMemory=0 TCPMemoryPressures=0 TCPMemoryPressuresChrono=0 TCPBacklogDrop=0 TCPZeroWindowDrop=0 TCPRcvQDrop=0 MemAvailable:2626M SwapFree:1023M Dirty:0M Slab:850M psi_mem=avg60=0.00 psi_cpu=avg60=4.08 load=7.77,3.82,1.54 cpu_u=20270 n=0 s=28282 i=103870 io=87 irq=0 sirq=10177
  [diag] progress t=150s delivered=971308 matched=1087289 events~=11 subscribed=96324 rss_mib=4033 swap_mib=0 fanout_done=false
[sys] 10:28:55 tcp_alloc=197277 tcp_mem_pages=7936 PruneCalled=0 RcvPruned=0 TCPRcvCollapsed=0 TCPAbortOnMemory=0 TCPMemoryPressures=0 TCPMemoryPressuresChrono=0 TCPBacklogDrop=0 TCPZeroWindowDrop=0 TCPRcvQDrop=0 MemAvailable:2636M SwapFree:1023M Dirty:0M Slab:849M psi_mem=avg60=0.00 psi_cpu=avg60=3.85 load=7.15,3.76,1.53 cpu_u=20784 n=0 s=28540 i=106115 io=90 irq=0 sirq=10405
[sys] 10:29:00 tcp_alloc=197277 tcp_mem_pages=20736 PruneCalled=0 RcvPruned=0 TCPRcvCollapsed=0 TCPAbortOnMemory=0 TCPMemoryPressures=0 TCPMemoryPressuresChrono=0 TCPBacklogDrop=0 TCPZeroWindowDrop=0 TCPRcvQDrop=0 MemAvailable:2634M SwapFree:1023M Dirty:0M Slab:849M psi_mem=avg60=0.00 psi_cpu=avg60=3.83 load=6.57,3.70,1.52 cpu_u=21334 n=0 s=28769 i=108033 io=90 irq=0 sirq=10736
  [diag] progress t=160s delivered=1052347 matched=1087289 events~=11 subscribed=97097 rss_mib=4040 swap_mib=0 fanout_done=false
[sys] 10:29:05 tcp_alloc=197284 tcp_mem_pages=13056 PruneCalled=0 RcvPruned=0 TCPRcvCollapsed=0 TCPAbortOnMemory=0 TCPMemoryPressures=0 TCPMemoryPressuresChrono=0 TCPBacklogDrop=0 TCPZeroWindowDrop=0 TCPRcvQDrop=0 MemAvailable:2628M SwapFree:1023M Dirty:0M Slab:847M psi_mem=avg60=0.00 psi_cpu=avg60=3.69 load=6.05,3.63,1.52 cpu_u=21817 n=0 s=28957 i=109832 io=90 irq=0 sirq=11020
[sys] 10:29:10 tcp_alloc=197284 tcp_mem_pages=10752 PruneCalled=0 RcvPruned=0 TCPRcvCollapsed=0 TCPAbortOnMemory=0 TCPMemoryPressures=0 TCPMemoryPressuresChrono=0 TCPBacklogDrop=0 TCPZeroWindowDrop=0 TCPRcvQDrop=0 MemAvailable:2683M SwapFree:1023M Dirty:0M Slab:840M psi_mem=avg60=0.00 psi_cpu=avg60=3.54 load=6.04,3.67,1.54 cpu_u=22554 n=0 s=29209 i=111934 io=91 irq=0 sirq=11348
  [diag] progress t=170s delivered=1134931 matched=1183552 events~=12 subscribed=97259 rss_mib=4042 swap_mib=0 fanout_done=false
[sys] 10:29:15 tcp_alloc=197284 tcp_mem_pages=17920 PruneCalled=0 RcvPruned=0 TCPRcvCollapsed=0 TCPAbortOnMemory=0 TCPMemoryPressures=0 TCPMemoryPressuresChrono=0 TCPBacklogDrop=0 TCPZeroWindowDrop=0 TCPRcvQDrop=0 MemAvailable:2674M SwapFree:1023M Dirty:0M Slab:841M psi_mem=avg60=0.00 psi_cpu=avg60=3.36 load=5.64,3.63,1.54 cpu_u=23092 n=0 s=29426 i=113705 io=91 irq=0 sirq=11658
[sys] 10:29:20 tcp_alloc=197284 tcp_mem_pages=14080 PruneCalled=0 RcvPruned=0 TCPRcvCollapsed=0 TCPAbortOnMemory=0 TCPMemoryPressures=0 TCPMemoryPressuresChrono=0 TCPBacklogDrop=0 TCPZeroWindowDrop=0 TCPRcvQDrop=0 MemAvailable:2616M SwapFree:1023M Dirty:0M Slab:839M psi_mem=avg60=0.00 psi_cpu=avg60=3.18 load=5.27,3.59,1.53 cpu_u=23949 n=0 s=29692 i=116279 io=92 irq=0 sirq=11965
  [diag] progress t=180s delivered=1244408 matched=1280811 events~=13 subscribed=97259 rss_mib=4146 swap_mib=0 fanout_done=false
[sys] 10:29:25 tcp_alloc=197284 tcp_mem_pages=14080 PruneCalled=0 RcvPruned=0 TCPRcvCollapsed=0 TCPAbortOnMemory=0 TCPMemoryPressures=0 TCPMemoryPressuresChrono=0 TCPBacklogDrop=0 TCPZeroWindowDrop=0 TCPRcvQDrop=0 MemAvailable:2593M SwapFree:1023M Dirty:0M Slab:839M psi_mem=avg60=0.00 psi_cpu=avg60=3.07 load=5.81,3.73,1.59 cpu_u=24593 n=0 s=29953 i=118084 io=92 irq=0 sirq=12282
[sys] 10:29:30 tcp_alloc=197284 tcp_mem_pages=7168 PruneCalled=0 RcvPruned=0 TCPRcvCollapsed=0 TCPAbortOnMemory=0 TCPMemoryPressures=0 TCPMemoryPressuresChrono=0 TCPBacklogDrop=0 TCPZeroWindowDrop=0 TCPRcvQDrop=0 MemAvailable:2618M SwapFree:1023M Dirty:0M Slab:839M psi_mem=avg60=0.00 psi_cpu=avg60=3.13 load=6.22,3.85,1.64 cpu_u=25367 n=0 s=30185 i=119622 io=94 irq=0 sirq=12668
  [diag] progress t=190s delivered=1312488 matched=1378070 events~=14 subscribed=97259 rss_mib=4123 swap_mib=0 fanout_done=false
[sys] 10:29:36 tcp_alloc=197284 tcp_mem_pages=20480 PruneCalled=0 RcvPruned=0 TCPRcvCollapsed=0 TCPAbortOnMemory=0 TCPMemoryPressures=0 TCPMemoryPressuresChrono=0 TCPBacklogDrop=0 TCPZeroWindowDrop=0 TCPRcvQDrop=0 MemAvailable:2583M SwapFree:1023M Dirty:0M Slab:841M psi_mem=avg60=0.00 psi_cpu=avg60=3.08 load=6.12,3.87,1.66 cpu_u=26056 n=0 s=30420 i=121424 io=94 irq=0 sirq=13029
  [diag] progress t=204s delivered=1369934 matched=1475329 events~=15 subscribed=97259 rss_mib=4123 swap_mib=0 fanout_done=false
[sys] 10:29:46 tcp_alloc=197284 tcp_mem_pages=18688 PruneCalled=0 RcvPruned=0 TCPRcvCollapsed=0 TCPAbortOnMemory=0 TCPMemoryPressures=0 TCPMemoryPressuresChrono=0 TCPBacklogDrop=0 TCPZeroWindowDrop=0 TCPRcvQDrop=0 MemAvailable:2618M SwapFree:1023M Dirty:0M Slab:845M psi_mem=avg60=0.00 psi_cpu=avg60=4.90 load=5.55,3.82,1.67 cpu_u=26936 n=0 s=30622 i=122560 io=95 irq=0 sirq=13767
[sys] 10:29:51 tcp_alloc=197480 tcp_mem_pages=13056 PruneCalled=0 RcvPruned=0 TCPRcvCollapsed=0 TCPAbortOnMemory=0 TCPMemoryPressures=0 TCPMemoryPressuresChrono=0 TCPBacklogDrop=0 TCPZeroWindowDrop=0 TCPRcvQDrop=0 MemAvailable:2582M SwapFree:1023M Dirty:0M Slab:841M psi_mem=avg60=0.00 psi_cpu=avg60=4.66 load=5.27,3.79,1.67 cpu_u=27638 n=0 s=30880 i=124557 io=95 irq=0 sirq=14066
  [diag] progress t=210s delivered=1398673 matched=1475329 events~=15 subscribed=97319 rss_mib=4155 swap_mib=0 fanout_done=false
[sys] 10:29:56 tcp_alloc=197480 tcp_mem_pages=24576 PruneCalled=0 RcvPruned=0 TCPRcvCollapsed=0 TCPAbortOnMemory=0 TCPMemoryPressures=0 TCPMemoryPressuresChrono=0 TCPBacklogDrop=0 TCPZeroWindowDrop=0 TCPRcvQDrop=0 MemAvailable:2584M SwapFree:1023M Dirty:0M Slab:847M psi_mem=avg60=0.00 psi_cpu=avg60=4.49 load=5.49,3.86,1.70 cpu_u=28146 n=0 s=31072 i=126090 io=95 irq=0 sirq=14443
  [diag] progress t=220s delivered=1449959 matched=1475329 events~=15 subscribed=97319 rss_mib=4156 swap_mib=0 fanout_done=false
[sys] 10:30:01 tcp_alloc=196989 tcp_mem_pages=28416 PruneCalled=0 RcvPruned=0 TCPRcvCollapsed=0 TCPAbortOnMemory=0 TCPMemoryPressures=0 TCPMemoryPressuresChrono=0 TCPBacklogDrop=0 TCPZeroWindowDrop=0 TCPRcvQDrop=0 MemAvailable:2590M SwapFree:1023M Dirty:0M Slab:853M psi_mem=avg60=0.00 psi_cpu=avg60=4.31 load=5.45,3.88,1.72 cpu_u=28899 n=0 s=31388 i=127615 io=97 irq=0 sirq=14743
[sys] 10:30:06 tcp_alloc=199401 tcp_mem_pages=11776 PruneCalled=0 RcvPruned=0 TCPRcvCollapsed=0 TCPAbortOnMemory=0 TCPMemoryPressures=0 TCPMemoryPressuresChrono=0 TCPBacklogDrop=0 TCPZeroWindowDrop=0 TCPRcvQDrop=0 MemAvailable:2604M SwapFree:1023M Dirty:0M Slab:855M psi_mem=avg60=0.00 psi_cpu=avg60=4.29 load=5.65,3.95,1.76 cpu_u=29541 n=0 s=31863 i=129708 io=97 irq=0 sirq=14978
  [diag] progress t=230s delivered=1550407 matched=1572588 events~=15 subscribed=99465 rss_mib=4142 swap_mib=0 fanout_done=false
[sys] 10:30:11 tcp_alloc=199579 tcp_mem_pages=20992 PruneCalled=0 RcvPruned=0 TCPRcvCollapsed=0 TCPAbortOnMemory=0 TCPMemoryPressures=0 TCPMemoryPressuresChrono=0 TCPBacklogDrop=0 TCPZeroWindowDrop=0 TCPRcvQDrop=0 MemAvailable:2592M SwapFree:1023M Dirty:0M Slab:860M psi_mem=avg60=0.00 psi_cpu=avg60=3.98 load=6.00,4.05,1.80 cpu_u=30184 n=0 s=32163 i=132061 io=98 irq=0 sirq=15286
[sys] 10:30:16 tcp_alloc=199960 tcp_mem_pages=5888 PruneCalled=0 RcvPruned=0 TCPRcvCollapsed=0 TCPAbortOnMemory=0 TCPMemoryPressures=0 TCPMemoryPressuresChrono=0 TCPBacklogDrop=0 TCPZeroWindowDrop=0 TCPRcvQDrop=0 MemAvailable:2582M SwapFree:1023M Dirty:0M Slab:837M psi_mem=avg60=0.00 psi_cpu=avg60=3.75 load=5.76,4.03,1.81 cpu_u=30889 n=0 s=32360 i=135156 io=98 irq=0 sirq=15520
  [diag] progress t=240s delivered=1626710 matched=1672143 events~=16 subscribed=99968 rss_mib=4186 swap_mib=0 fanout_done=false
[sys] 10:30:21 tcp_alloc=200025 tcp_mem_pages=9984 PruneCalled=0 RcvPruned=0 TCPRcvCollapsed=0 TCPAbortOnMemory=0 TCPMemoryPressures=0 TCPMemoryPressuresChrono=0 TCPBacklogDrop=0 TCPZeroWindowDrop=0 TCPRcvQDrop=0 MemAvailable:2560M SwapFree:1023M Dirty:0M Slab:840M psi_mem=avg60=0.00 psi_cpu=avg60=3.52 load=5.86,4.08,1.84 cpu_u=31584 n=0 s=32597 i=137207 io=98 irq=0 sirq=15840
[sys] 10:30:27 tcp_alloc=200025 tcp_mem_pages=12544 PruneCalled=0 RcvPruned=0 TCPRcvCollapsed=0 TCPAbortOnMemory=0 TCPMemoryPressures=0 TCPMemoryPressuresChrono=0 TCPBacklogDrop=0 TCPZeroWindowDrop=0 TCPRcvQDrop=0 MemAvailable:2551M SwapFree:1023M Dirty:0M Slab:846M psi_mem=avg60=0.00 psi_cpu=avg60=3.42 load=5.87,4.11,1.86 cpu_u=32162 n=0 s=32791 i=138965 io=98 irq=0 sirq=16180
  [diag] progress t=250s delivered=1683512 matched=1772078 events~=17 subscribed=100000 rss_mib=4212 swap_mib=0 fanout_done=false
[sys] 10:30:32 tcp_alloc=200025 tcp_mem_pages=7424 PruneCalled=0 RcvPruned=0 TCPRcvCollapsed=0 TCPAbortOnMemory=0 TCPMemoryPressures=0 TCPMemoryPressuresChrono=0 TCPBacklogDrop=0 TCPZeroWindowDrop=0 TCPRcvQDrop=0 MemAvailable:2509M SwapFree:1023M Dirty:0M Slab:844M psi_mem=avg60=0.00 psi_cpu=avg60=3.29 load=6.52,4.31,1.95 cpu_u=33139 n=0 s=33005 i=140557 io=98 irq=0 sirq=16457
[sys] 10:30:37 tcp_alloc=200025 tcp_mem_pages=19968 PruneCalled=0 RcvPruned=0 TCPRcvCollapsed=0 TCPAbortOnMemory=0 TCPMemoryPressures=0 TCPMemoryPressuresChrono=0 TCPBacklogDrop=0 TCPZeroWindowDrop=0 TCPRcvQDrop=0 MemAvailable:2509M SwapFree:1023M Dirty:0M Slab:852M psi_mem=avg60=0.00 psi_cpu=avg60=3.23 load=6.72,4.39,1.98 cpu_u=33674 n=0 s=33218 i=142695 io=99 irq=0 sirq=16790
  [diag] progress t=260s delivered=1740418 matched=1772078 events~=17 subscribed=100000 rss_mib=4212 swap_mib=0 fanout_done=false
[sys] 10:30:42 tcp_alloc=200025 tcp_mem_pages=23552 PruneCalled=0 RcvPruned=0 TCPRcvCollapsed=0 TCPAbortOnMemory=0 TCPMemoryPressures=0 TCPMemoryPressuresChrono=0 TCPBacklogDrop=0 TCPZeroWindowDrop=0 TCPRcvQDrop=0 MemAvailable:2499M SwapFree:1023M Dirty:0M Slab:861M psi_mem=avg60=0.00 psi_cpu=avg60=3.24 load=6.42,4.36,1.99 cpu_u=34240 n=0 s=33427 i=144481 io=99 irq=0 sirq=17167
[sys] 10:30:47 tcp_alloc=200025 tcp_mem_pages=3584 PruneCalled=0 RcvPruned=0 TCPRcvCollapsed=0 TCPAbortOnMemory=0 TCPMemoryPressures=0 TCPMemoryPressuresChrono=0 TCPBacklogDrop=0 TCPZeroWindowDrop=0 TCPRcvQDrop=0 MemAvailable:2596M SwapFree:1023M Dirty:0M Slab:846M psi_mem=avg60=0.00 psi_cpu=avg60=3.06 load=5.91,4.29,1.98 cpu_u=34837 n=0 s=33636 i=147169 io=99 irq=0 sirq=17380
  [diag] progress t=270s delivered=1800362 matched=1872042 events~=18 subscribed=100000 rss_mib=4188 swap_mib=0 fanout_done=false
[sys] 10:30:52 tcp_alloc=200025 tcp_mem_pages=7936 PruneCalled=0 RcvPruned=0 TCPRcvCollapsed=0 TCPAbortOnMemory=0 TCPMemoryPressures=0 TCPMemoryPressuresChrono=0 TCPBacklogDrop=0 TCPZeroWindowDrop=0 TCPRcvQDrop=0 MemAvailable:2488M SwapFree:1023M Dirty:0M Slab:845M psi_mem=avg60=0.00 psi_cpu=avg60=3.18 load=6.23,4.39,2.02 cpu_u=35571 n=0 s=33862 i=148934 io=99 irq=0 sirq=17748
[sys] 10:30:57 tcp_alloc=200025 tcp_mem_pages=24064 PruneCalled=0 RcvPruned=0 TCPRcvCollapsed=0 TCPAbortOnMemory=0 TCPMemoryPressures=0 TCPMemoryPressuresChrono=0 TCPBacklogDrop=0 TCPZeroWindowDrop=0 TCPRcvQDrop=0 MemAvailable:2456M SwapFree:1023M Dirty:0M Slab:856M psi_mem=avg60=0.00 psi_cpu=avg60=3.01 load=6.21,4.41,2.04 cpu_u=36566 n=0 s=34100 i=151100 io=104 irq=0 sirq=18062
  [diag] progress t=280s delivered=1918119 matched=1972042 events~=19 subscribed=100000 rss_mib=4272 swap_mib=0 fanout_done=false
[sys] 10:31:02 tcp_alloc=200025 tcp_mem_pages=21504 PruneCalled=0 RcvPruned=0 TCPRcvCollapsed=0 TCPAbortOnMemory=0 TCPMemoryPressures=0 TCPMemoryPressuresChrono=0 TCPBacklogDrop=0 TCPZeroWindowDrop=0 TCPRcvQDrop=0 MemAvailable:2433M SwapFree:1023M Dirty:0M Slab:856M psi_mem=avg60=0.00 psi_cpu=avg60=3.00 load=6.60,4.52,2.09 cpu_u=37379 n=0 s=34352 i=152938 io=104 irq=0 sirq=18372
[sys] 10:31:08 tcp_alloc=200025 tcp_mem_pages=14848 PruneCalled=0 RcvPruned=0 TCPRcvCollapsed=0 TCPAbortOnMemory=0 TCPMemoryPressures=0 TCPMemoryPressuresChrono=0 TCPBacklogDrop=0 TCPZeroWindowDrop=0 TCPRcvQDrop=0 MemAvailable:2455M SwapFree:1023M Dirty:0M Slab:853M psi_mem=avg60=0.00 psi_cpu=avg60=2.94 load=6.87,4.61,2.14 cpu_u=38203 n=0 s=34622 i=155179 io=106 irq=0 sirq=18705
  [diag] progress t=290s delivered=2056862 matched=2072042 events~=20 subscribed=100000 rss_mib=4274 swap_mib=0 fanout_done=false
[sys] 10:31:13 tcp_alloc=200025 tcp_mem_pages=9984 PruneCalled=0 RcvPruned=0 TCPRcvCollapsed=0 TCPAbortOnMemory=0 TCPMemoryPressures=0 TCPMemoryPressuresChrono=0 TCPBacklogDrop=0 TCPZeroWindowDrop=0 TCPRcvQDrop=0 MemAvailable:2445M SwapFree:1023M Dirty:0M Slab:853M psi_mem=avg60=0.00 psi_cpu=avg60=2.88 load=6.48,4.57,2.13 cpu_u=38983 n=0 s=34845 i=157144 io=106 irq=0 sirq=18990
[sys] 10:31:18 tcp_alloc=200025 tcp_mem_pages=14336 PruneCalled=0 RcvPruned=0 TCPRcvCollapsed=0 TCPAbortOnMemory=0 TCPMemoryPressures=0 TCPMemoryPressuresChrono=0 TCPBacklogDrop=0 TCPZeroWindowDrop=0 TCPRcvQDrop=0 MemAvailable:2432M SwapFree:1023M Dirty:0M Slab:849M psi_mem=avg60=0.00 psi_cpu=avg60=2.76 load=6.76,4.66,2.18 cpu_u=39449 n=0 s=35049 i=158500 io=107 irq=0 sirq=19393
  [diag] at window end: connected=100000 subscribed=100000 connect_failed=0 subscribed_at_start=82933 late_subscribers=17067 (late subscribers' pre-subscribe events stay in the drop count)
  [diag] router: matched=2172042 delivered=2172042 dropped=0 faulted=0 events_fanned_out~=21 (matched/subscribed)
  [diag] undelivered breakdown (events): never_connected_x_events=0 pre_subscribe_or_not_yet_fanned_out=47827958 router_dropped=0 router_faulted=0 in_flight_or_unaccounted=28203 sum=47856161 (attempted-delivered=47856161)
  [diag] progress t=300s delivered=2143839 matched=2172042 events~=21 subscribed=100000 rss_mib=4290 swap_mib=0 fanout_done=false
  [diag] completed=false (delivered 2143839 of 50000000 before the 300s window) peak_rss_mib=4290
  [diag] finish: fanout_done=false reachable=2172042 delivered=2143839 elapsed_to_finish=n/a
  [diag] stages events=23 match=3476.54ms/ev deliver=7063.29ms/ev ack_scan=2133.60ms/ev busy=291.49s wall=300.01s busy_frac=0.972
  [diag] cpu proc_cpu=1789.40s wall=300.01s cores_used=5.96 nproc=10
  [diag] fanout_task_finished=false (true = replicator budget exhausted before the window closed)

=== nostos-bench-10k probe ===
  clients   : 100000
  events    : 500 (attempted deliveries: 50000000)
  window    : 300s
  ---------------------------
  delivered : 2143839
  ops/sec   : 7146
  drop%     : 95.71
  elapsed   : 300.01s
  elapsed_to_finish : n/a (window expired)
  ops/sec (finish)  : n/a
[sys] 10:31:23 tcp_alloc=197578 tcp_mem_pages=30208 PruneCalled=0 RcvPruned=0 TCPRcvCollapsed=0 TCPAbortOnMemory=0 TCPMemoryPressures=0 TCPMemoryPressuresChrono=0 TCPBacklogDrop=0 TCPZeroWindowDrop=0 TCPRcvQDrop=0 MemAvailable:5118M SwapFree:1023M Dirty:0M Slab:862M psi_mem=avg60=0.00 psi_cpu=avg60=2.78 load=7.18,4.78,2.23 cpu_u=40132 n=0 s=35365 i=160726 io=107 irq=0 sirq=19664
SOAK rc=0 10:31:26
HOST tier=100000 end 20:31:26 load1=34.21 rc=0
HOST tier=100000 start 20:34:56 load1=7.70 waited=180s
env: Linux 7.0.12-linuxkit aarch64 nproc=10 nofile=1048576 mem=8124516kB swap=1048572kB tcp_rmem=4096-131072-33554432 tcp_wmem=4096-16384-4194304
SOAK start 10:34:57 clients=100000 events=500 window=300 ack=16 listeners=2
  [diag] listeners: ws://127.0.0.1:31545/sync ws://127.0.0.2:10737/sync
[sys] 10:34:57 tcp_alloc=24 tcp_mem_pages=511 PruneCalled=0 RcvPruned=0 TCPRcvCollapsed=0 TCPAbortOnMemory=0 TCPMemoryPressures=0 TCPMemoryPressuresChrono=0 TCPBacklogDrop=0 TCPZeroWindowDrop=0 TCPRcvQDrop=0 MemAvailable:7373M SwapFree:1023M Dirty:0M Slab:115M psi_mem=avg60=0.00 psi_cpu=avg60=0.07 load=0.21,2.36,1.77 cpu_u=40215 n=0 s=35633 i=374111 io=142 irq=0 sirq=19845
[sys] 10:35:02 tcp_alloc=92489 tcp_mem_pages=54271 PruneCalled=0 RcvPruned=0 TCPRcvCollapsed=0 TCPAbortOnMemory=0 TCPMemoryPressures=0 TCPMemoryPressuresChrono=0 TCPBacklogDrop=0 TCPZeroWindowDrop=0 TCPRcvQDrop=0 MemAvailable:6081M SwapFree:1023M Dirty:0M Slab:485M psi_mem=avg60=0.00 psi_cpu=avg60=0.19 load=1.08,2.50,1.82 cpu_u=40346 n=0 s=39242 i=374385 io=142 irq=0 sirq=19929
[sys] 10:35:07 tcp_alloc=102409 tcp_mem_pages=55551 PruneCalled=0 RcvPruned=0 TCPRcvCollapsed=0 TCPAbortOnMemory=0 TCPMemoryPressures=0 TCPMemoryPressuresChrono=0 TCPBacklogDrop=0 TCPZeroWindowDrop=0 TCPRcvQDrop=0 MemAvailable:5996M SwapFree:1023M Dirty:0M Slab:524M psi_mem=avg60=0.00 psi_cpu=avg60=0.24 load=2.68,2.80,1.92 cpu_u=40385 n=0 s=42836 i=374463 io=142 irq=0 sirq=19967
[sys] 10:35:12 tcp_alloc=111960 tcp_mem_pages=58623 PruneCalled=0 RcvPruned=0 TCPRcvCollapsed=0 TCPAbortOnMemory=0 TCPMemoryPressures=0 TCPMemoryPressuresChrono=0 TCPBacklogDrop=0 TCPZeroWindowDrop=0 TCPRcvQDrop=0 MemAvailable:5913M SwapFree:1023M Dirty:0M Slab:562M psi_mem=avg60=0.00 psi_cpu=avg60=0.31 load=3.27,2.92,1.97 cpu_u=40431 n=0 s=46433 i=374588 io=142 irq=0 sirq=19996
[sys] 10:35:17 tcp_alloc=121673 tcp_mem_pages=64255 PruneCalled=0 RcvPruned=0 TCPRcvCollapsed=0 TCPAbortOnMemory=0 TCPMemoryPressures=0 TCPMemoryPressuresChrono=0 TCPBacklogDrop=0 TCPZeroWindowDrop=0 TCPRcvQDrop=0 MemAvailable:5839M SwapFree:1023M Dirty:0M Slab:605M psi_mem=avg60=0.00 psi_cpu=avg60=0.33 load=3.81,3.04,2.01 cpu_u=40473 n=0 s=50214 i=374696 io=142 irq=0 sirq=20020
[sys] 10:35:22 tcp_alloc=142754 tcp_mem_pages=58623 PruneCalled=0 RcvPruned=0 TCPRcvCollapsed=0 TCPAbortOnMemory=0 TCPMemoryPressures=0 TCPMemoryPressuresChrono=0 TCPBacklogDrop=0 TCPZeroWindowDrop=0 TCPRcvQDrop=0 MemAvailable:4870M SwapFree:1023M Dirty:0M Slab:706M psi_mem=avg60=0.00 psi_cpu=avg60=0.36 load=4.30,3.15,2.05 cpu_u=40838 n=0 s=53181 i=375552 io=142 irq=0 sirq=20131
[sys] 10:35:27 tcp_alloc=158887 tcp_mem_pages=41471 PruneCalled=0 RcvPruned=0 TCPRcvCollapsed=0 TCPAbortOnMemory=0 TCPMemoryPressures=0 TCPMemoryPressuresChrono=0 TCPBacklogDrop=0 TCPZeroWindowDrop=0 TCPRcvQDrop=0 MemAvailable:4371M SwapFree:1023M Dirty:0M Slab:760M psi_mem=avg60=0.00 psi_cpu=avg60=0.41 load=3.96,3.10,2.04 cpu_u=41007 n=0 s=53358 i=380028 io=142 irq=0 sirq=20205
[sys] 10:35:32 tcp_alloc=164005 tcp_mem_pages=36351 PruneCalled=0 RcvPruned=0 TCPRcvCollapsed=0 TCPAbortOnMemory=0 TCPMemoryPressures=0 TCPMemoryPressuresChrono=0 TCPBacklogDrop=0 TCPZeroWindowDrop=0 TCPRcvQDrop=0 MemAvailable:4216M SwapFree:1023M Dirty:0M Slab:776M psi_mem=avg60=0.00 psi_cpu=avg60=0.39 load=3.64,3.05,2.03 cpu_u=41074 n=0 s=53419 i=384878 io=142 irq=0 sirq=20230
[sys] 10:35:37 tcp_alloc=177691 tcp_mem_pages=22783 PruneCalled=0 RcvPruned=0 TCPRcvCollapsed=0 TCPAbortOnMemory=0 TCPMemoryPressures=0 TCPMemoryPressuresChrono=0 TCPBacklogDrop=0 TCPZeroWindowDrop=0 TCPRcvQDrop=0 MemAvailable:3782M SwapFree:1023M Dirty:0M Slab:821M psi_mem=avg60=0.00 psi_cpu=avg60=0.35 load=3.35,3.00,2.02 cpu_u=41266 n=0 s=53583 i=389341 io=142 irq=0 sirq=20307
[sys] 10:35:42 tcp_alloc=179060 tcp_mem_pages=21247 PruneCalled=0 RcvPruned=0 TCPRcvCollapsed=0 TCPAbortOnMemory=0 TCPMemoryPressures=0 TCPMemoryPressuresChrono=0 TCPBacklogDrop=0 TCPZeroWindowDrop=0 TCPRcvQDrop=0 MemAvailable:3744M SwapFree:1023M Dirty:0M Slab:824M psi_mem=avg60=0.00 psi_cpu=avg60=0.33 load=3.08,2.95,2.01 cpu_u=41288 n=0 s=53602 i=394297 io=142 irq=0 sirq=20316
[sys] 10:35:47 tcp_alloc=179271 tcp_mem_pages=21247 PruneCalled=0 RcvPruned=0 TCPRcvCollapsed=0 TCPAbortOnMemory=0 TCPMemoryPressures=0 TCPMemoryPressuresChrono=0 TCPBacklogDrop=0 TCPZeroWindowDrop=0 TCPRcvQDrop=0 MemAvailable:3738M SwapFree:1023M Dirty:0M Slab:825M psi_mem=avg60=0.00 psi_cpu=avg60=0.29 load=2.83,2.90,2.00 cpu_u=41294 n=0 s=53607 i=399292 io=143 irq=0 sirq=20320
[sys] 10:35:52 tcp_alloc=179840 tcp_mem_pages=20735 PruneCalled=0 RcvPruned=0 TCPRcvCollapsed=0 TCPAbortOnMemory=0 TCPMemoryPressures=0 TCPMemoryPressuresChrono=0 TCPBacklogDrop=0 TCPZeroWindowDrop=0 TCPRcvQDrop=0 MemAvailable:3725M SwapFree:1023M Dirty:0M Slab:826M psi_mem=avg60=0.00 psi_cpu=avg60=0.27 load=2.61,2.85,1.99 cpu_u=41307 n=0 s=53616 i=404270 io=143 irq=0 sirq=20327
[sys] 10:35:57 tcp_alloc=179884 tcp_mem_pages=20735 PruneCalled=0 RcvPruned=0 TCPRcvCollapsed=0 TCPAbortOnMemory=0 TCPMemoryPressures=0 TCPMemoryPressuresChrono=0 TCPBacklogDrop=0 TCPZeroWindowDrop=0 TCPRcvQDrop=0 MemAvailable:3694M SwapFree:1023M Dirty:0M Slab:826M psi_mem=avg60=0.00 psi_cpu=avg60=0.25 load=2.40,2.80,1.98 cpu_u=41318 n=0 s=53624 i=409258 io=143 irq=0 sirq=20330
  [diag] subscribe quorum after 61.48s: connected=79858 subscribed=79858 connect_failed=0 complete=false (ceiling 500s, stall 5s)
[sys] 10:36:02 tcp_alloc=179908 tcp_mem_pages=27903 PruneCalled=0 RcvPruned=0 TCPRcvCollapsed=0 TCPAbortOnMemory=0 TCPMemoryPressures=0 TCPMemoryPressuresChrono=0 TCPBacklogDrop=0 TCPZeroWindowDrop=0 TCPRcvQDrop=0 MemAvailable:3607M SwapFree:1023M Dirty:0M Slab:826M psi_mem=avg60=0.00 psi_cpu=avg60=0.33 load=2.29,2.77,1.97 cpu_u=41783 n=0 s=53746 i=411891 io=143 irq=0 sirq=20554
[sys] 10:36:07 tcp_alloc=184074 tcp_mem_pages=32255 PruneCalled=0 RcvPruned=0 TCPRcvCollapsed=0 TCPAbortOnMemory=0 TCPMemoryPressures=0 TCPMemoryPressuresChrono=0 TCPBacklogDrop=0 TCPZeroWindowDrop=0 TCPRcvQDrop=0 MemAvailable:3386M SwapFree:1023M Dirty:0M Slab:837M psi_mem=avg60=0.00 psi_cpu=avg60=0.84 load=2.10,2.73,1.96 cpu_u=43133 n=0 s=54223 i=413269 io=143 irq=0 sirq=21016
  [diag] progress t=10s delivered=99687 matched=159722 events~=1 subscribed=80850 rss_mib=3292 swap_mib=0 fanout_done=false
[sys] 10:36:12 tcp_alloc=184313 tcp_mem_pages=34559 PruneCalled=0 RcvPruned=0 TCPRcvCollapsed=0 TCPAbortOnMemory=0 TCPMemoryPressures=0 TCPMemoryPressuresChrono=0 TCPBacklogDrop=0 TCPZeroWindowDrop=0 TCPRcvQDrop=0 MemAvailable:3330M SwapFree:1023M Dirty:0M Slab:838M psi_mem=avg60=0.00 psi_cpu=avg60=0.98 load=2.18,2.73,1.97 cpu_u=44039 n=0 s=54561 i=414697 io=144 irq=0 sirq=21350
[sys] 10:36:17 tcp_alloc=185653 tcp_mem_pages=27903 PruneCalled=0 RcvPruned=0 TCPRcvCollapsed=0 TCPAbortOnMemory=0 TCPMemoryPressures=0 TCPMemoryPressuresChrono=0 TCPBacklogDrop=0 TCPZeroWindowDrop=0 TCPRcvQDrop=0 MemAvailable:3304M SwapFree:1023M Dirty:0M Slab:843M psi_mem=avg60=0.00 psi_cpu=avg60=1.39 load=2.56,2.80,1.99 cpu_u=44855 n=0 s=55019 i=416104 io=145 irq=0 sirq=21700
  [diag] progress t=20s delivered=247165 matched=239604 events~=2 subscribed=86529 rss_mib=3451 swap_mib=0 fanout_done=false
[sys] 10:36:22 tcp_alloc=187006 tcp_mem_pages=14591 PruneCalled=0 RcvPruned=0 TCPRcvCollapsed=0 TCPAbortOnMemory=0 TCPMemoryPressures=0 TCPMemoryPressuresChrono=0 TCPBacklogDrop=0 TCPZeroWindowDrop=0 TCPRcvQDrop=0 MemAvailable:3100M SwapFree:1023M Dirty:0M Slab:836M psi_mem=avg60=0.00 psi_cpu=avg60=1.37 load=2.44,2.77,1.99 cpu_u=45842 n=0 s=55521 i=417936 io=145 irq=0 sirq=22004
[sys] 10:36:28 tcp_alloc=187052 tcp_mem_pages=17407 PruneCalled=0 RcvPruned=0 TCPRcvCollapsed=0 TCPAbortOnMemory=0 TCPMemoryPressures=0 TCPMemoryPressuresChrono=0 TCPBacklogDrop=0 TCPZeroWindowDrop=0 TCPRcvQDrop=0 MemAvailable:3080M SwapFree:1023M Dirty:0M Slab:836M psi_mem=avg60=0.00 psi_cpu=avg60=1.52 load=3.04,2.89,2.03 cpu_u=46972 n=0 s=55924 i=419073 io=145 irq=0 sirq=22415
  [diag] progress t=30s delivered=443777 matched=408630 events~=4 subscribed=87026 rss_mib=3522 swap_mib=0 fanout_done=false
[sys] 10:36:33 tcp_alloc=187052 tcp_mem_pages=18431 PruneCalled=0 RcvPruned=0 TCPRcvCollapsed=0 TCPAbortOnMemory=0 TCPMemoryPressures=0 TCPMemoryPressuresChrono=0 TCPBacklogDrop=0 TCPZeroWindowDrop=0 TCPRcvQDrop=0 MemAvailable:3054M SwapFree:1023M Dirty:0M Slab:836M psi_mem=avg60=0.00 psi_cpu=avg60=1.55 load=3.60,3.01,2.07 cpu_u=48049 n=0 s=56334 i=420186 io=145 irq=0 sirq=22833
[sys] 10:36:38 tcp_alloc=187403 tcp_mem_pages=33535 PruneCalled=0 RcvPruned=0 TCPRcvCollapsed=0 TCPAbortOnMemory=0 TCPMemoryPressures=0 TCPMemoryPressuresChrono=0 TCPBacklogDrop=0 TCPZeroWindowDrop=0 TCPRcvQDrop=0 MemAvailable:2943M SwapFree:1023M Dirty:0M Slab:837M psi_mem=avg60=0.00 psi_cpu=avg60=1.62 load=4.11,3.13,2.12 cpu_u=49215 n=0 s=56780 i=421206 io=145 irq=0 sirq=23227
  [diag] progress t=40s delivered=601215 matched=669708 events~=7 subscribed=87192 rss_mib=3711 swap_mib=0 fanout_done=false
[sys] 10:36:43 tcp_alloc=187403 tcp_mem_pages=53247 PruneCalled=0 RcvPruned=0 TCPRcvCollapsed=0 TCPAbortOnMemory=0 TCPMemoryPressures=0 TCPMemoryPressuresChrono=0 TCPBacklogDrop=0 TCPZeroWindowDrop=0 TCPRcvQDrop=0 MemAvailable:2941M SwapFree:1023M Dirty:0M Slab:846M psi_mem=avg60=0.00 psi_cpu=avg60=1.81 load=4.58,3.24,2.16 cpu_u=49542 n=0 s=56931 i=421600 io=145 irq=0 sirq=23598
[sys] 10:36:48 tcp_alloc=187403 tcp_mem_pages=29951 PruneCalled=0 RcvPruned=0 TCPRcvCollapsed=0 TCPAbortOnMemory=0 TCPMemoryPressures=0 TCPMemoryPressuresChrono=0 TCPBacklogDrop=0 TCPZeroWindowDrop=0 TCPRcvQDrop=0 MemAvailable:3090M SwapFree:1023M Dirty:0M Slab:842M psi_mem=avg60=0.00 psi_cpu=avg60=1.82 load=4.22,3.19,2.15 cpu_u=50798 n=0 s=57433 i=423019 io=145 irq=0 sirq=23976
  [diag] progress t=50s delivered=757156 matched=756856 events~=8 subscribed=87377 rss_mib=3674 swap_mib=0 fanout_done=false
[sys] 10:36:53 tcp_alloc=187403 tcp_mem_pages=14847 PruneCalled=0 RcvPruned=0 TCPRcvCollapsed=0 TCPAbortOnMemory=0 TCPMemoryPressures=0 TCPMemoryPressuresChrono=0 TCPBacklogDrop=0 TCPZeroWindowDrop=0 TCPRcvQDrop=0 MemAvailable:3049M SwapFree:1023M Dirty:0M Slab:836M psi_mem=avg60=0.00 psi_cpu=avg60=1.74 load=4.68,3.30,2.19 cpu_u=52435 n=0 s=58022 i=424428 io=145 irq=0 sirq=24447
[sys] 10:36:58 tcp_alloc=187403 tcp_mem_pages=21503 PruneCalled=0 RcvPruned=0 TCPRcvCollapsed=0 TCPAbortOnMemory=0 TCPMemoryPressures=0 TCPMemoryPressuresChrono=0 TCPBacklogDrop=0 TCPZeroWindowDrop=0 TCPRcvQDrop=0 MemAvailable:3061M SwapFree:1023M Dirty:0M Slab:836M psi_mem=avg60=0.00 psi_cpu=avg60=1.73 load=5.03,3.39,2.23 cpu_u=53977 n=0 s=58564 i=425566 io=146 irq=0 sirq=24910
  [diag] progress t=60s delivered=1106300 matched=1106300 events~=12 subscribed=87377 rss_mib=3697 swap_mib=0 fanout_done=false
[sys] 10:37:03 tcp_alloc=187403 tcp_mem_pages=22015 PruneCalled=0 RcvPruned=0 TCPRcvCollapsed=0 TCPAbortOnMemory=0 TCPMemoryPressures=0 TCPMemoryPressuresChrono=0 TCPBacklogDrop=0 TCPZeroWindowDrop=0 TCPRcvQDrop=0 MemAvailable:3045M SwapFree:1023M Dirty:0M Slab:835M psi_mem=avg60=0.00 psi_cpu=avg60=1.69 load=5.43,3.50,2.27 cpu_u=55898 n=0 s=59276 i=426925 io=146 irq=0 sirq=25458
  [diag] progress t=70s delivered=1384989 matched=1455808 events~=16 subscribed=87432 rss_mib=3757 swap_mib=0 fanout_done=false
[sys] 10:37:09 tcp_alloc=187731 tcp_mem_pages=36863 PruneCalled=0 RcvPruned=0 TCPRcvCollapsed=0 TCPAbortOnMemory=0 TCPMemoryPressures=0 TCPMemoryPressuresChrono=0 TCPBacklogDrop=0 TCPZeroWindowDrop=0 TCPRcvQDrop=0 MemAvailable:2986M SwapFree:1023M Dirty:0M Slab:837M psi_mem=avg60=0.00 psi_cpu=avg60=1.94 load=5.95,3.65,2.32 cpu_u=56744 n=0 s=59516 i=427492 io=146 irq=0 sirq=25833
[sys] 10:37:14 tcp_alloc=185648 tcp_mem_pages=6399 PruneCalled=0 RcvPruned=0 TCPRcvCollapsed=0 TCPAbortOnMemory=0 TCPMemoryPressures=0 TCPMemoryPressuresChrono=0 TCPBacklogDrop=0 TCPZeroWindowDrop=0 TCPRcvQDrop=0 MemAvailable:3076M SwapFree:1023M Dirty:0M Slab:822M psi_mem=avg60=0.00 psi_cpu=avg60=2.19 load=6.04,3.70,2.35 cpu_u=57818 n=0 s=60056 i=429611 io=149 irq=0 sirq=26159
  [diag] progress t=80s delivered=1492792 matched=1543185 events~=17 subscribed=88204 rss_mib=3723 swap_mib=0 fanout_done=false
[sys] 10:37:19 tcp_alloc=186905 tcp_mem_pages=33279 PruneCalled=0 RcvPruned=0 TCPRcvCollapsed=0 TCPAbortOnMemory=0 TCPMemoryPressures=0 TCPMemoryPressuresChrono=0 TCPBacklogDrop=0 TCPZeroWindowDrop=0 TCPRcvQDrop=0 MemAvailable:3045M SwapFree:1023M Dirty:0M Slab:826M psi_mem=avg60=0.00 psi_cpu=avg60=3.21 load=6.35,3.81,2.39 cpu_u=58379 n=0 s=60363 i=430669 io=149 irq=0 sirq=26543
[sys] 10:37:25 tcp_alloc=192821 tcp_mem_pages=30207 PruneCalled=0 RcvPruned=0 TCPRcvCollapsed=0 TCPAbortOnMemory=0 TCPMemoryPressures=0 TCPMemoryPressuresChrono=0 TCPBacklogDrop=0 TCPZeroWindowDrop=0 TCPRcvQDrop=0 MemAvailable:2946M SwapFree:1023M Dirty:0M Slab:856M psi_mem=avg60=0.00 psi_cpu=avg60=3.13 load=6.08,3.79,2.39 cpu_u=58987 n=0 s=61224 i=431754 io=150 irq=0 sirq=26829
  [diag] progress t=90s delivered=1559836 matched=1630661 events~=17 subscribed=92838 rss_mib=3783 swap_mib=0 fanout_done=false
[sys] 10:37:30 tcp_alloc=194666 tcp_mem_pages=19199 PruneCalled=0 RcvPruned=0 TCPRcvCollapsed=0 TCPAbortOnMemory=0 TCPMemoryPressures=0 TCPMemoryPressuresChrono=0 TCPBacklogDrop=0 TCPZeroWindowDrop=0 TCPRcvQDrop=0 MemAvailable:2959M SwapFree:1023M Dirty:0M Slab:850M psi_mem=avg60=0.00 psi_cpu=avg60=3.59 load=6.40,3.90,2.43 cpu_u=59911 n=0 s=61620 i=433127 io=150 irq=0 sirq=27131
[sys] 10:37:35 tcp_alloc=195294 tcp_mem_pages=25855 PruneCalled=0 RcvPruned=0 TCPRcvCollapsed=0 TCPAbortOnMemory=0 TCPMemoryPressures=0 TCPMemoryPressuresChrono=0 TCPBacklogDrop=0 TCPZeroWindowDrop=0 TCPRcvQDrop=0 MemAvailable:2945M SwapFree:1023M Dirty:0M Slab:853M psi_mem=avg60=0.00 psi_cpu=avg60=3.68 load=5.89,3.83,2.42 cpu_u=60417 n=0 s=61817 i=434058 io=154 irq=0 sirq=27489
  [diag] progress t=100s delivered=1636449 matched=1630661 events~=16 subscribed=95944 rss_mib=3860 swap_mib=0 fanout_done=false
[sys] 10:37:40 tcp_alloc=196008 tcp_mem_pages=26111 PruneCalled=0 RcvPruned=0 TCPRcvCollapsed=0 TCPAbortOnMemory=0 TCPMemoryPressures=0 TCPMemoryPressuresChrono=0 TCPBacklogDrop=0 TCPZeroWindowDrop=0 TCPRcvQDrop=0 MemAvailable:2916M SwapFree:1023M Dirty:0M Slab:851M psi_mem=avg60=0.00 psi_cpu=avg60=3.64 load=5.57,3.80,2.42 cpu_u=61222 n=0 s=62114 i=435925 io=154 irq=0 sirq=27794
[sys] 10:37:45 tcp_alloc=197990 tcp_mem_pages=10751 PruneCalled=0 RcvPruned=0 TCPRcvCollapsed=0 TCPAbortOnMemory=0 TCPMemoryPressures=0 TCPMemoryPressuresChrono=0 TCPBacklogDrop=0 TCPZeroWindowDrop=0 TCPRcvQDrop=0 MemAvailable:2847M SwapFree:1023M Dirty:0M Slab:852M psi_mem=avg60=0.00 psi_cpu=avg60=3.89 load=5.93,3.90,2.46 cpu_u=62084 n=0 s=62484 i=437408 io=155 irq=0 sirq=28180
  [diag] progress t=110s delivered=1971421 matched=1917023 events~=19 subscribed=98007 rss_mib=3900 swap_mib=0 fanout_done=false
[sys] 10:37:50 tcp_alloc=198148 tcp_mem_pages=2559 PruneCalled=0 RcvPruned=0 TCPRcvCollapsed=0 TCPAbortOnMemory=0 TCPMemoryPressures=0 TCPMemoryPressuresChrono=0 TCPBacklogDrop=0 TCPZeroWindowDrop=0 TCPRcvQDrop=0 MemAvailable:2804M SwapFree:1023M Dirty:0M Slab:846M psi_mem=avg60=0.00 psi_cpu=avg60=3.70 load=6.26,4.01,2.50 cpu_u=63884 n=0 s=63215 i=438809 io=155 irq=0 sirq=28719
[sys] 10:37:55 tcp_alloc=198846 tcp_mem_pages=23551 PruneCalled=0 RcvPruned=0 TCPRcvCollapsed=0 TCPAbortOnMemory=0 TCPMemoryPressures=0 TCPMemoryPressuresChrono=0 TCPBacklogDrop=0 TCPZeroWindowDrop=0 TCPRcvQDrop=0 MemAvailable:2745M SwapFree:1023M Dirty:0M Slab:858M psi_mem=avg60=0.00 psi_cpu=avg60=3.45 load=6.56,4.10,2.54 cpu_u=65414 n=0 s=63849 i=440263 io=155 irq=0 sirq=29236
  [diag] progress t=120s delivered=2534888 matched=2507777 events~=25 subscribed=98989 rss_mib=4003 swap_mib=0 fanout_done=false
[sys] 10:38:00 tcp_alloc=199305 tcp_mem_pages=3071 PruneCalled=0 RcvPruned=0 TCPRcvCollapsed=0 TCPAbortOnMemory=0 TCPMemoryPressures=0 TCPMemoryPressuresChrono=0 TCPBacklogDrop=0 TCPZeroWindowDrop=0 TCPRcvQDrop=0 MemAvailable:2689M SwapFree:1023M Dirty:0M Slab:842M psi_mem=avg60=0.00 psi_cpu=avg60=3.35 load=6.75,4.19,2.57 cpu_u=67100 n=0 s=64577 i=441513 io=155 irq=0 sirq=29770
[sys] 10:38:05 tcp_alloc=199305 tcp_mem_pages=17151 PruneCalled=0 RcvPruned=0 TCPRcvCollapsed=0 TCPAbortOnMemory=0 TCPMemoryPressures=0 TCPMemoryPressuresChrono=0 TCPBacklogDrop=0 TCPZeroWindowDrop=0 TCPRcvQDrop=0 MemAvailable:2556M SwapFree:1023M Dirty:0M Slab:852M psi_mem=avg60=0.00 psi_cpu=avg60=3.22 load=7.01,4.28,2.61 cpu_u=68520 n=0 s=65206 i=442605 io=155 irq=0 sirq=30303
  [diag] progress t=130s delivered=3211968 matched=3202215 events~=32 subscribed=99301 rss_mib=4304 swap_mib=0 fanout_done=false
[sys] 10:38:10 tcp_alloc=199420 tcp_mem_pages=35071 PruneCalled=0 RcvPruned=0 TCPRcvCollapsed=0 TCPAbortOnMemory=0 TCPMemoryPressures=0 TCPMemoryPressuresChrono=0 TCPBacklogDrop=0 TCPZeroWindowDrop=0 TCPRcvQDrop=0 MemAvailable:2377M SwapFree:1023M Dirty:0M Slab:873M psi_mem=avg60=0.00 psi_cpu=avg60=3.37 load=7.17,4.36,2.65 cpu_u=69474 n=0 s=65728 i=443601 io=155 irq=0 sirq=30734
[sys] 10:38:15 tcp_alloc=199530 tcp_mem_pages=7679 PruneCalled=0 RcvPruned=0 TCPRcvCollapsed=0 TCPAbortOnMemory=0 TCPMemoryPressures=0 TCPMemoryPressuresChrono=0 TCPBacklogDrop=0 TCPZeroWindowDrop=0 TCPRcvQDrop=0 MemAvailable:2449M SwapFree:1023M Dirty:0M Slab:852M psi_mem=avg60=0.00 psi_cpu=avg60=3.52 load=6.76,4.32,2.65 cpu_u=70254 n=0 s=66137 i=444689 io=155 irq=0 sirq=31060
  [diag] progress t=140s delivered=3477638 matched=3500296 events~=35 subscribed=99504 rss_mib=4313 swap_mib=0 fanout_done=false
[sys] 10:38:21 tcp_alloc=199530 tcp_mem_pages=7935 PruneCalled=0 RcvPruned=0 TCPRcvCollapsed=0 TCPAbortOnMemory=0 TCPMemoryPressures=0 TCPMemoryPressuresChrono=0 TCPBacklogDrop=0 TCPZeroWindowDrop=0 TCPRcvQDrop=0 MemAvailable:2462M SwapFree:1023M Dirty:0M Slab:846M psi_mem=avg60=0.00 psi_cpu=avg60=3.39 load=6.62,4.33,2.66 cpu_u=71623 n=0 s=66674 i=445879 io=156 irq=0 sirq=31515
[sys] 10:38:26 tcp_alloc=200026 tcp_mem_pages=8191 PruneCalled=0 RcvPruned=0 TCPRcvCollapsed=0 TCPAbortOnMemory=0 TCPMemoryPressures=0 TCPMemoryPressuresChrono=0 TCPBacklogDrop=0 TCPZeroWindowDrop=0 TCPRcvQDrop=0 MemAvailable:2461M SwapFree:1023M Dirty:0M Slab:849M psi_mem=avg60=0.00 psi_cpu=avg60=3.64 load=6.81,4.41,2.69 cpu_u=72523 n=0 s=67020 i=446525 io=156 irq=0 sirq=32003
  [diag] progress t=150s delivered=3708506 matched=3799302 events~=37 subscribed=100000 rss_mib=4360 swap_mib=0 fanout_done=false
[sys] 10:38:31 tcp_alloc=200026 tcp_mem_pages=42239 PruneCalled=0 RcvPruned=0 TCPRcvCollapsed=0 TCPAbortOnMemory=0 TCPMemoryPressures=0 TCPMemoryPressuresChrono=0 TCPBacklogDrop=0 TCPZeroWindowDrop=0 TCPRcvQDrop=0 MemAvailable:2362M SwapFree:1023M Dirty:0M Slab:882M psi_mem=avg60=0.00 psi_cpu=avg60=3.60 load=6.98,4.49,2.73 cpu_u=73412 n=0 s=67317 i=447326 io=156 irq=0 sirq=32435
[sys] 10:38:36 tcp_alloc=200026 tcp_mem_pages=7935 PruneCalled=0 RcvPruned=0 TCPRcvCollapsed=0 TCPAbortOnMemory=0 TCPMemoryPressures=0 TCPMemoryPressuresChrono=0 TCPBacklogDrop=0 TCPZeroWindowDrop=0 TCPRcvQDrop=0 MemAvailable:2443M SwapFree:1023M Dirty:0M Slab:852M psi_mem=avg60=0.00 psi_cpu=avg60=3.41 load=6.98,4.53,2.75 cpu_u=74572 n=0 s=67725 i=448773 io=156 irq=0 sirq=32809
  [diag] progress t=160s delivered=3913273 matched=3999302 events~=39 subscribed=100000 rss_mib=4404 swap_mib=0 fanout_done=false
[sys] 10:38:41 tcp_alloc=200026 tcp_mem_pages=35583 PruneCalled=0 RcvPruned=0 TCPRcvCollapsed=0 TCPAbortOnMemory=0 TCPMemoryPressures=0 TCPMemoryPressuresChrono=0 TCPBacklogDrop=0 TCPZeroWindowDrop=0 TCPRcvQDrop=0 MemAvailable:2336M SwapFree:1023M Dirty:0M Slab:876M psi_mem=avg60=0.00 psi_cpu=avg60=3.39 load=7.23,4.62,2.79 cpu_u=75206 n=0 s=67937 i=449307 io=156 irq=0 sirq=33265
[sys] 10:38:46 tcp_alloc=200026 tcp_mem_pages=17407 PruneCalled=0 RcvPruned=0 TCPRcvCollapsed=0 TCPAbortOnMemory=0 TCPMemoryPressures=0 TCPMemoryPressuresChrono=0 TCPBacklogDrop=0 TCPZeroWindowDrop=0 TCPRcvQDrop=0 MemAvailable:2325M SwapFree:1023M Dirty:0M Slab:864M psi_mem=avg60=0.00 psi_cpu=avg60=3.22 load=6.81,4.58,2.78 cpu_u=76507 n=0 s=68443 i=450704 io=156 irq=0 sirq=33679
  [diag] progress t=170s delivered=4217637 matched=4299302 events~=42 subscribed=100000 rss_mib=4444 swap_mib=0 fanout_done=false
[sys] 10:38:51 tcp_alloc=200026 tcp_mem_pages=22783 PruneCalled=0 RcvPruned=0 TCPRcvCollapsed=0 TCPAbortOnMemory=0 TCPMemoryPressures=0 TCPMemoryPressuresChrono=0 TCPBacklogDrop=0 TCPZeroWindowDrop=0 TCPRcvQDrop=0 MemAvailable:2305M SwapFree:1023M Dirty:0M Slab:875M psi_mem=avg60=0.00 psi_cpu=avg60=3.08 load=7.14,4.68,2.83 cpu_u=77912 n=0 s=69039 i=451942 io=156 irq=0 sirq=34148
[sys] 10:38:56 tcp_alloc=200026 tcp_mem_pages=5375 PruneCalled=0 RcvPruned=0 TCPRcvCollapsed=0 TCPAbortOnMemory=0 TCPMemoryPressures=0 TCPMemoryPressuresChrono=0 TCPBacklogDrop=0 TCPZeroWindowDrop=0 TCPRcvQDrop=0 MemAvailable:2291M SwapFree:1023M Dirty:0M Slab:844M psi_mem=avg60=0.00 psi_cpu=avg60=2.91 load=7.37,4.77,2.87 cpu_u=79619 n=0 s=69664 i=453266 io=157 irq=0 sirq=34627
  [diag] progress t=180s delivered=4537529 matched=4599302 events~=45 subscribed=100000 rss_mib=4418 swap_mib=0 fanout_done=false
[sys] 10:39:01 tcp_alloc=200026 tcp_mem_pages=5887 PruneCalled=0 RcvPruned=0 TCPRcvCollapsed=0 TCPAbortOnMemory=0 TCPMemoryPressures=0 TCPMemoryPressuresChrono=0 TCPBacklogDrop=0 TCPZeroWindowDrop=0 TCPRcvQDrop=0 MemAvailable:2287M SwapFree:1023M Dirty:0M Slab:851M psi_mem=avg60=0.00 psi_cpu=avg60=2.85 load=7.58,4.86,2.91 cpu_u=80736 n=0 s=70049 i=454453 io=157 irq=0 sirq=35024
[sys] 10:39:06 tcp_alloc=200026 tcp_mem_pages=1791 PruneCalled=0 RcvPruned=0 TCPRcvCollapsed=0 TCPAbortOnMemory=0 TCPMemoryPressures=0 TCPMemoryPressuresChrono=0 TCPBacklogDrop=0 TCPZeroWindowDrop=0 TCPRcvQDrop=0 MemAvailable:2282M SwapFree:1023M Dirty:0M Slab:845M psi_mem=avg60=0.00 psi_cpu=avg60=2.83 load=7.78,4.94,2.94 cpu_u=81943 n=0 s=70466 i=455599 io=157 irq=0 sirq=35481
  [diag] progress t=190s delivered=4799380 matched=4799302 events~=47 subscribed=100000 rss_mib=4481 swap_mib=0 fanout_done=false
[sys] 10:39:11 tcp_alloc=200026 tcp_mem_pages=10751 PruneCalled=0 RcvPruned=0 TCPRcvCollapsed=0 TCPAbortOnMemory=0 TCPMemoryPressures=0 TCPMemoryPressuresChrono=0 TCPBacklogDrop=0 TCPZeroWindowDrop=0 TCPRcvQDrop=0 MemAvailable:2286M SwapFree:1023M Dirty:0M Slab:850M psi_mem=avg60=0.00 psi_cpu=avg60=2.75 load=8.03,5.05,2.99 cpu_u=83149 n=0 s=70879 i=456644 io=157 irq=0 sirq=35912
[sys] 10:39:16 tcp_alloc=200026 tcp_mem_pages=7935 PruneCalled=0 RcvPruned=0 TCPRcvCollapsed=0 TCPAbortOnMemory=0 TCPMemoryPressures=0 TCPMemoryPressuresChrono=0 TCPBacklogDrop=0 TCPZeroWindowDrop=0 TCPRcvQDrop=0 MemAvailable:2256M SwapFree:1023M Dirty:0M Slab:850M psi_mem=avg60=0.00 psi_cpu=avg60=2.70 load=8.19,5.13,3.03 cpu_u=84366 n=0 s=71312 i=457850 io=157 irq=0 sirq=36342
  [diag] progress t=200s delivered=5046002 matched=5099302 events~=50 subscribed=100000 rss_mib=4504 swap_mib=0 fanout_done=false
[sys] 10:39:22 tcp_alloc=200026 tcp_mem_pages=3071 PruneCalled=0 RcvPruned=0 TCPRcvCollapsed=0 TCPAbortOnMemory=0 TCPMemoryPressures=0 TCPMemoryPressuresChrono=0 TCPBacklogDrop=0 TCPZeroWindowDrop=0 TCPRcvQDrop=0 MemAvailable:2209M SwapFree:1023M Dirty:0M Slab:851M psi_mem=avg60=0.00 psi_cpu=avg60=2.66 load=8.26,5.19,3.06 cpu_u=85457 n=0 s=71704 i=459078 io=157 irq=0 sirq=36767
[sys] 10:39:27 tcp_alloc=200026 tcp_mem_pages=6399 PruneCalled=0 RcvPruned=0 TCPRcvCollapsed=0 TCPAbortOnMemory=0 TCPMemoryPressures=0 TCPMemoryPressuresChrono=0 TCPBacklogDrop=0 TCPZeroWindowDrop=0 TCPRcvQDrop=0 MemAvailable:2250M SwapFree:1023M Dirty:0M Slab:852M psi_mem=avg60=0.00 psi_cpu=avg60=2.62 load=8.32,5.26,3.09 cpu_u=86669 n=0 s=72090 i=460118 io=158 irq=0 sirq=37175
  [diag] progress t=210s delivered=5219973 matched=5299302 events~=52 subscribed=100000 rss_mib=4517 swap_mib=0 fanout_done=false
[sys] 10:39:32 tcp_alloc=200026 tcp_mem_pages=38399 PruneCalled=0 RcvPruned=0 TCPRcvCollapsed=0 TCPAbortOnMemory=0 TCPMemoryPressures=0 TCPMemoryPressuresChrono=0 TCPBacklogDrop=0 TCPZeroWindowDrop=0 TCPRcvQDrop=0 MemAvailable:2183M SwapFree:1023M Dirty:0M Slab:879M psi_mem=avg60=0.00 psi_cpu=avg60=2.75 load=8.83,5.46,3.18 cpu_u=87237 n=0 s=72315 i=460789 io=158 irq=0 sirq=37538
[sys] 10:39:37 tcp_alloc=200026 tcp_mem_pages=6399 PruneCalled=0 RcvPruned=0 TCPRcvCollapsed=0 TCPAbortOnMemory=0 TCPMemoryPressures=0 TCPMemoryPressuresChrono=0 TCPBacklogDrop=0 TCPZeroWindowDrop=0 TCPRcvQDrop=0 MemAvailable:2216M SwapFree:1023M Dirty:0M Slab:852M psi_mem=avg60=0.00 psi_cpu=avg60=2.71 load=8.92,5.54,3.22 cpu_u=88198 n=0 s=72616 i=462078 io=159 irq=0 sirq=37833
  [diag] progress t=220s delivered=5319358 matched=5399302 events~=53 subscribed=100000 rss_mib=4551 swap_mib=0 fanout_done=false
[sys] 10:39:42 tcp_alloc=200026 tcp_mem_pages=22783 PruneCalled=0 RcvPruned=0 TCPRcvCollapsed=0 TCPAbortOnMemory=0 TCPMemoryPressures=0 TCPMemoryPressuresChrono=0 TCPBacklogDrop=0 TCPZeroWindowDrop=0 TCPRcvQDrop=0 MemAvailable:2228M SwapFree:1023M Dirty:0M Slab:873M psi_mem=avg60=0.00 psi_cpu=avg60=2.67 load=9.01,5.61,3.26 cpu_u=89288 n=0 s=72961 i=463363 io=159 irq=0 sirq=38196
[sys] 10:39:47 tcp_alloc=200026 tcp_mem_pages=5887 PruneCalled=0 RcvPruned=0 TCPRcvCollapsed=0 TCPAbortOnMemory=0 TCPMemoryPressures=0 TCPMemoryPressuresChrono=0 TCPBacklogDrop=0 TCPZeroWindowDrop=0 TCPRcvQDrop=0 MemAvailable:2281M SwapFree:1023M Dirty:0M Slab:850M psi_mem=avg60=0.00 psi_cpu=avg60=2.54 load=9.09,5.69,3.29 cpu_u=90342 n=0 s=73433 i=464703 io=159 irq=0 sirq=38616
  [diag] progress t=230s delivered=5591404 matched=5599302 events~=55 subscribed=100000 rss_mib=4511 swap_mib=0 fanout_done=false
[sys] 10:39:52 tcp_alloc=200026 tcp_mem_pages=43519 PruneCalled=0 RcvPruned=0 TCPRcvCollapsed=0 TCPAbortOnMemory=0 TCPMemoryPressures=0 TCPMemoryPressuresChrono=0 TCPBacklogDrop=0 TCPZeroWindowDrop=0 TCPRcvQDrop=0 MemAvailable:2238M SwapFree:1023M Dirty:0M Slab:885M psi_mem=avg60=0.00 psi_cpu=avg60=2.47 load=9.00,5.72,3.32 cpu_u=92191 n=0 s=74040 i=465988 io=159 irq=0 sirq=39130
[sys] 10:39:57 tcp_alloc=200026 tcp_mem_pages=6143 PruneCalled=0 RcvPruned=0 TCPRcvCollapsed=0 TCPAbortOnMemory=0 TCPMemoryPressures=0 TCPMemoryPressuresChrono=0 TCPBacklogDrop=0 TCPZeroWindowDrop=0 TCPRcvQDrop=0 MemAvailable:2241M SwapFree:1023M Dirty:0M Slab:858M psi_mem=avg60=0.00 psi_cpu=avg60=2.33 load=9.08,5.80,3.35 cpu_u=93862 n=0 s=74615 i=467509 io=160 irq=0 sirq=39537
  [diag] progress t=240s delivered=5968741 matched=5999302 events~=59 subscribed=100000 rss_mib=4555 swap_mib=0 fanout_done=false
[sys] 10:40:02 tcp_alloc=200026 tcp_mem_pages=20223 PruneCalled=0 RcvPruned=0 TCPRcvCollapsed=0 TCPAbortOnMemory=0 TCPMemoryPressures=0 TCPMemoryPressuresChrono=0 TCPBacklogDrop=0 TCPZeroWindowDrop=0 TCPRcvQDrop=0 MemAvailable:2264M SwapFree:1023M Dirty:0M Slab:859M psi_mem=avg60=0.00 psi_cpu=avg60=2.37 load=8.43,5.72,3.34 cpu_u=95200 n=0 s=75072 i=468906 io=160 irq=0 sirq=39985
[sys] 10:40:07 tcp_alloc=200026 tcp_mem_pages=38911 PruneCalled=0 RcvPruned=0 TCPRcvCollapsed=0 TCPAbortOnMemory=0 TCPMemoryPressures=0 TCPMemoryPressuresChrono=0 TCPBacklogDrop=0 TCPZeroWindowDrop=0 TCPRcvQDrop=0 MemAvailable:2223M SwapFree:1023M Dirty:0M Slab:882M psi_mem=avg60=0.00 psi_cpu=avg60=2.59 load=8.56,5.79,3.38 cpu_u=96044 n=0 s=75288 i=469661 io=160 irq=0 sirq=40301
  [diag] progress t=250s delivered=6085585 matched=6199302 events~=61 subscribed=100000 rss_mib=4513 swap_mib=0 fanout_done=false
[sys] 10:40:13 tcp_alloc=200026 tcp_mem_pages=8191 PruneCalled=0 RcvPruned=0 TCPRcvCollapsed=0 TCPAbortOnMemory=0 TCPMemoryPressures=0 TCPMemoryPressuresChrono=0 TCPBacklogDrop=0 TCPZeroWindowDrop=0 TCPRcvQDrop=0 MemAvailable:2238M SwapFree:1023M Dirty:0M Slab:857M psi_mem=avg60=0.00 psi_cpu=avg60=2.59 load=8.68,5.86,3.41 cpu_u=96685 n=0 s=75553 i=471055 io=160 irq=0 sirq=40631
[sys] 10:40:18 tcp_alloc=200026 tcp_mem_pages=26879 PruneCalled=0 RcvPruned=0 TCPRcvCollapsed=0 TCPAbortOnMemory=0 TCPMemoryPressures=0 TCPMemoryPressuresChrono=0 TCPBacklogDrop=0 TCPZeroWindowDrop=0 TCPRcvQDrop=0 MemAvailable:2207M SwapFree:1023M Dirty:0M Slab:866M psi_mem=avg60=0.00 psi_cpu=avg60=2.62 load=8.78,5.93,3.45 cpu_u=97188 n=0 s=75746 i=471855 io=161 irq=0 sirq=41025
  [diag] progress t=260s delivered=6147285 matched=6199302 events~=61 subscribed=100000 rss_mib=4553 swap_mib=0 fanout_done=false
[sys] 10:40:23 tcp_alloc=200026 tcp_mem_pages=34047 PruneCalled=0 RcvPruned=0 TCPRcvCollapsed=0 TCPAbortOnMemory=0 TCPMemoryPressures=0 TCPMemoryPressuresChrono=0 TCPBacklogDrop=0 TCPZeroWindowDrop=0 TCPRcvQDrop=0 MemAvailable:2184M SwapFree:1023M Dirty:0M Slab:875M psi_mem=avg60=0.00 psi_cpu=avg60=2.68 load=8.96,6.01,3.49 cpu_u=97723 n=0 s=75942 i=472850 io=161 irq=0 sirq=41369
[sys] 10:40:28 tcp_alloc=200026 tcp_mem_pages=16383 PruneCalled=0 RcvPruned=0 TCPRcvCollapsed=0 TCPAbortOnMemory=0 TCPMemoryPressures=0 TCPMemoryPressuresChrono=0 TCPBacklogDrop=0 TCPZeroWindowDrop=0 TCPRcvQDrop=0 MemAvailable:2269M SwapFree:1023M Dirty:0M Slab:855M psi_mem=avg60=0.00 psi_cpu=avg60=2.61 load=9.04,6.08,3.52 cpu_u=98998 n=0 s=76356 i=474534 io=162 irq=0 sirq=41744
  [diag] progress t=270s delivered=6262974 matched=6299302 events~=62 subscribed=100000 rss_mib=4513 swap_mib=0 fanout_done=false
[sys] 10:40:33 tcp_alloc=200026 tcp_mem_pages=3071 PruneCalled=0 RcvPruned=0 TCPRcvCollapsed=0 TCPAbortOnMemory=0 TCPMemoryPressures=0 TCPMemoryPressuresChrono=0 TCPBacklogDrop=0 TCPZeroWindowDrop=0 TCPRcvQDrop=0 MemAvailable:2271M SwapFree:1023M Dirty:0M Slab:853M psi_mem=avg60=0.00 psi_cpu=avg60=2.68 load=9.04,6.13,3.55 cpu_u=99843 n=0 s=76679 i=475852 io=162 irq=0 sirq=42116
[sys] 10:40:38 tcp_alloc=200026 tcp_mem_pages=19455 PruneCalled=0 RcvPruned=0 TCPRcvCollapsed=0 TCPAbortOnMemory=0 TCPMemoryPressures=0 TCPMemoryPressuresChrono=0 TCPBacklogDrop=0 TCPZeroWindowDrop=0 TCPRcvQDrop=0 MemAvailable:2214M SwapFree:1023M Dirty:0M Slab:858M psi_mem=avg60=0.00 psi_cpu=avg60=2.74 load=9.04,6.17,3.58 cpu_u=100655 n=0 s=76925 i=476800 io=162 irq=0 sirq=42480
  [diag] progress t=280s delivered=6361256 matched=6399302 events~=63 subscribed=100000 rss_mib=4559 swap_mib=0 fanout_done=false
[sys] 10:40:43 tcp_alloc=200026 tcp_mem_pages=5119 PruneCalled=0 RcvPruned=0 TCPRcvCollapsed=0 TCPAbortOnMemory=0 TCPMemoryPressures=0 TCPMemoryPressuresChrono=0 TCPBacklogDrop=0 TCPZeroWindowDrop=0 TCPRcvQDrop=0 MemAvailable:2262M SwapFree:1023M Dirty:0M Slab:855M psi_mem=avg60=0.00 psi_cpu=avg60=2.76 load=9.03,6.22,3.61 cpu_u=101663 n=0 s=77172 i=477719 io=162 irq=0 sirq=42802
  [diag] progress t=290s delivered=6441159 matched=6499302 events~=64 subscribed=100000 rss_mib=4526 swap_mib=0 fanout_done=false
[sys] 10:40:49 tcp_alloc=200026 tcp_mem_pages=28159 PruneCalled=0 RcvPruned=0 TCPRcvCollapsed=0 TCPAbortOnMemory=0 TCPMemoryPressures=0 TCPMemoryPressuresChrono=0 TCPBacklogDrop=0 TCPZeroWindowDrop=0 TCPRcvQDrop=0 MemAvailable:2235M SwapFree:1023M Dirty:0M Slab:868M psi_mem=avg60=0.00 psi_cpu=avg60=2.74 load=8.47,6.15,3.60 cpu_u=102555 n=0 s=77455 i=478721 io=162 irq=0 sirq=43295
[sys] 10:40:54 tcp_alloc=200026 tcp_mem_pages=7167 PruneCalled=0 RcvPruned=0 TCPRcvCollapsed=0 TCPAbortOnMemory=0 TCPMemoryPressures=0 TCPMemoryPressuresChrono=0 TCPBacklogDrop=0 TCPZeroWindowDrop=0 TCPRcvQDrop=0 MemAvailable:2275M SwapFree:1023M Dirty:0M Slab:851M psi_mem=avg60=0.00 psi_cpu=avg60=2.70 load=8.51,6.20,3.63 cpu_u=103561 n=0 s=77849 i=480104 io=162 irq=0 sirq=43716
  [diag] progress t=300s delivered=6581545 matched=6599302 events~=65 subscribed=100000 rss_mib=4572 swap_mib=0 fanout_done=false
  [diag] at window end: connected=100000 subscribed=100000 connect_failed=0 subscribed_at_start=79858 late_subscribers=20142 (late subscribers' pre-subscribe events stay in the drop count)
  [diag] router: matched=6599302 delivered=6599302 dropped=0 faulted=0 events_fanned_out~=65 (matched/subscribed)
  [diag] undelivered breakdown (events): never_connected_x_events=0 pre_subscribe_or_not_yet_fanned_out=43400698 router_dropped=0 router_faulted=0 in_flight_or_unaccounted=17568 sum=43418266 (attempted-delivered=43418266)
  [diag] completed=false (delivered 6581734 of 50000000 before the 300s window) peak_rss_mib=4572
  [diag] finish: fanout_done=false reachable=6599302 delivered=6581734 elapsed_to_finish=n/a
  [diag] stages events=69 match=1340.51ms/ev deliver=2943.84ms/ev ack_scan=33.44ms/ev busy=297.93s wall=300.04s busy_frac=0.993
  [diag] cpu proc_cpu=2242.44s wall=300.04s cores_used=7.47 nproc=10
  [diag] fanout_task_finished=false (true = replicator budget exhausted before the window closed)
[sys] 10:40:59 tcp_alloc=199694 tcp_mem_pages=15359 PruneCalled=0 RcvPruned=0 TCPRcvCollapsed=0 TCPAbortOnMemory=0 TCPMemoryPressures=0 TCPMemoryPressuresChrono=0 TCPBacklogDrop=0 TCPZeroWindowDrop=0 TCPRcvQDrop=0 MemAvailable:2209M SwapFree:1023M Dirty:0M Slab:854M psi_mem=avg60=0.00 psi_cpu=avg60=2.65 load=8.07,6.14,3.63 cpu_u=104587 n=0 s=78210 i=481489 io=163 irq=0 sirq=44092

=== nostos-bench-10k probe ===
  clients   : 100000
  events    : 500 (attempted deliveries: 50000000)
  window    : 300s
  ---------------------------
  delivered : 6581734
  ops/sec   : 21936
  drop%     : 86.84
  elapsed   : 300.04s
  elapsed_to_finish : n/a (window expired)
  ops/sec (finish)  : n/a
SOAK rc=0 10:41:03
HOST tier=100000 end 20:41:04 load1=22.64 rc=0
HOST tier=100000 start 20:43:34 load1=7.23 waited=120s
env: Linux 7.0.12-linuxkit aarch64 nproc=10 nofile=1048576 mem=8124516kB swap=1048572kB tcp_rmem=4096-131072-33554432 tcp_wmem=4096-16384-4194304
SOAK start 10:43:34 clients=100000 events=500 window=300 ack=1 listeners=2
  [diag] listeners: ws://127.0.0.1:8385/sync ws://127.0.0.2:14321/sync
[sys] 10:43:34 tcp_alloc=26 tcp_mem_pages=1535 PruneCalled=0 RcvPruned=0 TCPRcvCollapsed=0 TCPAbortOnMemory=0 TCPMemoryPressures=0 TCPMemoryPressuresChrono=0 TCPBacklogDrop=0 TCPZeroWindowDrop=0 TCPRcvQDrop=0 MemAvailable:7372M SwapFree:1023M Dirty:0M Slab:116M psi_mem=avg60=0.00 psi_cpu=avg60=0.22 load=0.61,3.66,3.07 cpu_u=104839 n=0 s=78628 i=635492 io=173 irq=0 sirq=44319
[sys] 10:43:39 tcp_alloc=94544 tcp_mem_pages=50943 PruneCalled=0 RcvPruned=0 TCPRcvCollapsed=0 TCPAbortOnMemory=0 TCPMemoryPressures=0 TCPMemoryPressuresChrono=0 TCPBacklogDrop=0 TCPZeroWindowDrop=0 TCPRcvQDrop=0 MemAvailable:6041M SwapFree:1023M Dirty:0M Slab:490M psi_mem=avg60=0.00 psi_cpu=avg60=0.33 load=1.36,3.77,3.11 cpu_u=104998 n=0 s=81986 i=635942 io=173 irq=0 sirq=44405
[sys] 10:43:44 tcp_alloc=103618 tcp_mem_pages=52991 PruneCalled=0 RcvPruned=0 TCPRcvCollapsed=0 TCPAbortOnMemory=0 TCPMemoryPressures=0 TCPMemoryPressuresChrono=0 TCPBacklogDrop=0 TCPZeroWindowDrop=0 TCPRcvQDrop=0 MemAvailable:5956M SwapFree:1023M Dirty:0M Slab:525M psi_mem=avg60=0.00 psi_cpu=avg60=0.46 load=2.05,3.87,3.14 cpu_u=105037 n=0 s=85514 i=636147 io=173 irq=0 sirq=44440
[sys] 10:43:49 tcp_alloc=112450 tcp_mem_pages=56575 PruneCalled=0 RcvPruned=0 TCPRcvCollapsed=0 TCPAbortOnMemory=0 TCPMemoryPressures=0 TCPMemoryPressuresChrono=0 TCPBacklogDrop=0 TCPZeroWindowDrop=0 TCPRcvQDrop=0 MemAvailable:5869M SwapFree:1023M Dirty:0M Slab:560M psi_mem=avg60=0.00 psi_cpu=avg60=0.49 load=2.69,3.97,3.18 cpu_u=105081 n=0 s=89050 i=636242 io=173 irq=0 sirq=44469
[sys] 10:43:54 tcp_alloc=120969 tcp_mem_pages=62207 PruneCalled=0 RcvPruned=0 TCPRcvCollapsed=0 TCPAbortOnMemory=0 TCPMemoryPressures=0 TCPMemoryPressuresChrono=0 TCPBacklogDrop=0 TCPZeroWindowDrop=0 TCPRcvQDrop=0 MemAvailable:5790M SwapFree:1023M Dirty:0M Slab:599M psi_mem=avg60=0.00 psi_cpu=avg60=0.54 load=3.28,4.07,3.22 cpu_u=105118 n=0 s=92582 i=636341 io=173 irq=0 sirq=44493
[sys] 10:43:59 tcp_alloc=129479 tcp_mem_pages=67327 PruneCalled=0 RcvPruned=0 TCPRcvCollapsed=0 TCPAbortOnMemory=0 TCPMemoryPressures=0 TCPMemoryPressuresChrono=0 TCPBacklogDrop=0 TCPZeroWindowDrop=0 TCPRcvQDrop=0 MemAvailable:5721M SwapFree:1023M Dirty:0M Slab:639M psi_mem=avg60=0.00 psi_cpu=avg60=0.55 load=3.82,4.17,3.25 cpu_u=105156 n=0 s=96313 i=636448 io=173 irq=0 sirq=44513
[sys] 10:44:04 tcp_alloc=145655 tcp_mem_pages=56063 PruneCalled=0 RcvPruned=0 TCPRcvCollapsed=0 TCPAbortOnMemory=0 TCPMemoryPressures=0 TCPMemoryPressuresChrono=0 TCPBacklogDrop=0 TCPZeroWindowDrop=0 TCPRcvQDrop=0 MemAvailable:4783M SwapFree:1023M Dirty:0M Slab:716M psi_mem=avg60=0.00 psi_cpu=avg60=0.71 load=4.31,4.27,3.29 cpu_u=105666 n=0 s=98642 i=637775 io=173 irq=0 sirq=44670
[sys] 10:44:09 tcp_alloc=159241 tcp_mem_pages=42239 PruneCalled=0 RcvPruned=0 TCPRcvCollapsed=0 TCPAbortOnMemory=0 TCPMemoryPressures=0 TCPMemoryPressuresChrono=0 TCPBacklogDrop=0 TCPZeroWindowDrop=0 TCPRcvQDrop=0 MemAvailable:4365M SwapFree:1023M Dirty:0M Slab:763M psi_mem=avg60=0.00 psi_cpu=avg60=0.74 load=3.97,4.20,3.27 cpu_u=105882 n=0 s=98815 i=642241 io=173 irq=0 sirq=44752
[sys] 10:44:14 tcp_alloc=166901 tcp_mem_pages=33279 PruneCalled=0 RcvPruned=0 TCPRcvCollapsed=0 TCPAbortOnMemory=0 TCPMemoryPressures=0 TCPMemoryPressuresChrono=0 TCPBacklogDrop=0 TCPZeroWindowDrop=0 TCPRcvQDrop=0 MemAvailable:4124M SwapFree:1023M Dirty:0M Slab:789M psi_mem=avg60=0.00 psi_cpu=avg60=0.72 load=3.65,4.13,3.26 cpu_u=106068 n=0 s=98946 i=646787 io=174 irq=0 sirq=44827
[sys] 10:44:19 tcp_alloc=170511 tcp_mem_pages=30207 PruneCalled=0 RcvPruned=0 TCPRcvCollapsed=0 TCPAbortOnMemory=0 TCPMemoryPressures=0 TCPMemoryPressuresChrono=0 TCPBacklogDrop=0 TCPZeroWindowDrop=0 TCPRcvQDrop=0 MemAvailable:4005M SwapFree:1023M Dirty:0M Slab:802M psi_mem=avg60=0.00 psi_cpu=avg60=0.65 load=3.35,4.06,3.24 cpu_u=106153 n=0 s=99032 i=651587 io=174 irq=0 sirq=44855
[sys] 10:44:24 tcp_alloc=171335 tcp_mem_pages=29439 PruneCalled=0 RcvPruned=0 TCPRcvCollapsed=0 TCPAbortOnMemory=0 TCPMemoryPressures=0 TCPMemoryPressuresChrono=0 TCPBacklogDrop=0 TCPZeroWindowDrop=0 TCPRcvQDrop=0 MemAvailable:3982M SwapFree:1023M Dirty:0M Slab:805M psi_mem=avg60=0.00 psi_cpu=avg60=0.61 load=3.09,3.99,3.22 cpu_u=106175 n=0 s=99046 i=656553 io=174 irq=0 sirq=44861
[sys] 10:44:29 tcp_alloc=172481 tcp_mem_pages=28671 PruneCalled=0 RcvPruned=0 TCPRcvCollapsed=0 TCPAbortOnMemory=0 TCPMemoryPressures=0 TCPMemoryPressuresChrono=0 TCPBacklogDrop=0 TCPZeroWindowDrop=0 TCPRcvQDrop=0 MemAvailable:3948M SwapFree:1023M Dirty:0M Slab:808M psi_mem=avg60=0.00 psi_cpu=avg60=0.55 load=2.84,3.92,3.20 cpu_u=106203 n=0 s=99063 i=661487 io=174 irq=0 sirq=44875
[sys] 10:44:34 tcp_alloc=172503 tcp_mem_pages=28671 PruneCalled=0 RcvPruned=0 TCPRcvCollapsed=0 TCPAbortOnMemory=0 TCPMemoryPressures=0 TCPMemoryPressuresChrono=0 TCPBacklogDrop=0 TCPZeroWindowDrop=0 TCPRcvQDrop=0 MemAvailable:3948M SwapFree:1023M Dirty:0M Slab:808M psi_mem=avg60=0.00 psi_cpu=avg60=0.51 load=2.61,3.86,3.18 cpu_u=106205 n=0 s=99067 i=666497 io=174 irq=0 sirq=44876
[sys] 10:44:39 tcp_alloc=172560 tcp_mem_pages=28671 PruneCalled=0 RcvPruned=0 TCPRcvCollapsed=0 TCPAbortOnMemory=0 TCPMemoryPressures=0 TCPMemoryPressuresChrono=0 TCPBacklogDrop=0 TCPZeroWindowDrop=0 TCPRcvQDrop=0 MemAvailable:3947M SwapFree:1023M Dirty:0M Slab:808M psi_mem=avg60=0.00 psi_cpu=avg60=0.46 load=2.40,3.79,3.17 cpu_u=106208 n=0 s=99069 i=671498 io=174 irq=0 sirq=44877
[sys] 10:44:45 tcp_alloc=180743 tcp_mem_pages=20479 PruneCalled=0 RcvPruned=0 TCPRcvCollapsed=0 TCPAbortOnMemory=0 TCPMemoryPressures=0 TCPMemoryPressuresChrono=0 TCPBacklogDrop=0 TCPZeroWindowDrop=0 TCPRcvQDrop=0 MemAvailable:3685M SwapFree:1023M Dirty:0M Slab:833M psi_mem=avg60=0.00 psi_cpu=avg60=0.46 load=2.21,3.73,3.15 cpu_u=106357 n=0 s=99170 i=676158 io=174 irq=0 sirq=44953
[sys] 10:44:50 tcp_alloc=181062 tcp_mem_pages=20223 PruneCalled=0 RcvPruned=0 TCPRcvCollapsed=0 TCPAbortOnMemory=0 TCPMemoryPressures=0 TCPMemoryPressuresChrono=0 TCPBacklogDrop=0 TCPZeroWindowDrop=0 TCPRcvQDrop=0 MemAvailable:3676M SwapFree:1023M Dirty:0M Slab:834M psi_mem=avg60=0.00 psi_cpu=avg60=0.42 load=2.03,3.67,3.13 cpu_u=106364 n=0 s=99176 i=681144 io=175 irq=0 sirq=44956
[sys] 10:44:55 tcp_alloc=181260 tcp_mem_pages=19455 PruneCalled=0 RcvPruned=0 TCPRcvCollapsed=0 TCPAbortOnMemory=0 TCPMemoryPressures=0 TCPMemoryPressuresChrono=0 TCPBacklogDrop=0 TCPZeroWindowDrop=0 TCPRcvQDrop=0 MemAvailable:3669M SwapFree:1023M Dirty:0M Slab:834M psi_mem=avg60=0.00 psi_cpu=avg60=0.39 load=1.87,3.61,3.12 cpu_u=106369 n=0 s=99179 i=686139 io=175 irq=0 sirq=44957
[sys] 10:45:00 tcp_alloc=181545 tcp_mem_pages=19455 PruneCalled=0 RcvPruned=0 TCPRcvCollapsed=0 TCPAbortOnMemory=0 TCPMemoryPressures=0 TCPMemoryPressuresChrono=0 TCPBacklogDrop=0 TCPZeroWindowDrop=0 TCPRcvQDrop=0 MemAvailable:3654M SwapFree:1023M Dirty:0M Slab:834M psi_mem=avg60=0.00 psi_cpu=avg60=0.35 load=1.72,3.55,3.10 cpu_u=106391 n=0 s=99202 i=691091 io=175 irq=0 sirq=44963
  [diag] subscribe quorum after 86.31s: connected=81519 subscribed=81519 connect_failed=0 complete=false (ceiling 500s, stall 5s)
[sys] 10:45:05 tcp_alloc=181545 tcp_mem_pages=41471 PruneCalled=0 RcvPruned=0 TCPRcvCollapsed=0 TCPAbortOnMemory=0 TCPMemoryPressures=0 TCPMemoryPressuresChrono=0 TCPBacklogDrop=0 TCPZeroWindowDrop=0 TCPRcvQDrop=0 MemAvailable:3502M SwapFree:1023M Dirty:0M Slab:833M psi_mem=avg60=0.00 psi_cpu=avg60=0.40 load=2.22,3.62,3.13 cpu_u=107351 n=0 s=99510 i=693809 io=175 irq=0 sirq=45261
[sys] 10:45:10 tcp_alloc=181545 tcp_mem_pages=23807 PruneCalled=0 RcvPruned=0 TCPRcvCollapsed=0 TCPAbortOnMemory=0 TCPMemoryPressures=0 TCPMemoryPressuresChrono=0 TCPBacklogDrop=0 TCPZeroWindowDrop=0 TCPRcvQDrop=0 MemAvailable:3405M SwapFree:1023M Dirty:0M Slab:831M psi_mem=avg60=0.00 psi_cpu=avg60=0.55 load=2.85,3.73,3.16 cpu_u=108686 n=0 s=100035 i=695012 io=175 irq=0 sirq=45736
  [diag] progress t=10s delivered=253935 matched=326076 events~=4 subscribed=81519 rss_mib=3294 swap_mib=0 fanout_done=false
[sys] 10:45:15 tcp_alloc=181545 tcp_mem_pages=25087 PruneCalled=0 RcvPruned=0 TCPRcvCollapsed=0 TCPAbortOnMemory=0 TCPMemoryPressures=0 TCPMemoryPressuresChrono=0 TCPBacklogDrop=0 TCPZeroWindowDrop=0 TCPRcvQDrop=0 MemAvailable:3348M SwapFree:1023M Dirty:0M Slab:834M psi_mem=avg60=0.00 psi_cpu=avg60=0.58 load=3.42,3.83,3.20 cpu_u=110234 n=0 s=100612 i=696591 io=175 irq=0 sirq=46198
[sys] 10:45:20 tcp_alloc=181545 tcp_mem_pages=41471 PruneCalled=0 RcvPruned=0 TCPRcvCollapsed=0 TCPAbortOnMemory=0 TCPMemoryPressures=0 TCPMemoryPressuresChrono=0 TCPBacklogDrop=0 TCPZeroWindowDrop=0 TCPRcvQDrop=0 MemAvailable:3233M SwapFree:1023M Dirty:0M Slab:847M psi_mem=avg60=0.00 psi_cpu=avg60=0.65 load=3.95,3.93,3.24 cpu_u=112035 n=0 s=101170 i=697923 io=176 irq=0 sirq=46651
  [diag] progress t=20s delivered=522756 matched=570633 events~=7 subscribed=81519 rss_mib=3461 swap_mib=0 fanout_done=false
[sys] 10:45:25 tcp_alloc=181578 tcp_mem_pages=74239 PruneCalled=0 RcvPruned=0 TCPRcvCollapsed=0 TCPAbortOnMemory=0 TCPMemoryPressures=0 TCPMemoryPressuresChrono=0 TCPBacklogDrop=0 TCPZeroWindowDrop=0 TCPRcvQDrop=0 MemAvailable:3084M SwapFree:1023M Dirty:0M Slab:848M psi_mem=avg60=0.00 psi_cpu=avg60=0.67 load=4.43,4.04,3.27 cpu_u=113936 n=0 s=101794 i=699126 io=177 irq=0 sirq=47142
[sys] 10:45:30 tcp_alloc=181578 tcp_mem_pages=26367 PruneCalled=0 RcvPruned=0 TCPRcvCollapsed=0 TCPAbortOnMemory=0 TCPMemoryPressures=0 TCPMemoryPressuresChrono=0 TCPBacklogDrop=0 TCPZeroWindowDrop=0 TCPRcvQDrop=0 MemAvailable:3010M SwapFree:1023M Dirty:0M Slab:835M psi_mem=avg60=0.00 psi_cpu=avg60=0.70 load=4.64,4.09,3.29 cpu_u=115904 n=0 s=102602 i=700598 io=177 irq=0 sirq=47691
  [diag] progress t=30s delivered=1063798 matched=1059881 events~=12 subscribed=81552 rss_mib=3721 swap_mib=0 fanout_done=false
[sys] 10:45:35 tcp_alloc=181578 tcp_mem_pages=24319 PruneCalled=0 RcvPruned=0 TCPRcvCollapsed=0 TCPAbortOnMemory=0 TCPMemoryPressures=0 TCPMemoryPressuresChrono=0 TCPBacklogDrop=0 TCPZeroWindowDrop=0 TCPRcvQDrop=0 MemAvailable:2913M SwapFree:1023M Dirty:0M Slab:830M psi_mem=avg60=0.00 psi_cpu=avg60=0.69 load=5.07,4.18,3.33 cpu_u=118003 n=0 s=103532 i=701609 io=177 irq=0 sirq=48358
[sys] 10:45:40 tcp_alloc=181578 tcp_mem_pages=24575 PruneCalled=0 RcvPruned=0 TCPRcvCollapsed=0 TCPAbortOnMemory=0 TCPMemoryPressures=0 TCPMemoryPressuresChrono=0 TCPBacklogDrop=0 TCPZeroWindowDrop=0 TCPRcvQDrop=0 MemAvailable:2848M SwapFree:1023M Dirty:0M Slab:831M psi_mem=avg60=0.00 psi_cpu=avg60=0.69 load=5.46,4.28,3.37 cpu_u=120011 n=0 s=104433 i=702692 io=177 irq=0 sirq=49002
  [diag] progress t=40s delivered=2199772 matched=2201609 events~=26 subscribed=81552 rss_mib=3899 swap_mib=0 fanout_done=false
[sys] 10:45:45 tcp_alloc=181578 tcp_mem_pages=22271 PruneCalled=0 RcvPruned=0 TCPRcvCollapsed=0 TCPAbortOnMemory=0 TCPMemoryPressures=0 TCPMemoryPressuresChrono=0 TCPBacklogDrop=0 TCPZeroWindowDrop=0 TCPRcvQDrop=0 MemAvailable:2822M SwapFree:1023M Dirty:0M Slab:830M psi_mem=avg60=0.00 psi_cpu=avg60=0.67 load=5.83,4.38,3.40 cpu_u=122123 n=0 s=105372 i=703713 io=177 irq=0 sirq=49664
[sys] 10:45:50 tcp_alloc=185407 tcp_mem_pages=45055 PruneCalled=0 RcvPruned=0 TCPRcvCollapsed=0 TCPAbortOnMemory=0 TCPMemoryPressures=0 TCPMemoryPressuresChrono=0 TCPBacklogDrop=0 TCPZeroWindowDrop=0 TCPRcvQDrop=0 MemAvailable:2816M SwapFree:1023M Dirty:0M Slab:837M psi_mem=avg60=0.00 psi_cpu=avg60=0.80 load=6.16,4.47,3.44 cpu_u=124017 n=0 s=106423 i=704726 io=177 irq=0 sirq=50263
  [diag] progress t=50s delivered=3179244 matched=3184116 events~=37 subscribed=85699 rss_mib=3932 swap_mib=0 fanout_done=false
[sys] 10:45:55 tcp_alloc=191231 tcp_mem_pages=29439 PruneCalled=0 RcvPruned=0 TCPRcvCollapsed=0 TCPAbortOnMemory=0 TCPMemoryPressures=0 TCPMemoryPressuresChrono=0 TCPBacklogDrop=0 TCPZeroWindowDrop=0 TCPRcvQDrop=0 MemAvailable:2754M SwapFree:1023M Dirty:0M Slab:836M psi_mem=avg60=0.00 psi_cpu=avg60=0.81 load=6.39,4.55,3.47 cpu_u=125922 n=0 s=107313 i=706067 io=177 irq=0 sirq=50814
[sys] 10:46:00 tcp_alloc=196119 tcp_mem_pages=12031 PruneCalled=0 RcvPruned=0 TCPRcvCollapsed=0 TCPAbortOnMemory=0 TCPMemoryPressures=0 TCPMemoryPressuresChrono=0 TCPBacklogDrop=0 TCPZeroWindowDrop=0 TCPRcvQDrop=0 MemAvailable:2833M SwapFree:1023M Dirty:0M Slab:844M psi_mem=avg60=0.00 psi_cpu=avg60=0.89 load=6.68,4.64,3.50 cpu_u=127938 n=0 s=108142 i=707363 io=177 irq=0 sirq=51388
  [diag] progress t=60s delivered=3946275 matched=3900828 events~=40 subscribed=96117 rss_mib=4012 swap_mib=0 fanout_done=false
[sys] 10:46:05 tcp_alloc=196294 tcp_mem_pages=11007 PruneCalled=0 RcvPruned=0 TCPRcvCollapsed=0 TCPAbortOnMemory=0 TCPMemoryPressures=0 TCPMemoryPressuresChrono=0 TCPBacklogDrop=0 TCPZeroWindowDrop=0 TCPRcvQDrop=0 MemAvailable:2635M SwapFree:1023M Dirty:0M Slab:840M psi_mem=avg60=0.00 psi_cpu=avg60=0.87 load=6.94,4.73,3.54 cpu_u=130009 n=0 s=108950 i=708584 io=177 irq=0 sirq=51979
[sys] 10:46:10 tcp_alloc=199798 tcp_mem_pages=3327 PruneCalled=0 RcvPruned=0 TCPRcvCollapsed=0 TCPAbortOnMemory=0 TCPMemoryPressures=0 TCPMemoryPressuresChrono=0 TCPBacklogDrop=0 TCPZeroWindowDrop=0 TCPRcvQDrop=0 MemAvailable:2586M SwapFree:1023M Dirty:0M Slab:842M psi_mem=avg60=0.00 psi_cpu=avg60=0.85 load=7.51,4.88,3.59 cpu_u=131980 n=0 s=109732 i=709822 io=177 irq=0 sirq=52572
  [diag] progress t=70s delivered=4674056 matched=4674056 events~=46 subscribed=99772 rss_mib=4083 swap_mib=0 fanout_done=false
[sys] 10:46:15 tcp_alloc=199798 tcp_mem_pages=30207 PruneCalled=0 RcvPruned=0 TCPRcvCollapsed=0 TCPAbortOnMemory=0 TCPMemoryPressures=0 TCPMemoryPressuresChrono=0 TCPBacklogDrop=0 TCPZeroWindowDrop=0 TCPRcvQDrop=0 MemAvailable:2565M SwapFree:1023M Dirty:0M Slab:868M psi_mem=avg60=0.00 psi_cpu=avg60=0.82 load=7.07,4.83,3.58 cpu_u=133890 n=0 s=110430 i=711312 io=177 irq=0 sirq=53137
[sys] 10:46:20 tcp_alloc=199927 tcp_mem_pages=14079 PruneCalled=0 RcvPruned=0 TCPRcvCollapsed=0 TCPAbortOnMemory=0 TCPMemoryPressures=0 TCPMemoryPressuresChrono=0 TCPBacklogDrop=0 TCPZeroWindowDrop=0 TCPRcvQDrop=0 MemAvailable:2517M SwapFree:1023M Dirty:0M Slab:867M psi_mem=avg60=0.00 psi_cpu=avg60=0.84 load=7.30,4.92,3.62 cpu_u=135853 n=0 s=111188 i=712428 io=178 irq=0 sirq=53726
  [diag] progress t=80s delivered=5360616 matched=5372718 events~=53 subscribed=99901 rss_mib=4191 swap_mib=0 fanout_done=false
[sys] 10:46:25 tcp_alloc=199927 tcp_mem_pages=25087 PruneCalled=0 RcvPruned=0 TCPRcvCollapsed=0 TCPAbortOnMemory=0 TCPMemoryPressures=0 TCPMemoryPressuresChrono=0 TCPBacklogDrop=0 TCPZeroWindowDrop=0 TCPRcvQDrop=0 MemAvailable:2450M SwapFree:1023M Dirty:0M Slab:875M psi_mem=avg60=0.00 psi_cpu=avg60=0.85 load=7.52,5.00,3.65 cpu_u=137860 n=0 s=111992 i=713573 io=178 irq=0 sirq=54336
[sys] 10:46:30 tcp_alloc=199927 tcp_mem_pages=3583 PruneCalled=0 RcvPruned=0 TCPRcvCollapsed=0 TCPAbortOnMemory=0 TCPMemoryPressures=0 TCPMemoryPressuresChrono=0 TCPBacklogDrop=0 TCPZeroWindowDrop=0 TCPRcvQDrop=0 MemAvailable:2578M SwapFree:1023M Dirty:0M Slab:843M psi_mem=avg60=0.00 psi_cpu=avg60=0.87 load=7.64,5.07,3.68 cpu_u=139915 n=0 s=112780 i=714881 io=178 irq=0 sirq=54900
  [diag] progress t=90s delivered=6109205 matched=6072025 events~=60 subscribed=99901 rss_mib=4248 swap_mib=0 fanout_done=false
[sys] 10:46:35 tcp_alloc=199927 tcp_mem_pages=1535 PruneCalled=0 RcvPruned=0 TCPRcvCollapsed=0 TCPAbortOnMemory=0 TCPMemoryPressures=0 TCPMemoryPressuresChrono=0 TCPBacklogDrop=0 TCPZeroWindowDrop=0 TCPRcvQDrop=0 MemAvailable:2534M SwapFree:1023M Dirty:0M Slab:844M psi_mem=avg60=0.00 psi_cpu=avg60=0.84 load=7.11,5.00,3.67 cpu_u=141858 n=0 s=113499 i=716240 io=178 irq=0 sirq=55458
[sys] 10:46:40 tcp_alloc=199927 tcp_mem_pages=4095 PruneCalled=0 RcvPruned=0 TCPRcvCollapsed=0 TCPAbortOnMemory=0 TCPMemoryPressures=0 TCPMemoryPressuresChrono=0 TCPBacklogDrop=0 TCPZeroWindowDrop=0 TCPRcvQDrop=0 MemAvailable:2504M SwapFree:1023M Dirty:0M Slab:843M psi_mem=avg60=0.00 psi_cpu=avg60=0.79 load=7.34,5.08,3.70 cpu_u=144021 n=0 s=114293 i=717490 io=178 irq=0 sirq=56038
  [diag] progress t=100s delivered=6745698 matched=6771332 events~=67 subscribed=99901 rss_mib=4261 swap_mib=0 fanout_done=false
[sys] 10:46:45 tcp_alloc=200026 tcp_mem_pages=2047 PruneCalled=0 RcvPruned=0 TCPRcvCollapsed=0 TCPAbortOnMemory=0 TCPMemoryPressures=0 TCPMemoryPressuresChrono=0 TCPBacklogDrop=0 TCPZeroWindowDrop=0 TCPRcvQDrop=0 MemAvailable:2430M SwapFree:1023M Dirty:0M Slab:851M psi_mem=avg60=0.00 psi_cpu=avg60=0.81 load=7.55,5.17,3.74 cpu_u=145967 n=0 s=115030 i=718717 io=178 irq=0 sirq=56586
[sys] 10:46:50 tcp_alloc=200026 tcp_mem_pages=9215 PruneCalled=0 RcvPruned=0 TCPRcvCollapsed=0 TCPAbortOnMemory=0 TCPMemoryPressures=0 TCPMemoryPressuresChrono=0 TCPBacklogDrop=0 TCPZeroWindowDrop=0 TCPRcvQDrop=0 MemAvailable:2480M SwapFree:1023M Dirty:0M Slab:858M psi_mem=avg60=0.00 psi_cpu=avg60=0.83 load=7.75,5.25,3.77 cpu_u=147937 n=0 s=115751 i=720008 io=179 irq=0 sirq=57145
  [diag] progress t=110s delivered=7294443 matched=7271134 events~=72 subscribed=100000 rss_mib=4362 swap_mib=0 fanout_done=false
[sys] 10:46:55 tcp_alloc=200026 tcp_mem_pages=4607 PruneCalled=0 RcvPruned=0 TCPRcvCollapsed=0 TCPAbortOnMemory=0 TCPMemoryPressures=0 TCPMemoryPressuresChrono=0 TCPBacklogDrop=0 TCPZeroWindowDrop=0 TCPRcvQDrop=0 MemAvailable:2473M SwapFree:1023M Dirty:0M Slab:845M psi_mem=avg60=0.00 psi_cpu=avg60=0.84 load=8.01,5.34,3.81 cpu_u=149897 n=0 s=116436 i=721412 io=179 irq=0 sirq=57705
[sys] 10:47:00 tcp_alloc=200026 tcp_mem_pages=1535 PruneCalled=0 RcvPruned=0 TCPRcvCollapsed=0 TCPAbortOnMemory=0 TCPMemoryPressures=0 TCPMemoryPressuresChrono=0 TCPBacklogDrop=0 TCPZeroWindowDrop=0 TCPRcvQDrop=0 MemAvailable:2471M SwapFree:1023M Dirty:0M Slab:841M psi_mem=avg60=0.00 psi_cpu=avg60=0.82 load=8.01,5.39,3.83 cpu_u=151758 n=0 s=117031 i=722910 io=179 irq=0 sirq=58222
  [diag] progress t=120s delivered=7779318 matched=7771134 events~=77 subscribed=100000 rss_mib=4355 swap_mib=0 fanout_done=false
[sys] 10:47:05 tcp_alloc=200026 tcp_mem_pages=5631 PruneCalled=0 RcvPruned=0 TCPRcvCollapsed=0 TCPAbortOnMemory=0 TCPMemoryPressures=0 TCPMemoryPressuresChrono=0 TCPBacklogDrop=0 TCPZeroWindowDrop=0 TCPRcvQDrop=0 MemAvailable:2439M SwapFree:1023M Dirty:0M Slab:845M psi_mem=avg60=0.00 psi_cpu=avg60=0.77 load=7.45,5.31,3.82 cpu_u=153733 n=0 s=117761 i=724371 io=179 irq=0 sirq=58838
[sys] 10:47:10 tcp_alloc=200026 tcp_mem_pages=4351 PruneCalled=0 RcvPruned=0 TCPRcvCollapsed=0 TCPAbortOnMemory=0 TCPMemoryPressures=0 TCPMemoryPressuresChrono=0 TCPBacklogDrop=0 TCPZeroWindowDrop=0 TCPRcvQDrop=0 MemAvailable:2415M SwapFree:1023M Dirty:0M Slab:846M psi_mem=avg60=0.00 psi_cpu=avg60=0.79 load=7.01,5.26,3.81 cpu_u=155629 n=0 s=118379 i=725582 io=179 irq=0 sirq=59376
  [diag] progress t=130s delivered=8289226 matched=8271134 events~=82 subscribed=100000 rss_mib=4355 swap_mib=0 fanout_done=false
[sys] 10:47:15 tcp_alloc=200026 tcp_mem_pages=11007 PruneCalled=0 RcvPruned=0 TCPRcvCollapsed=0 TCPAbortOnMemory=0 TCPMemoryPressures=0 TCPMemoryPressuresChrono=0 TCPBacklogDrop=0 TCPZeroWindowDrop=0 TCPRcvQDrop=0 MemAvailable:2455M SwapFree:1023M Dirty:0M Slab:849M psi_mem=avg60=0.00 psi_cpu=avg60=0.81 load=7.25,5.34,3.84 cpu_u=157700 n=0 s=119065 i=726838 io=179 irq=0 sirq=59993
[sys] 10:47:21 tcp_alloc=200026 tcp_mem_pages=3839 PruneCalled=0 RcvPruned=0 TCPRcvCollapsed=0 TCPAbortOnMemory=0 TCPMemoryPressures=0 TCPMemoryPressuresChrono=0 TCPBacklogDrop=0 TCPZeroWindowDrop=0 TCPRcvQDrop=0 MemAvailable:2398M SwapFree:1023M Dirty:0M Slab:848M psi_mem=avg60=0.00 psi_cpu=avg60=0.79 load=7.31,5.38,3.86 cpu_u=159615 n=0 s=119712 i=728448 io=180 irq=0 sirq=60520
  [diag] progress t=140s delivered=8851025 matched=8871134 events~=88 subscribed=100000 rss_mib=4317 swap_mib=0 fanout_done=false
[sys] 10:47:26 tcp_alloc=200026 tcp_mem_pages=5119 PruneCalled=0 RcvPruned=0 TCPRcvCollapsed=0 TCPAbortOnMemory=0 TCPMemoryPressures=0 TCPMemoryPressuresChrono=0 TCPBacklogDrop=0 TCPZeroWindowDrop=0 TCPRcvQDrop=0 MemAvailable:2447M SwapFree:1023M Dirty:0M Slab:849M psi_mem=avg60=0.00 psi_cpu=avg60=0.74 load=7.52,5.46,3.90 cpu_u=161557 n=0 s=120367 i=729862 io=180 irq=0 sirq=61051
[sys] 10:47:31 tcp_alloc=200026 tcp_mem_pages=1535 PruneCalled=0 RcvPruned=0 TCPRcvCollapsed=0 TCPAbortOnMemory=0 TCPMemoryPressures=0 TCPMemoryPressuresChrono=0 TCPBacklogDrop=0 TCPZeroWindowDrop=0 TCPRcvQDrop=0 MemAvailable:2427M SwapFree:1023M Dirty:0M Slab:846M psi_mem=avg60=0.00 psi_cpu=avg60=0.76 load=7.08,5.40,3.89 cpu_u=163527 n=0 s=121119 i=731061 io=180 irq=0 sirq=61627
  [diag] progress t=150s delivered=9406202 matched=9371134 events~=93 subscribed=100000 rss_mib=4375 swap_mib=0 fanout_done=false
[sys] 10:47:36 tcp_alloc=200026 tcp_mem_pages=8703 PruneCalled=0 RcvPruned=0 TCPRcvCollapsed=0 TCPAbortOnMemory=0 TCPMemoryPressures=0 TCPMemoryPressuresChrono=0 TCPBacklogDrop=0 TCPZeroWindowDrop=0 TCPRcvQDrop=0 MemAvailable:2401M SwapFree:1023M Dirty:0M Slab:845M psi_mem=avg60=0.00 psi_cpu=avg60=0.72 load=7.32,5.48,3.92 cpu_u=165412 n=0 s=121828 i=732641 io=180 irq=0 sirq=62201
[sys] 10:47:41 tcp_alloc=200026 tcp_mem_pages=7423 PruneCalled=0 RcvPruned=0 TCPRcvCollapsed=0 TCPAbortOnMemory=0 TCPMemoryPressures=0 TCPMemoryPressuresChrono=0 TCPBacklogDrop=0 TCPZeroWindowDrop=0 TCPRcvQDrop=0 MemAvailable:2398M SwapFree:1023M Dirty:0M Slab:846M psi_mem=avg60=0.00 psi_cpu=avg60=0.70 load=6.81,5.40,3.90 cpu_u=167377 n=0 s=122567 i=734287 io=181 irq=0 sirq=62782
  [diag] progress t=160s delivered=10018141 matched=9971134 events~=99 subscribed=100000 rss_mib=4368 swap_mib=0 fanout_done=false
[sys] 10:47:46 tcp_alloc=200026 tcp_mem_pages=1023 PruneCalled=0 RcvPruned=0 TCPRcvCollapsed=0 TCPAbortOnMemory=0 TCPMemoryPressures=0 TCPMemoryPressuresChrono=0 TCPBacklogDrop=0 TCPZeroWindowDrop=0 TCPRcvQDrop=0 MemAvailable:2438M SwapFree:1023M Dirty:0M Slab:842M psi_mem=avg60=0.00 psi_cpu=avg60=0.73 load=7.07,5.48,3.94 cpu_u=169312 n=0 s=123230 i=735745 io=181 irq=0 sirq=63320
[sys] 10:47:51 tcp_alloc=200026 tcp_mem_pages=4863 PruneCalled=0 RcvPruned=0 TCPRcvCollapsed=0 TCPAbortOnMemory=0 TCPMemoryPressures=0 TCPMemoryPressuresChrono=0 TCPBacklogDrop=0 TCPZeroWindowDrop=0 TCPRcvQDrop=0 MemAvailable:2396M SwapFree:1023M Dirty:0M Slab:846M psi_mem=avg60=0.00 psi_cpu=avg60=0.72 load=7.30,5.56,3.97 cpu_u=171393 n=0 s=123991 i=736982 io=181 irq=0 sirq=63938
  [diag] progress t=170s delivered=10610232 matched=10571134 events~=105 subscribed=100000 rss_mib=4383 swap_mib=0 fanout_done=false
[sys] 10:47:56 tcp_alloc=200026 tcp_mem_pages=19199 PruneCalled=0 RcvPruned=0 TCPRcvCollapsed=0 TCPAbortOnMemory=0 TCPMemoryPressures=0 TCPMemoryPressuresChrono=0 TCPBacklogDrop=0 TCPZeroWindowDrop=0 TCPRcvQDrop=0 MemAvailable:2362M SwapFree:1023M Dirty:0M Slab:865M psi_mem=avg60=0.00 psi_cpu=avg60=0.71 load=6.80,5.48,3.95 cpu_u=173175 n=0 s=124634 i=738569 io=181 irq=0 sirq=64511
  [diag] progress t=180s delivered=11175384 matched=11171134 events~=111 subscribed=100000 rss_mib=4361 swap_mib=0 fanout_done=false
[sys] 10:48:01 tcp_alloc=200026 tcp_mem_pages=2559 PruneCalled=0 RcvPruned=0 TCPRcvCollapsed=0 TCPAbortOnMemory=0 TCPMemoryPressures=0 TCPMemoryPressuresChrono=0 TCPBacklogDrop=0 TCPZeroWindowDrop=0 TCPRcvQDrop=0 MemAvailable:2432M SwapFree:1023M Dirty:0M Slab:841M psi_mem=avg60=0.00 psi_cpu=avg60=0.73 load=7.05,5.55,3.99 cpu_u=175115 n=0 s=125355 i=739800 io=181 irq=0 sirq=65097
[sys] 10:48:06 tcp_alloc=200026 tcp_mem_pages=8191 PruneCalled=0 RcvPruned=0 TCPRcvCollapsed=0 TCPAbortOnMemory=0 TCPMemoryPressures=0 TCPMemoryPressuresChrono=0 TCPBacklogDrop=0 TCPZeroWindowDrop=0 TCPRcvQDrop=0 MemAvailable:2451M SwapFree:1023M Dirty:0M Slab:850M psi_mem=avg60=0.00 psi_cpu=avg60=0.72 load=7.29,5.63,4.02 cpu_u=177160 n=0 s=126077 i=741263 io=181 irq=0 sirq=65684
  [diag] progress t=190s delivered=11771134 matched=11771134 events~=117 subscribed=100000 rss_mib=4319 swap_mib=0 fanout_done=false
[sys] 10:48:11 tcp_alloc=200026 tcp_mem_pages=767 PruneCalled=0 RcvPruned=0 TCPRcvCollapsed=0 TCPAbortOnMemory=0 TCPMemoryPressures=0 TCPMemoryPressuresChrono=0 TCPBacklogDrop=0 TCPZeroWindowDrop=0 TCPRcvQDrop=0 MemAvailable:2460M SwapFree:1023M Dirty:0M Slab:842M psi_mem=avg60=0.00 psi_cpu=avg60=0.71 load=7.51,5.70,4.05 cpu_u=179104 n=0 s=126776 i=742965 io=182 irq=0 sirq=66205
[sys] 10:48:16 tcp_alloc=200026 tcp_mem_pages=5119 PruneCalled=0 RcvPruned=0 TCPRcvCollapsed=0 TCPAbortOnMemory=0 TCPMemoryPressures=0 TCPMemoryPressuresChrono=0 TCPBacklogDrop=0 TCPZeroWindowDrop=0 TCPRcvQDrop=0 MemAvailable:2419M SwapFree:1023M Dirty:0M Slab:850M psi_mem=avg60=0.00 psi_cpu=avg60=0.64 load=7.71,5.77,4.08 cpu_u=180939 n=0 s=127416 i=744523 io=182 irq=0 sirq=66751
  [diag] progress t=200s delivered=12281293 matched=12271134 events~=122 subscribed=100000 rss_mib=4369 swap_mib=0 fanout_done=false
[sys] 10:48:21 tcp_alloc=200026 tcp_mem_pages=3071 PruneCalled=0 RcvPruned=0 TCPRcvCollapsed=0 TCPAbortOnMemory=0 TCPMemoryPressures=0 TCPMemoryPressuresChrono=0 TCPBacklogDrop=0 TCPZeroWindowDrop=0 TCPRcvQDrop=0 MemAvailable:2432M SwapFree:1023M Dirty:0M Slab:841M psi_mem=avg60=0.00 psi_cpu=avg60=0.63 load=7.89,5.84,4.12 cpu_u=182935 n=0 s=128085 i=745899 io=182 irq=0 sirq=67329
[sys] 10:48:26 tcp_alloc=200026 tcp_mem_pages=9983 PruneCalled=0 RcvPruned=0 TCPRcvCollapsed=0 TCPAbortOnMemory=0 TCPMemoryPressures=0 TCPMemoryPressuresChrono=0 TCPBacklogDrop=0 TCPZeroWindowDrop=0 TCPRcvQDrop=0 MemAvailable:2393M SwapFree:1023M Dirty:0M Slab:848M psi_mem=avg60=0.00 psi_cpu=avg60=0.63 load=7.98,5.90,4.14 cpu_u=184926 n=0 s=128808 i=747368 io=182 irq=0 sirq=67888
  [diag] progress t=210s delivered=12875454 matched=12871134 events~=128 subscribed=100000 rss_mib=4399 swap_mib=0 fanout_done=false
[sys] 10:48:31 tcp_alloc=200026 tcp_mem_pages=3583 PruneCalled=0 RcvPruned=0 TCPRcvCollapsed=0 TCPAbortOnMemory=0 TCPMemoryPressures=0 TCPMemoryPressuresChrono=0 TCPBacklogDrop=0 TCPZeroWindowDrop=0 TCPRcvQDrop=0 MemAvailable:2379M SwapFree:1023M Dirty:0M Slab:846M psi_mem=avg60=0.00 psi_cpu=avg60=0.66 load=8.06,5.95,4.17 cpu_u=186843 n=0 s=129508 i=748733 io=182 irq=0 sirq=68452
[sys] 10:48:36 tcp_alloc=200026 tcp_mem_pages=20991 PruneCalled=0 RcvPruned=0 TCPRcvCollapsed=0 TCPAbortOnMemory=0 TCPMemoryPressures=0 TCPMemoryPressuresChrono=0 TCPBacklogDrop=0 TCPZeroWindowDrop=0 TCPRcvQDrop=0 MemAvailable:2373M SwapFree:1023M Dirty:0M Slab:858M psi_mem=avg60=0.00 psi_cpu=avg60=0.66 load=7.98,5.97,4.18 cpu_u=188941 n=0 s=130266 i=750089 io=182 irq=0 sirq=69039
  [diag] progress t=220s delivered=13671134 matched=13671134 events~=136 subscribed=100000 rss_mib=4355 swap_mib=0 fanout_done=false
[sys] 10:48:41 tcp_alloc=200026 tcp_mem_pages=8959 PruneCalled=0 RcvPruned=0 TCPRcvCollapsed=0 TCPAbortOnMemory=0 TCPMemoryPressures=0 TCPMemoryPressuresChrono=0 TCPBacklogDrop=0 TCPZeroWindowDrop=0 TCPRcvQDrop=0 MemAvailable:2367M SwapFree:1023M Dirty:0M Slab:846M psi_mem=avg60=0.00 psi_cpu=avg60=0.65 load=8.14,6.03,4.21 cpu_u=191079 n=0 s=131084 i=751219 io=182 irq=0 sirq=69665
[sys] 10:48:46 tcp_alloc=200026 tcp_mem_pages=4095 PruneCalled=0 RcvPruned=0 TCPRcvCollapsed=0 TCPAbortOnMemory=0 TCPMemoryPressures=0 TCPMemoryPressuresChrono=0 TCPBacklogDrop=0 TCPZeroWindowDrop=0 TCPRcvQDrop=0 MemAvailable:2349M SwapFree:1023M Dirty:0M Slab:841M psi_mem=avg60=0.00 psi_cpu=avg60=0.68 load=8.21,6.08,4.24 cpu_u=193034 n=0 s=131762 i=752764 io=182 irq=0 sirq=70198
  [diag] progress t=230s delivered=14348081 matched=14271134 events~=142 subscribed=100000 rss_mib=4399 swap_mib=0 fanout_done=false
[sys] 10:48:51 tcp_alloc=200026 tcp_mem_pages=255 PruneCalled=0 RcvPruned=0 TCPRcvCollapsed=0 TCPAbortOnMemory=0 TCPMemoryPressures=0 TCPMemoryPressuresChrono=0 TCPBacklogDrop=0 TCPZeroWindowDrop=0 TCPRcvQDrop=0 MemAvailable:2425M SwapFree:1023M Dirty:0M Slab:840M psi_mem=avg60=0.00 psi_cpu=avg60=0.67 load=8.27,6.13,4.27 cpu_u=195107 n=0 s=132574 i=754098 io=182 irq=0 sirq=70793
[sys] 10:48:56 tcp_alloc=200026 tcp_mem_pages=16127 PruneCalled=0 RcvPruned=0 TCPRcvCollapsed=0 TCPAbortOnMemory=0 TCPMemoryPressures=0 TCPMemoryPressuresChrono=0 TCPBacklogDrop=0 TCPZeroWindowDrop=0 TCPRcvQDrop=0 MemAvailable:2329M SwapFree:1023M Dirty:0M Slab:852M psi_mem=avg60=0.00 psi_cpu=avg60=0.64 load=8.41,6.20,4.30 cpu_u=197068 n=0 s=133305 i=755591 io=182 irq=0 sirq=71387
  [diag] progress t=240s delivered=14909151 matched=14871134 events~=148 subscribed=100000 rss_mib=4435 swap_mib=0 fanout_done=false
[sys] 10:49:01 tcp_alloc=200026 tcp_mem_pages=9471 PruneCalled=0 RcvPruned=0 TCPRcvCollapsed=0 TCPAbortOnMemory=0 TCPMemoryPressures=0 TCPMemoryPressuresChrono=0 TCPBacklogDrop=0 TCPZeroWindowDrop=0 TCPRcvQDrop=0 MemAvailable:2315M SwapFree:1023M Dirty:0M Slab:850M psi_mem=avg60=0.00 psi_cpu=avg60=0.69 load=8.30,6.21,4.31 cpu_u=198935 n=0 s=133973 i=757194 io=182 irq=0 sirq=71943
[sys] 10:49:06 tcp_alloc=200026 tcp_mem_pages=53247 PruneCalled=0 RcvPruned=0 TCPRcvCollapsed=0 TCPAbortOnMemory=0 TCPMemoryPressures=0 TCPMemoryPressuresChrono=0 TCPBacklogDrop=0 TCPZeroWindowDrop=0 TCPRcvQDrop=0 MemAvailable:2217M SwapFree:1023M Dirty:0M Slab:896M psi_mem=avg60=0.00 psi_cpu=avg60=0.66 load=8.43,6.27,4.34 cpu_u=200945 n=0 s=134598 i=758736 io=182 irq=0 sirq=72449
  [diag] progress t=250s delivered=15281044 matched=15271134 events~=152 subscribed=100000 rss_mib=4477 swap_mib=0 fanout_done=false
[sys] 10:49:11 tcp_alloc=200026 tcp_mem_pages=4095 PruneCalled=0 RcvPruned=0 TCPRcvCollapsed=0 TCPAbortOnMemory=0 TCPMemoryPressures=0 TCPMemoryPressuresChrono=0 TCPBacklogDrop=0 TCPZeroWindowDrop=0 TCPRcvQDrop=0 MemAvailable:2297M SwapFree:1023M Dirty:0M Slab:850M psi_mem=avg60=0.00 psi_cpu=avg60=0.75 load=8.56,6.33,4.37 cpu_u=202760 n=0 s=135172 i=760151 io=183 irq=0 sirq=72902
[sys] 10:49:17 tcp_alloc=200026 tcp_mem_pages=3583 PruneCalled=0 RcvPruned=0 TCPRcvCollapsed=0 TCPAbortOnMemory=0 TCPMemoryPressures=0 TCPMemoryPressuresChrono=0 TCPBacklogDrop=0 TCPZeroWindowDrop=0 TCPRcvQDrop=0 MemAvailable:2349M SwapFree:1023M Dirty:0M Slab:841M psi_mem=avg60=0.00 psi_cpu=avg60=0.77 load=8.67,6.40,4.40 cpu_u=204727 n=0 s=135788 i=761637 io=183 irq=0 sirq=73435
  [diag] progress t=260s delivered=15612288 matched=15671134 events~=156 subscribed=100000 rss_mib=4413 swap_mib=0 fanout_done=false
[sys] 10:49:22 tcp_alloc=200026 tcp_mem_pages=25087 PruneCalled=0 RcvPruned=0 TCPRcvCollapsed=0 TCPAbortOnMemory=0 TCPMemoryPressures=0 TCPMemoryPressuresChrono=0 TCPBacklogDrop=0 TCPZeroWindowDrop=0 TCPRcvQDrop=0 MemAvailable:2349M SwapFree:1023M Dirty:0M Slab:864M psi_mem=avg60=0.00 psi_cpu=avg60=0.82 load=8.14,6.32,4.39 cpu_u=206744 n=0 s=136369 i=763011 io=183 irq=0 sirq=73970
[sys] 10:49:27 tcp_alloc=200026 tcp_mem_pages=4095 PruneCalled=0 RcvPruned=0 TCPRcvCollapsed=0 TCPAbortOnMemory=0 TCPMemoryPressures=0 TCPMemoryPressuresChrono=0 TCPBacklogDrop=0 TCPZeroWindowDrop=0 TCPRcvQDrop=0 MemAvailable:2327M SwapFree:1023M Dirty:0M Slab:845M psi_mem=avg60=0.00 psi_cpu=avg60=0.80 load=8.29,6.38,4.42 cpu_u=208569 n=0 s=136969 i=764526 io=184 irq=0 sirq=74480
  [diag] progress t=270s delivered=15963783 matched=15971134 events~=159 subscribed=100000 rss_mib=4413 swap_mib=0 fanout_done=false
[sys] 10:49:32 tcp_alloc=200026 tcp_mem_pages=2047 PruneCalled=0 RcvPruned=0 TCPRcvCollapsed=0 TCPAbortOnMemory=0 TCPMemoryPressures=0 TCPMemoryPressuresChrono=0 TCPBacklogDrop=0 TCPZeroWindowDrop=0 TCPRcvQDrop=0 MemAvailable:2326M SwapFree:1023M Dirty:0M Slab:841M psi_mem=avg60=0.00 psi_cpu=avg60=0.79 load=8.35,6.43,4.45 cpu_u=210261 n=0 s=137438 i=766338 io=184 irq=0 sirq=74948
[sys] 10:49:37 tcp_alloc=200026 tcp_mem_pages=15359 PruneCalled=0 RcvPruned=0 TCPRcvCollapsed=0 TCPAbortOnMemory=0 TCPMemoryPressures=0 TCPMemoryPressuresChrono=0 TCPBacklogDrop=0 TCPZeroWindowDrop=0 TCPRcvQDrop=0 MemAvailable:2316M SwapFree:1023M Dirty:0M Slab:853M psi_mem=avg60=0.00 psi_cpu=avg60=0.83 load=8.48,6.49,4.48 cpu_u=212008 n=0 s=137960 i=767508 io=184 irq=0 sirq=75540
  [diag] progress t=280s delivered=16224424 matched=16171134 events~=161 subscribed=100000 rss_mib=4457 swap_mib=0 fanout_done=false
[sys] 10:49:42 tcp_alloc=200026 tcp_mem_pages=2559 PruneCalled=0 RcvPruned=0 TCPRcvCollapsed=0 TCPAbortOnMemory=0 TCPMemoryPressures=0 TCPMemoryPressuresChrono=0 TCPBacklogDrop=0 TCPZeroWindowDrop=0 TCPRcvQDrop=0 MemAvailable:2316M SwapFree:1023M Dirty:0M Slab:843M psi_mem=avg60=0.00 psi_cpu=avg60=0.85 load=8.36,6.50,4.49 cpu_u=213792 n=0 s=138483 i=769013 io=184 irq=0 sirq=76021
[sys] 10:49:47 tcp_alloc=200026 tcp_mem_pages=9471 PruneCalled=0 RcvPruned=0 TCPRcvCollapsed=0 TCPAbortOnMemory=0 TCPMemoryPressures=0 TCPMemoryPressuresChrono=0 TCPBacklogDrop=0 TCPZeroWindowDrop=0 TCPRcvQDrop=0 MemAvailable:2344M SwapFree:1023M Dirty:0M Slab:854M psi_mem=avg60=0.00 psi_cpu=avg60=0.86 load=8.49,6.55,4.52 cpu_u=215544 n=0 s=138981 i=770686 io=184 irq=0 sirq=76570
  [diag] progress t=290s delivered=16413134 matched=16371134 events~=163 subscribed=100000 rss_mib=4413 swap_mib=0 fanout_done=false
[sys] 10:49:52 tcp_alloc=200026 tcp_mem_pages=15103 PruneCalled=0 RcvPruned=0 TCPRcvCollapsed=0 TCPAbortOnMemory=0 TCPMemoryPressures=0 TCPMemoryPressuresChrono=0 TCPBacklogDrop=0 TCPZeroWindowDrop=0 TCPRcvQDrop=0 MemAvailable:2347M SwapFree:1023M Dirty:0M Slab:856M psi_mem=avg60=0.00 psi_cpu=avg60=0.87 load=8.05,6.50,4.51 cpu_u=217355 n=0 s=139461 i=772213 io=184 irq=0 sirq=77096
[sys] 10:49:57 tcp_alloc=200026 tcp_mem_pages=5631 PruneCalled=0 RcvPruned=0 TCPRcvCollapsed=0 TCPAbortOnMemory=0 TCPMemoryPressures=0 TCPMemoryPressuresChrono=0 TCPBacklogDrop=0 TCPZeroWindowDrop=0 TCPRcvQDrop=0 MemAvailable:2343M SwapFree:1023M Dirty:0M Slab:847M psi_mem=avg60=0.00 psi_cpu=avg60=0.94 load=8.21,6.55,4.54 cpu_u=218948 n=0 s=139937 i=773565 io=184 irq=0 sirq=77580
  [diag] at window end: connected=100000 subscribed=100000 connect_failed=0 subscribed_at_start=81519 late_subscribers=18481 (late subscribers' pre-subscribe events stay in the drop count)
  [diag] router: matched=16571134 delivered=16571134 dropped=0 faulted=0 events_fanned_out~=165 (matched/subscribed)
  [diag] undelivered breakdown (events): never_connected_x_events=0 pre_subscribe_or_not_yet_fanned_out=33428866 router_dropped=0 router_faulted=0 in_flight_or_unaccounted=0 sum=33428866 (attempted-delivered=33407804)
  [diag] progress t=300s delivered=16592281 matched=16571134 events~=165 subscribed=100000 rss_mib=4413 swap_mib=0 fanout_done=false
  [diag] completed=false (delivered 16592196 of 50000000 before the 300s window) peak_rss_mib=4478
  [diag] finish: fanout_done=false reachable=16571134 delivered=16592196 elapsed_to_finish=n/a
  [diag] stages events=174 match=394.15ms/ev deliver=1121.64ms/ev ack_scan=193.44ms/ev busy=297.41s wall=300.01s busy_frac=0.991
  [diag] cpu proc_cpu=2147.69s wall=300.01s cores_used=7.16 nproc=10
  [diag] fanout_task_finished=false (true = replicator budget exhausted before the window closed)
[sys] 10:50:02 tcp_alloc=196769 tcp_mem_pages=20991 PruneCalled=0 RcvPruned=0 TCPRcvCollapsed=0 TCPAbortOnMemory=0 TCPMemoryPressures=0 TCPMemoryPressuresChrono=0 TCPBacklogDrop=0 TCPZeroWindowDrop=0 TCPRcvQDrop=0 MemAvailable:2330M SwapFree:1023M Dirty:0M Slab:860M psi_mem=avg60=0.00 psi_cpu=avg60=1.05 load=8.11,6.56,4.56 cpu_u=220744 n=0 s=140523 i=774861 io=184 irq=0 sirq=78075

=== nostos-bench-10k probe ===
  clients   : 100000
  events    : 500 (attempted deliveries: 50000000)
  window    : 300s
  ---------------------------
  delivered : 16592196
  ops/sec   : 55306
  drop%     : 66.82
  elapsed   : 300.01s
  elapsed_to_finish : n/a (window expired)
  ops/sec (finish)  : n/a
SOAK rc=0 10:50:05
HOST tier=100000 end 20:50:05 load1=15.32 rc=0
HOST tier=100000 start 20:51:35 load1=6.08 waited=60s
env: Linux 7.0.12-linuxkit aarch64 nproc=10 nofile=1048576 mem=8124516kB swap=1048572kB tcp_rmem=4096-131072-33554432 tcp_wmem=4096-16384-4194304
SOAK start 10:51:35 clients=100000 events=500 window=300 ack=16 listeners=2
  [diag] listeners: ws://127.0.0.1:25497/sync ws://127.0.0.2:18031/sync
[sys] 10:51:35 tcp_alloc=26 tcp_mem_pages=255 PruneCalled=0 RcvPruned=0 TCPRcvCollapsed=0 TCPAbortOnMemory=0 TCPMemoryPressures=0 TCPMemoryPressuresChrono=0 TCPBacklogDrop=0 TCPZeroWindowDrop=0 TCPRcvQDrop=0 MemAvailable:7345M SwapFree:1023M Dirty:0M Slab:127M psi_mem=avg60=0.00 psi_cpu=avg60=0.25 load=1.77,4.84,4.14 cpu_u=220823 n=0 s=140761 i=867807 io=193 irq=0 sirq=78214
[sys] 10:51:40 tcp_alloc=96896 tcp_mem_pages=55551 PruneCalled=0 RcvPruned=0 TCPRcvCollapsed=0 TCPAbortOnMemory=0 TCPMemoryPressures=0 TCPMemoryPressuresChrono=0 TCPBacklogDrop=0 TCPZeroWindowDrop=0 TCPRcvQDrop=0 MemAvailable:5971M SwapFree:1023M Dirty:0M Slab:502M psi_mem=avg60=0.00 psi_cpu=avg60=0.32 load=2.42,4.93,4.17 cpu_u=221006 n=0 s=144315 i=868300 io=193 irq=0 sirq=78306
[sys] 10:51:46 tcp_alloc=110473 tcp_mem_pages=62975 PruneCalled=0 RcvPruned=0 TCPRcvCollapsed=0 TCPAbortOnMemory=0 TCPMemoryPressures=0 TCPMemoryPressuresChrono=0 TCPBacklogDrop=0 TCPZeroWindowDrop=0 TCPRcvQDrop=0 MemAvailable:5851M SwapFree:1023M Dirty:0M Slab:562M psi_mem=avg60=0.00 psi_cpu=avg60=0.33 load=3.03,5.01,4.20 cpu_u=221054 n=0 s=148460 i=868426 io=193 irq=0 sirq=78330
[sys] 10:51:51 tcp_alloc=122817 tcp_mem_pages=73727 PruneCalled=0 RcvPruned=0 TCPRcvCollapsed=0 TCPAbortOnMemory=0 TCPMemoryPressures=0 TCPMemoryPressuresChrono=0 TCPBacklogDrop=0 TCPZeroWindowDrop=0 TCPRcvQDrop=0 MemAvailable:5771M SwapFree:1023M Dirty:0M Slab:624M psi_mem=avg60=0.00 psi_cpu=avg60=0.30 load=3.59,5.10,4.23 cpu_u=221094 n=0 s=152801 i=868525 io=193 irq=0 sirq=78346
[sys] 10:51:56 tcp_alloc=159166 tcp_mem_pages=41727 PruneCalled=0 RcvPruned=0 TCPRcvCollapsed=0 TCPAbortOnMemory=0 TCPMemoryPressures=0 TCPMemoryPressuresChrono=0 TCPBacklogDrop=0 TCPZeroWindowDrop=0 TCPRcvQDrop=0 MemAvailable:4377M SwapFree:1023M Dirty:0M Slab:753M psi_mem=avg60=0.00 psi_cpu=avg60=0.40 load=3.46,5.04,4.22 cpu_u=221612 n=0 s=153850 i=871648 io=194 irq=0 sirq=78504
[sys] 10:52:01 tcp_alloc=172298 tcp_mem_pages=28159 PruneCalled=0 RcvPruned=0 TCPRcvCollapsed=0 TCPAbortOnMemory=0 TCPMemoryPressures=0 TCPMemoryPressuresChrono=0 TCPBacklogDrop=0 TCPZeroWindowDrop=0 TCPRcvQDrop=0 MemAvailable:3949M SwapFree:1023M Dirty:0M Slab:797M psi_mem=avg60=0.00 psi_cpu=avg60=0.46 load=3.83,5.09,4.24 cpu_u=221877 n=0 s=154038 i=875924 io=194 irq=0 sirq=78624
[sys] 10:52:06 tcp_alloc=173942 tcp_mem_pages=26623 PruneCalled=0 RcvPruned=0 TCPRcvCollapsed=0 TCPAbortOnMemory=0 TCPMemoryPressures=0 TCPMemoryPressuresChrono=0 TCPBacklogDrop=0 TCPZeroWindowDrop=0 TCPRcvQDrop=0 MemAvailable:3898M SwapFree:1023M Dirty:0M Slab:800M psi_mem=avg60=0.00 psi_cpu=avg60=0.42 load=3.52,5.01,4.22 cpu_u=221912 n=0 s=154062 i=880855 io=194 irq=0 sirq=78637
[sys] 10:52:11 tcp_alloc=174157 tcp_mem_pages=26367 PruneCalled=0 RcvPruned=0 TCPRcvCollapsed=0 TCPAbortOnMemory=0 TCPMemoryPressures=0 TCPMemoryPressuresChrono=0 TCPBacklogDrop=0 TCPZeroWindowDrop=0 TCPRcvQDrop=0 MemAvailable:3897M SwapFree:1023M Dirty:0M Slab:800M psi_mem=avg60=0.00 psi_cpu=avg60=0.39 load=3.24,4.92,4.19 cpu_u=221921 n=0 s=154068 i=885849 io=194 irq=0 sirq=78640
[sys] 10:52:16 tcp_alloc=184127 tcp_mem_pages=16639 PruneCalled=0 RcvPruned=0 TCPRcvCollapsed=0 TCPAbortOnMemory=0 TCPMemoryPressures=0 TCPMemoryPressuresChrono=0 TCPBacklogDrop=0 TCPZeroWindowDrop=0 TCPRcvQDrop=0 MemAvailable:3570M SwapFree:1023M Dirty:0M Slab:826M psi_mem=avg60=0.00 psi_cpu=avg60=0.35 load=3.46,4.94,4.20 cpu_u=222083 n=0 s=154184 i=890489 io=195 irq=0 sirq=78706
[sys] 10:52:21 tcp_alloc=184178 tcp_mem_pages=16639 PruneCalled=0 RcvPruned=0 TCPRcvCollapsed=0 TCPAbortOnMemory=0 TCPMemoryPressures=0 TCPMemoryPressuresChrono=0 TCPBacklogDrop=0 TCPZeroWindowDrop=0 TCPRcvQDrop=0 MemAvailable:3568M SwapFree:1023M Dirty:0M Slab:826M psi_mem=avg60=0.00 psi_cpu=avg60=0.33 load=3.18,4.86,4.18 cpu_u=222086 n=0 s=154188 i=895495 io=195 irq=0 sirq=78707
  [diag] subscribe quorum after 47.13s: connected=84152 subscribed=84152 connect_failed=0 complete=false (ceiling 500s, stall 5s)
[sys] 10:52:26 tcp_alloc=184178 tcp_mem_pages=21759 PruneCalled=0 RcvPruned=0 TCPRcvCollapsed=0 TCPAbortOnMemory=0 TCPMemoryPressures=0 TCPMemoryPressuresChrono=0 TCPBacklogDrop=0 TCPZeroWindowDrop=0 TCPRcvQDrop=0 MemAvailable:3434M SwapFree:1023M Dirty:0M Slab:824M psi_mem=avg60=0.00 psi_cpu=avg60=0.30 load=2.93,4.78,4.16 cpu_u=222917 n=0 s=154500 i=898961 io=195 irq=0 sirq=78944
[sys] 10:52:31 tcp_alloc=184178 tcp_mem_pages=23295 PruneCalled=0 RcvPruned=0 TCPRcvCollapsed=0 TCPAbortOnMemory=0 TCPMemoryPressures=0 TCPMemoryPressuresChrono=0 TCPBacklogDrop=0 TCPZeroWindowDrop=0 TCPRcvQDrop=0 MemAvailable:3169M SwapFree:1023M Dirty:0M Slab:823M psi_mem=avg60=0.00 psi_cpu=avg60=0.28 load=3.49,4.87,4.19 cpu_u=224943 n=0 s=155306 i=900166 io=195 irq=0 sirq=79526
  [diag] progress t=10s delivered=714469 matched=757431 events~=8 subscribed=84204 rss_mib=3626 swap_mib=0 fanout_done=false
[sys] 10:52:36 tcp_alloc=184230 tcp_mem_pages=22271 PruneCalled=0 RcvPruned=0 TCPRcvCollapsed=0 TCPAbortOnMemory=0 TCPMemoryPressures=0 TCPMemoryPressuresChrono=0 TCPBacklogDrop=0 TCPZeroWindowDrop=0 TCPRcvQDrop=0 MemAvailable:2924M SwapFree:1023M Dirty:0M Slab:823M psi_mem=avg60=0.00 psi_cpu=avg60=0.31 load=4.02,4.95,4.22 cpu_u=226960 n=0 s=156115 i=901308 io=195 irq=0 sirq=80122
[sys] 10:52:41 tcp_alloc=184230 tcp_mem_pages=22527 PruneCalled=0 RcvPruned=0 TCPRcvCollapsed=0 TCPAbortOnMemory=0 TCPMemoryPressures=0 TCPMemoryPressuresChrono=0 TCPBacklogDrop=0 TCPZeroWindowDrop=0 TCPRcvQDrop=0 MemAvailable:3003M SwapFree:1023M Dirty:0M Slab:824M psi_mem=avg60=0.00 psi_cpu=avg60=0.36 load=4.25,4.99,4.24 cpu_u=229039 n=0 s=156851 i=902455 io=195 irq=0 sirq=80685
  [diag] progress t=20s delivered=1398919 matched=1431063 events~=16 subscribed=84204 rss_mib=3783 swap_mib=0 fanout_done=false
[sys] 10:52:46 tcp_alloc=190390 tcp_mem_pages=40703 PruneCalled=0 RcvPruned=0 TCPRcvCollapsed=0 TCPAbortOnMemory=0 TCPMemoryPressures=0 TCPMemoryPressuresChrono=0 TCPBacklogDrop=0 TCPZeroWindowDrop=0 TCPRcvQDrop=0 MemAvailable:2838M SwapFree:1023M Dirty:0M Slab:845M psi_mem=avg60=0.00 psi_cpu=avg60=0.42 load=4.47,5.02,4.25 cpu_u=230967 n=0 s=157644 i=903576 io=195 irq=0 sirq=81290
[sys] 10:52:51 tcp_alloc=191875 tcp_mem_pages=17151 PruneCalled=0 RcvPruned=0 TCPRcvCollapsed=0 TCPAbortOnMemory=0 TCPMemoryPressures=0 TCPMemoryPressuresChrono=0 TCPBacklogDrop=0 TCPZeroWindowDrop=0 TCPRcvQDrop=0 MemAvailable:2857M SwapFree:1023M Dirty:0M Slab:840M psi_mem=avg60=0.00 psi_cpu=avg60=0.43 load=4.92,5.10,4.28 cpu_u=232965 n=0 s=158399 i=904988 io=195 irq=0 sirq=81841
  [diag] progress t=30s delivered=1988752 matched=2055892 events~=22 subscribed=92056 rss_mib=3910 swap_mib=0 fanout_done=false
[sys] 10:52:56 tcp_alloc=192206 tcp_mem_pages=68607 PruneCalled=0 RcvPruned=0 TCPRcvCollapsed=0 TCPAbortOnMemory=0 TCPMemoryPressures=0 TCPMemoryPressuresChrono=0 TCPBacklogDrop=0 TCPZeroWindowDrop=0 TCPRcvQDrop=0 MemAvailable:2773M SwapFree:1023M Dirty:0M Slab:883M psi_mem=avg60=0.00 psi_cpu=avg60=0.45 load=5.08,5.13,4.30 cpu_u=235040 n=0 s=159149 i=906142 io=195 irq=0 sirq=82415
[sys] 10:53:01 tcp_alloc=192465 tcp_mem_pages=10239 PruneCalled=0 RcvPruned=0 TCPRcvCollapsed=0 TCPAbortOnMemory=0 TCPMemoryPressures=0 TCPMemoryPressuresChrono=0 TCPBacklogDrop=0 TCPZeroWindowDrop=0 TCPRcvQDrop=0 MemAvailable:2768M SwapFree:1023M Dirty:0M Slab:850M psi_mem=avg60=0.00 psi_cpu=avg60=0.48 load=5.48,5.22,4.33 cpu_u=236935 n=0 s=159899 i=907379 io=195 irq=0 sirq=82977
  [diag] progress t=40s delivered=2686181 matched=2701231 events~=29 subscribed=92439 rss_mib=3983 swap_mib=0 fanout_done=false
[sys] 10:53:06 tcp_alloc=192465 tcp_mem_pages=24063 PruneCalled=0 RcvPruned=0 TCPRcvCollapsed=0 TCPAbortOnMemory=0 TCPMemoryPressures=0 TCPMemoryPressuresChrono=0 TCPBacklogDrop=0 TCPZeroWindowDrop=0 TCPRcvQDrop=0 MemAvailable:2723M SwapFree:1023M Dirty:0M Slab:840M psi_mem=avg60=0.00 psi_cpu=avg60=0.56 load=5.84,5.29,4.36 cpu_u=238923 n=0 s=160604 i=908445 io=195 irq=0 sirq=83575
[sys] 10:53:11 tcp_alloc=192465 tcp_mem_pages=16127 PruneCalled=0 RcvPruned=0 TCPRcvCollapsed=0 TCPAbortOnMemory=0 TCPMemoryPressures=0 TCPMemoryPressuresChrono=0 TCPBacklogDrop=0 TCPZeroWindowDrop=0 TCPRcvQDrop=0 MemAvailable:2686M SwapFree:1023M Dirty:0M Slab:840M psi_mem=avg60=0.00 psi_cpu=avg60=0.56 load=6.09,5.36,4.38 cpu_u=241013 n=0 s=161344 i=909920 io=196 irq=0 sirq=84109
  [diag] progress t=50s delivered=3190959 matched=3163426 events~=34 subscribed=92590 rss_mib=4094 swap_mib=0 fanout_done=false
[sys] 10:53:16 tcp_alloc=192616 tcp_mem_pages=13823 PruneCalled=0 RcvPruned=0 TCPRcvCollapsed=0 TCPAbortOnMemory=0 TCPMemoryPressures=0 TCPMemoryPressuresChrono=0 TCPBacklogDrop=0 TCPZeroWindowDrop=0 TCPRcvQDrop=0 MemAvailable:2610M SwapFree:1023M Dirty:0M Slab:840M psi_mem=avg60=0.00 psi_cpu=avg60=0.57 load=6.09,5.37,4.39 cpu_u=243067 n=0 s=162108 i=911138 io=196 irq=0 sirq=84678
[sys] 10:53:21 tcp_alloc=192616 tcp_mem_pages=33023 PruneCalled=0 RcvPruned=0 TCPRcvCollapsed=0 TCPAbortOnMemory=0 TCPMemoryPressures=0 TCPMemoryPressuresChrono=0 TCPBacklogDrop=0 TCPZeroWindowDrop=0 TCPRcvQDrop=0 MemAvailable:2663M SwapFree:1023M Dirty:0M Slab:869M psi_mem=avg60=0.00 psi_cpu=avg60=0.56 load=6.08,5.38,4.40 cpu_u=245204 n=0 s=162781 i=912541 io=196 irq=0 sirq=85166
  [diag] progress t=60s delivered=3791040 matched=3811405 events~=41 subscribed=92590 rss_mib=4103 swap_mib=0 fanout_done=false
[sys] 10:53:26 tcp_alloc=192616 tcp_mem_pages=9983 PruneCalled=0 RcvPruned=0 TCPRcvCollapsed=0 TCPAbortOnMemory=0 TCPMemoryPressures=0 TCPMemoryPressuresChrono=0 TCPBacklogDrop=0 TCPZeroWindowDrop=0 TCPRcvQDrop=0 MemAvailable:2664M SwapFree:1023M Dirty:0M Slab:841M psi_mem=avg60=0.00 psi_cpu=avg60=0.57 load=6.39,5.45,4.43 cpu_u=247261 n=0 s=163552 i=913926 io=196 irq=0 sirq=85715
[sys] 10:53:31 tcp_alloc=192616 tcp_mem_pages=13567 PruneCalled=0 RcvPruned=0 TCPRcvCollapsed=0 TCPAbortOnMemory=0 TCPMemoryPressures=0 TCPMemoryPressuresChrono=0 TCPBacklogDrop=0 TCPZeroWindowDrop=0 TCPRcvQDrop=0 MemAvailable:2671M SwapFree:1023M Dirty:0M Slab:844M psi_mem=avg60=0.00 psi_cpu=avg60=0.60 load=6.44,5.48,4.45 cpu_u=249370 n=0 s=164311 i=915193 io=196 irq=0 sirq=86272
  [diag] progress t=70s delivered=4462705 matched=4459535 events~=48 subscribed=92590 rss_mib=4122 swap_mib=0 fanout_done=false
[sys] 10:53:36 tcp_alloc=192616 tcp_mem_pages=7935 PruneCalled=0 RcvPruned=0 TCPRcvCollapsed=0 TCPAbortOnMemory=0 TCPMemoryPressures=0 TCPMemoryPressuresChrono=0 TCPBacklogDrop=0 TCPZeroWindowDrop=0 TCPRcvQDrop=0 MemAvailable:2626M SwapFree:1023M Dirty:0M Slab:842M psi_mem=avg60=0.00 psi_cpu=avg60=0.61 load=6.73,5.56,4.48 cpu_u=251457 n=0 s=165040 i=916675 io=196 irq=0 sirq=86767
[sys] 10:53:41 tcp_alloc=192697 tcp_mem_pages=36863 PruneCalled=0 RcvPruned=0 TCPRcvCollapsed=0 TCPAbortOnMemory=0 TCPMemoryPressures=0 TCPMemoryPressuresChrono=0 TCPBacklogDrop=0 TCPZeroWindowDrop=0 TCPRcvQDrop=0 MemAvailable:2466M SwapFree:1023M Dirty:0M Slab:864M psi_mem=avg60=0.00 psi_cpu=avg60=0.60 load=6.99,5.63,4.51 cpu_u=253569 n=0 s=165761 i=917894 io=196 irq=0 sirq=87323
  [diag] progress t=80s delivered=5037299 matched=5015075 events~=54 subscribed=92671 rss_mib=4338 swap_mib=0 fanout_done=false
[sys] 10:53:46 tcp_alloc=192697 tcp_mem_pages=12799 PruneCalled=0 RcvPruned=0 TCPRcvCollapsed=0 TCPAbortOnMemory=0 TCPMemoryPressures=0 TCPMemoryPressuresChrono=0 TCPBacklogDrop=0 TCPZeroWindowDrop=0 TCPRcvQDrop=0 MemAvailable:2390M SwapFree:1023M Dirty:0M Slab:840M psi_mem=avg60=0.00 psi_cpu=avg60=0.60 load=7.23,5.70,4.54 cpu_u=255553 n=0 s=166474 i=919311 io=196 irq=0 sirq=87848
[sys] 10:53:51 tcp_alloc=191025 tcp_mem_pages=17407 PruneCalled=0 RcvPruned=0 TCPRcvCollapsed=0 TCPAbortOnMemory=0 TCPMemoryPressures=0 TCPMemoryPressuresChrono=0 TCPBacklogDrop=0 TCPZeroWindowDrop=0 TCPRcvQDrop=0 MemAvailable:2386M SwapFree:1023M Dirty:0M Slab:833M psi_mem=avg60=0.00 psi_cpu=avg60=0.63 load=7.37,5.76,4.56 cpu_u=257474 n=0 s=167125 i=920761 io=196 irq=0 sirq=88397
  [diag] progress t=90s delivered=5388880 matched=5478451 events~=58 subscribed=94148 rss_mib=4370 swap_mib=0 fanout_done=false
[sys] 10:53:56 tcp_alloc=195523 tcp_mem_pages=6655 PruneCalled=0 RcvPruned=0 TCPRcvCollapsed=0 TCPAbortOnMemory=0 TCPMemoryPressures=0 TCPMemoryPressuresChrono=0 TCPBacklogDrop=0 TCPZeroWindowDrop=0 TCPRcvQDrop=0 MemAvailable:2390M SwapFree:1023M Dirty:0M Slab:848M psi_mem=avg60=0.00 psi_cpu=avg60=0.73 load=7.58,5.83,4.59 cpu_u=259471 n=0 s=167766 i=922033 io=197 irq=0 sirq=88833
[sys] 10:54:01 tcp_alloc=197050 tcp_mem_pages=35583 PruneCalled=0 RcvPruned=0 TCPRcvCollapsed=0 TCPAbortOnMemory=0 TCPMemoryPressures=0 TCPMemoryPressuresChrono=0 TCPBacklogDrop=0 TCPZeroWindowDrop=0 TCPRcvQDrop=0 MemAvailable:2342M SwapFree:1023M Dirty:0M Slab:867M psi_mem=avg60=0.00 psi_cpu=avg60=1.00 load=7.78,5.90,4.62 cpu_u=261173 n=0 s=168343 i=923429 io=197 irq=0 sirq=89362
  [diag] progress t=100s delivered=5683157 matched=5667432 events~=57 subscribed=97787 rss_mib=4421 swap_mib=0 fanout_done=false
[sys] 10:54:06 tcp_alloc=198578 tcp_mem_pages=6143 PruneCalled=0 RcvPruned=0 TCPRcvCollapsed=0 TCPAbortOnMemory=0 TCPMemoryPressures=0 TCPMemoryPressuresChrono=0 TCPBacklogDrop=0 TCPZeroWindowDrop=0 TCPRcvQDrop=0 MemAvailable:2326M SwapFree:1023M Dirty:0M Slab:848M psi_mem=avg60=0.00 psi_cpu=avg60=1.06 load=7.23,5.82,4.60 cpu_u=262871 n=0 s=168974 i=925022 io=197 irq=0 sirq=89835
[sys] 10:54:11 tcp_alloc=199106 tcp_mem_pages=7679 PruneCalled=0 RcvPruned=0 TCPRcvCollapsed=0 TCPAbortOnMemory=0 TCPMemoryPressures=0 TCPMemoryPressuresChrono=0 TCPBacklogDrop=0 TCPZeroWindowDrop=0 TCPRcvQDrop=0 MemAvailable:2344M SwapFree:1023M Dirty:0M Slab:848M psi_mem=avg60=0.00 psi_cpu=avg60=1.03 load=7.22,5.84,4.61 cpu_u=265040 n=0 s=169811 i=926222 io=197 irq=0 sirq=90448
  [diag] progress t=110s delivered=6435254 matched=6453695 events~=64 subscribed=99680 rss_mib=4433 swap_mib=0 fanout_done=false
[sys] 10:54:16 tcp_alloc=199721 tcp_mem_pages=511 PruneCalled=0 RcvPruned=0 TCPRcvCollapsed=0 TCPAbortOnMemory=0 TCPMemoryPressures=0 TCPMemoryPressuresChrono=0 TCPBacklogDrop=0 TCPZeroWindowDrop=0 TCPRcvQDrop=0 MemAvailable:2317M SwapFree:1023M Dirty:0M Slab:844M psi_mem=avg60=0.00 psi_cpu=avg60=0.99 load=6.96,5.81,4.61 cpu_u=266966 n=0 s=170518 i=927707 io=197 irq=0 sirq=91013
[sys] 10:54:21 tcp_alloc=199851 tcp_mem_pages=9215 PruneCalled=0 RcvPruned=0 TCPRcvCollapsed=0 TCPAbortOnMemory=0 TCPMemoryPressures=0 TCPMemoryPressuresChrono=0 TCPBacklogDrop=0 TCPZeroWindowDrop=0 TCPRcvQDrop=0 MemAvailable:2323M SwapFree:1023M Dirty:0M Slab:847M psi_mem=avg60=0.00 psi_cpu=avg60=0.99 load=7.20,5.88,4.64 cpu_u=269053 n=0 s=171262 i=929093 io=197 irq=0 sirq=91602
  [diag] progress t=120s delivered=7078562 matched=7052019 events~=70 subscribed=99825 rss_mib=4407 swap_mib=0 fanout_done=false
[sys] 10:54:26 tcp_alloc=199866 tcp_mem_pages=6399 PruneCalled=0 RcvPruned=0 TCPRcvCollapsed=0 TCPAbortOnMemory=0 TCPMemoryPressures=0 TCPMemoryPressuresChrono=0 TCPBacklogDrop=0 TCPZeroWindowDrop=0 TCPRcvQDrop=0 MemAvailable:2319M SwapFree:1023M Dirty:0M Slab:848M psi_mem=avg60=0.00 psi_cpu=avg60=0.96 load=7.43,5.94,4.67 cpu_u=270955 n=0 s=171973 i=930547 io=197 irq=0 sirq=92174
[sys] 10:54:32 tcp_alloc=199868 tcp_mem_pages=12031 PruneCalled=0 RcvPruned=0 TCPRcvCollapsed=0 TCPAbortOnMemory=0 TCPMemoryPressures=0 TCPMemoryPressuresChrono=0 TCPBacklogDrop=0 TCPZeroWindowDrop=0 TCPRcvQDrop=0 MemAvailable:2318M SwapFree:1023M Dirty:0M Slab:851M psi_mem=avg60=0.00 psi_cpu=avg60=0.96 load=7.07,5.90,4.66 cpu_u=272973 n=0 s=172692 i=931935 io=198 irq=0 sirq=92741
  [diag] progress t=130s delivered=7758922 matched=7750875 events~=77 subscribed=99842 rss_mib=4440 swap_mib=0 fanout_done=false
[sys] 10:54:37 tcp_alloc=199868 tcp_mem_pages=3839 PruneCalled=0 RcvPruned=0 TCPRcvCollapsed=0 TCPAbortOnMemory=0 TCPMemoryPressures=0 TCPMemoryPressuresChrono=0 TCPBacklogDrop=0 TCPZeroWindowDrop=0 TCPRcvQDrop=0 MemAvailable:2356M SwapFree:1023M Dirty:0M Slab:850M psi_mem=avg60=0.00 psi_cpu=avg60=0.90 load=7.15,5.93,4.68 cpu_u=275144 n=0 s=173513 i=933123 io=198 irq=0 sirq=93343
[sys] 10:54:42 tcp_alloc=199868 tcp_mem_pages=12287 PruneCalled=0 RcvPruned=0 TCPRcvCollapsed=0 TCPAbortOnMemory=0 TCPMemoryPressures=0 TCPMemoryPressuresChrono=0 TCPBacklogDrop=0 TCPZeroWindowDrop=0 TCPRcvQDrop=0 MemAvailable:2339M SwapFree:1023M Dirty:0M Slab:853M psi_mem=avg60=0.00 psi_cpu=avg60=0.91 load=7.54,6.03,4.72 cpu_u=277146 n=0 s=174346 i=934490 io=198 irq=0 sirq=93942
  [diag] progress t=140s delivered=8659900 matched=8649453 events~=86 subscribed=99842 rss_mib=4440 swap_mib=0 fanout_done=false
[sys] 10:54:47 tcp_alloc=200026 tcp_mem_pages=1535 PruneCalled=0 RcvPruned=0 TCPRcvCollapsed=0 TCPAbortOnMemory=0 TCPMemoryPressures=0 TCPMemoryPressuresChrono=0 TCPBacklogDrop=0 TCPZeroWindowDrop=0 TCPRcvQDrop=0 MemAvailable:2314M SwapFree:1023M Dirty:0M Slab:849M psi_mem=avg60=0.00 psi_cpu=avg60=0.85 load=7.57,6.06,4.73 cpu_u=279195 n=0 s=175168 i=935753 io=198 irq=0 sirq=94549
[sys] 10:54:52 tcp_alloc=200026 tcp_mem_pages=21503 PruneCalled=0 RcvPruned=0 TCPRcvCollapsed=0 TCPAbortOnMemory=0 TCPMemoryPressures=0 TCPMemoryPressuresChrono=0 TCPBacklogDrop=0 TCPZeroWindowDrop=0 TCPRcvQDrop=0 MemAvailable:2244M SwapFree:1023M Dirty:0M Slab:868M psi_mem=avg60=0.00 psi_cpu=avg60=0.87 load=7.53,6.08,4.75 cpu_u=281211 n=0 s=175868 i=937065 io=198 irq=0 sirq=95124
  [diag] progress t=150s delivered=9426158 matched=9448885 events~=94 subscribed=100000 rss_mib=4539 swap_mib=0 fanout_done=false
[sys] 10:54:57 tcp_alloc=200026 tcp_mem_pages=11007 PruneCalled=0 RcvPruned=0 TCPRcvCollapsed=0 TCPAbortOnMemory=0 TCPMemoryPressures=0 TCPMemoryPressuresChrono=0 TCPBacklogDrop=0 TCPZeroWindowDrop=0 TCPRcvQDrop=0 MemAvailable:2202M SwapFree:1023M Dirty:0M Slab:860M psi_mem=avg60=0.00 psi_cpu=avg60=0.84 load=7.72,6.15,4.77 cpu_u=283228 n=0 s=176685 i=938200 io=198 irq=0 sirq=95733
[sys] 10:55:02 tcp_alloc=200026 tcp_mem_pages=7935 PruneCalled=0 RcvPruned=0 TCPRcvCollapsed=0 TCPAbortOnMemory=0 TCPMemoryPressures=0 TCPMemoryPressuresChrono=0 TCPBacklogDrop=0 TCPZeroWindowDrop=0 TCPRcvQDrop=0 MemAvailable:2235M SwapFree:1023M Dirty:0M Slab:846M psi_mem=avg60=0.00 psi_cpu=avg60=0.86 load=7.91,6.21,4.80 cpu_u=285403 n=0 s=177502 i=939462 io=198 irq=0 sirq=96335
  [diag] progress t=160s delivered=10392906 matched=10348885 events~=103 subscribed=100000 rss_mib=4532 swap_mib=0 fanout_done=false
[sys] 10:55:07 tcp_alloc=200026 tcp_mem_pages=4607 PruneCalled=0 RcvPruned=0 TCPRcvCollapsed=0 TCPAbortOnMemory=0 TCPMemoryPressures=0 TCPMemoryPressuresChrono=0 TCPBacklogDrop=0 TCPZeroWindowDrop=0 TCPRcvQDrop=0 MemAvailable:2225M SwapFree:1023M Dirty:0M Slab:851M psi_mem=avg60=0.00 psi_cpu=avg60=0.87 load=8.08,6.27,4.83 cpu_u=287424 n=0 s=178284 i=940767 io=198 irq=0 sirq=96942
[sys] 10:55:12 tcp_alloc=200026 tcp_mem_pages=3071 PruneCalled=0 RcvPruned=0 TCPRcvCollapsed=0 TCPAbortOnMemory=0 TCPMemoryPressures=0 TCPMemoryPressuresChrono=0 TCPBacklogDrop=0 TCPZeroWindowDrop=0 TCPRcvQDrop=0 MemAvailable:2216M SwapFree:1023M Dirty:0M Slab:845M psi_mem=avg60=0.00 psi_cpu=avg60=0.88 load=8.23,6.33,4.86 cpu_u=289522 n=0 s=179068 i=942005 io=198 irq=0 sirq=97513
  [diag] progress t=170s delivered=11172210 matched=11148885 events~=111 subscribed=100000 rss_mib=4558 swap_mib=0 fanout_done=false
[sys] 10:55:17 tcp_alloc=200026 tcp_mem_pages=5887 PruneCalled=0 RcvPruned=0 TCPRcvCollapsed=0 TCPAbortOnMemory=0 TCPMemoryPressures=0 TCPMemoryPressuresChrono=0 TCPBacklogDrop=0 TCPZeroWindowDrop=0 TCPRcvQDrop=0 MemAvailable:2162M SwapFree:1023M Dirty:0M Slab:845M psi_mem=avg60=0.00 psi_cpu=avg60=0.85 load=8.37,6.40,4.89 cpu_u=291618 n=0 s=179873 i=943409 io=198 irq=0 sirq=98106
[sys] 10:55:22 tcp_alloc=200026 tcp_mem_pages=1279 PruneCalled=0 RcvPruned=0 TCPRcvCollapsed=0 TCPAbortOnMemory=0 TCPMemoryPressures=0 TCPMemoryPressuresChrono=0 TCPBacklogDrop=0 TCPZeroWindowDrop=0 TCPRcvQDrop=0 MemAvailable:2188M SwapFree:1023M Dirty:0M Slab:841M psi_mem=avg60=0.00 psi_cpu=avg60=0.83 load=8.50,6.46,4.91 cpu_u=293782 n=0 s=180573 i=944761 io=199 irq=0 sirq=98676
  [diag] progress t=180s delivered=11859596 matched=11848885 events~=118 subscribed=100000 rss_mib=4534 swap_mib=0 fanout_done=false
[sys] 10:55:27 tcp_alloc=200026 tcp_mem_pages=1279 PruneCalled=0 RcvPruned=0 TCPRcvCollapsed=0 TCPAbortOnMemory=0 TCPMemoryPressures=0 TCPMemoryPressuresChrono=0 TCPBacklogDrop=0 TCPZeroWindowDrop=0 TCPRcvQDrop=0 MemAvailable:2219M SwapFree:1023M Dirty:0M Slab:844M psi_mem=avg60=0.00 psi_cpu=avg60=0.81 load=8.46,6.48,4.93 cpu_u=296006 n=0 s=181382 i=945944 io=199 irq=0 sirq=99273
[sys] 10:55:32 tcp_alloc=200026 tcp_mem_pages=4351 PruneCalled=0 RcvPruned=0 TCPRcvCollapsed=0 TCPAbortOnMemory=0 TCPMemoryPressures=0 TCPMemoryPressuresChrono=0 TCPBacklogDrop=0 TCPZeroWindowDrop=0 TCPRcvQDrop=0 MemAvailable:2164M SwapFree:1023M Dirty:0M Slab:843M psi_mem=avg60=0.00 psi_cpu=avg60=0.77 load=8.59,6.54,4.96 cpu_u=298075 n=0 s=182098 i=947362 io=199 irq=0 sirq=99835
  [diag] progress t=190s delivered=12576076 matched=12548885 events~=125 subscribed=100000 rss_mib=4592 swap_mib=0 fanout_done=false
[sys] 10:55:37 tcp_alloc=200026 tcp_mem_pages=3839 PruneCalled=0 RcvPruned=0 TCPRcvCollapsed=0 TCPAbortOnMemory=0 TCPMemoryPressures=0 TCPMemoryPressuresChrono=0 TCPBacklogDrop=0 TCPZeroWindowDrop=0 TCPRcvQDrop=0 MemAvailable:2239M SwapFree:1023M Dirty:0M Slab:846M psi_mem=avg60=0.00 psi_cpu=avg60=0.78 load=8.38,6.53,4.96 cpu_u=300248 n=0 s=182939 i=948536 io=199 irq=0 sirq=100446
[sys] 10:55:42 tcp_alloc=200026 tcp_mem_pages=2559 PruneCalled=0 RcvPruned=0 TCPRcvCollapsed=0 TCPAbortOnMemory=0 TCPMemoryPressures=0 TCPMemoryPressuresChrono=0 TCPBacklogDrop=0 TCPZeroWindowDrop=0 TCPRcvQDrop=0 MemAvailable:2235M SwapFree:1023M Dirty:0M Slab:845M psi_mem=avg60=0.00 psi_cpu=avg60=0.77 load=8.43,6.57,4.99 cpu_u=302356 n=0 s=183759 i=949749 io=199 irq=0 sirq=101077
  [diag] progress t=200s delivered=13537045 matched=13548885 events~=135 subscribed=100000 rss_mib=4534 swap_mib=0 fanout_done=false
[sys] 10:55:47 tcp_alloc=200026 tcp_mem_pages=5375 PruneCalled=0 RcvPruned=0 TCPRcvCollapsed=0 TCPAbortOnMemory=0 TCPMemoryPressures=0 TCPMemoryPressuresChrono=0 TCPBacklogDrop=0 TCPZeroWindowDrop=0 TCPRcvQDrop=0 MemAvailable:2199M SwapFree:1023M Dirty:0M Slab:844M psi_mem=avg60=0.00 psi_cpu=avg60=0.75 load=8.55,6.63,5.01 cpu_u=304552 n=0 s=184626 i=950859 io=199 irq=0 sirq=101698
[sys] 10:55:52 tcp_alloc=200026 tcp_mem_pages=9983 PruneCalled=0 RcvPruned=0 TCPRcvCollapsed=0 TCPAbortOnMemory=0 TCPMemoryPressures=0 TCPMemoryPressuresChrono=0 TCPBacklogDrop=0 TCPZeroWindowDrop=0 TCPRcvQDrop=0 MemAvailable:2193M SwapFree:1023M Dirty:0M Slab:847M psi_mem=avg60=0.00 psi_cpu=avg60=0.71 load=8.67,6.69,5.04 cpu_u=306733 n=0 s=185573 i=951905 io=199 irq=0 sirq=102385
  [diag] progress t=210s delivered=14748885 matched=14748885 events~=147 subscribed=100000 rss_mib=4534 swap_mib=0 fanout_done=false
[sys] 10:55:57 tcp_alloc=200026 tcp_mem_pages=7679 PruneCalled=0 RcvPruned=0 TCPRcvCollapsed=0 TCPAbortOnMemory=0 TCPMemoryPressures=0 TCPMemoryPressuresChrono=0 TCPBacklogDrop=0 TCPZeroWindowDrop=0 TCPRcvQDrop=0 MemAvailable:2229M SwapFree:1023M Dirty:0M Slab:850M psi_mem=avg60=0.00 psi_cpu=avg60=0.70 load=9.17,6.86,5.12 cpu_u=308913 n=0 s=186446 i=953106 io=199 irq=0 sirq=102994
[sys] 10:56:02 tcp_alloc=200026 tcp_mem_pages=3583 PruneCalled=0 RcvPruned=0 TCPRcvCollapsed=0 TCPAbortOnMemory=0 TCPMemoryPressures=0 TCPMemoryPressuresChrono=0 TCPBacklogDrop=0 TCPZeroWindowDrop=0 TCPRcvQDrop=0 MemAvailable:2235M SwapFree:1023M Dirty:0M Slab:844M psi_mem=avg60=0.00 psi_cpu=avg60=0.69 load=9.16,6.90,5.14 cpu_u=311156 n=0 s=187310 i=954191 io=199 irq=0 sirq=103613
  [diag] progress t=220s delivered=15812943 matched=15748885 events~=157 subscribed=100000 rss_mib=4534 swap_mib=0 fanout_done=false
[sys] 10:56:07 tcp_alloc=200026 tcp_mem_pages=1023 PruneCalled=0 RcvPruned=0 TCPRcvCollapsed=0 TCPAbortOnMemory=0 TCPMemoryPressures=0 TCPMemoryPressuresChrono=0 TCPBacklogDrop=0 TCPZeroWindowDrop=0 TCPRcvQDrop=0 MemAvailable:2170M SwapFree:1023M Dirty:0M Slab:844M psi_mem=avg60=0.00 psi_cpu=avg60=0.68 load=9.22,6.95,5.16 cpu_u=313205 n=0 s=188140 i=955527 io=199 irq=0 sirq=104192
[sys] 10:56:12 tcp_alloc=200026 tcp_mem_pages=7679 PruneCalled=0 RcvPruned=0 TCPRcvCollapsed=0 TCPAbortOnMemory=0 TCPMemoryPressures=0 TCPMemoryPressuresChrono=0 TCPBacklogDrop=0 TCPZeroWindowDrop=0 TCPRcvQDrop=0 MemAvailable:2186M SwapFree:1023M Dirty:0M Slab:847M psi_mem=avg60=0.00 psi_cpu=avg60=0.68 load=9.21,6.98,5.18 cpu_u=315440 n=0 s=189002 i=956725 io=200 irq=0 sirq=104802
  [diag] progress t=230s delivered=16742743 matched=16748885 events~=167 subscribed=100000 rss_mib=4600 swap_mib=0 fanout_done=false
[sys] 10:56:17 tcp_alloc=200026 tcp_mem_pages=12031 PruneCalled=0 RcvPruned=0 TCPRcvCollapsed=0 TCPAbortOnMemory=0 TCPMemoryPressures=0 TCPMemoryPressuresChrono=0 TCPBacklogDrop=0 TCPZeroWindowDrop=0 TCPRcvQDrop=0 MemAvailable:2199M SwapFree:1023M Dirty:0M Slab:850M psi_mem=avg60=0.00 psi_cpu=avg60=0.66 load=9.27,7.03,5.21 cpu_u=317577 n=0 s=189826 i=957968 io=200 irq=0 sirq=105414
[sys] 10:56:22 tcp_alloc=200026 tcp_mem_pages=1279 PruneCalled=0 RcvPruned=0 TCPRcvCollapsed=0 TCPAbortOnMemory=0 TCPMemoryPressures=0 TCPMemoryPressuresChrono=0 TCPBacklogDrop=0 TCPZeroWindowDrop=0 TCPRcvQDrop=0 MemAvailable:2143M SwapFree:1023M Dirty:0M Slab:843M psi_mem=avg60=0.00 psi_cpu=avg60=0.66 load=9.33,7.08,5.24 cpu_u=319763 n=0 s=190656 i=959126 io=200 irq=0 sirq=106018
  [diag] progress t=240s delivered=17601664 matched=17548885 events~=175 subscribed=100000 rss_mib=4592 swap_mib=0 fanout_done=false
[sys] 10:56:27 tcp_alloc=200026 tcp_mem_pages=9983 PruneCalled=0 RcvPruned=0 TCPRcvCollapsed=0 TCPAbortOnMemory=0 TCPMemoryPressures=0 TCPMemoryPressuresChrono=0 TCPBacklogDrop=0 TCPZeroWindowDrop=0 TCPRcvQDrop=0 MemAvailable:2215M SwapFree:1023M Dirty:0M Slab:850M psi_mem=avg60=0.00 psi_cpu=avg60=0.68 load=9.38,7.13,5.26 cpu_u=321923 n=0 s=191440 i=960344 io=200 irq=0 sirq=106585
[sys] 10:56:32 tcp_alloc=200026 tcp_mem_pages=5631 PruneCalled=0 RcvPruned=0 TCPRcvCollapsed=0 TCPAbortOnMemory=0 TCPMemoryPressures=0 TCPMemoryPressuresChrono=0 TCPBacklogDrop=0 TCPZeroWindowDrop=0 TCPRcvQDrop=0 MemAvailable:2225M SwapFree:1023M Dirty:0M Slab:843M psi_mem=avg60=0.00 psi_cpu=avg60=0.68 load=9.11,7.11,5.27 cpu_u=324078 n=0 s=192200 i=961629 io=200 irq=0 sirq=107154
  [diag] progress t=250s delivered=18405431 matched=18348885 events~=183 subscribed=100000 rss_mib=4534 swap_mib=0 fanout_done=false
[sys] 10:56:37 tcp_alloc=200026 tcp_mem_pages=6655 PruneCalled=0 RcvPruned=0 TCPRcvCollapsed=0 TCPAbortOnMemory=0 TCPMemoryPressures=0 TCPMemoryPressuresChrono=0 TCPBacklogDrop=0 TCPZeroWindowDrop=0 TCPRcvQDrop=0 MemAvailable:2217M SwapFree:1023M Dirty:0M Slab:849M psi_mem=avg60=0.00 psi_cpu=avg60=0.70 load=9.18,7.16,5.29 cpu_u=326325 n=0 s=192960 i=962859 io=200 irq=0 sirq=107707
[sys] 10:56:42 tcp_alloc=200026 tcp_mem_pages=2303 PruneCalled=0 RcvPruned=0 TCPRcvCollapsed=0 TCPAbortOnMemory=0 TCPMemoryPressures=0 TCPMemoryPressuresChrono=0 TCPBacklogDrop=0 TCPZeroWindowDrop=0 TCPRcvQDrop=0 MemAvailable:2227M SwapFree:1023M Dirty:0M Slab:842M psi_mem=avg60=0.00 psi_cpu=avg60=0.70 load=8.93,7.14,5.30 cpu_u=328410 n=0 s=193755 i=964059 io=200 irq=0 sirq=108291
  [diag] progress t=260s delivered=19198522 matched=19148885 events~=191 subscribed=100000 rss_mib=4558 swap_mib=0 fanout_done=false
[sys] 10:56:47 tcp_alloc=200026 tcp_mem_pages=9727 PruneCalled=0 RcvPruned=0 TCPRcvCollapsed=0 TCPAbortOnMemory=0 TCPMemoryPressures=0 TCPMemoryPressuresChrono=0 TCPBacklogDrop=0 TCPZeroWindowDrop=0 TCPRcvQDrop=0 MemAvailable:2184M SwapFree:1023M Dirty:0M Slab:857M psi_mem=avg60=0.00 psi_cpu=avg60=0.68 load=8.77,7.14,5.31 cpu_u=330602 n=0 s=194603 i=965271 io=200 irq=0 sirq=108888
[sys] 10:56:52 tcp_alloc=200026 tcp_mem_pages=2559 PruneCalled=0 RcvPruned=0 TCPRcvCollapsed=0 TCPAbortOnMemory=0 TCPMemoryPressures=0 TCPMemoryPressuresChrono=0 TCPBacklogDrop=0 TCPZeroWindowDrop=0 TCPRcvQDrop=0 MemAvailable:2184M SwapFree:1023M Dirty:0M Slab:842M psi_mem=avg60=0.00 psi_cpu=avg60=0.65 load=8.87,7.19,5.33 cpu_u=332748 n=0 s=195428 i=966483 io=200 irq=0 sirq=109478
  [diag] progress t=270s delivered=20060466 matched=20048885 events~=200 subscribed=100000 rss_mib=4592 swap_mib=0 fanout_done=false
[sys] 10:56:57 tcp_alloc=200026 tcp_mem_pages=16639 PruneCalled=0 RcvPruned=0 TCPRcvCollapsed=0 TCPAbortOnMemory=0 TCPMemoryPressures=0 TCPMemoryPressuresChrono=0 TCPBacklogDrop=0 TCPZeroWindowDrop=0 TCPRcvQDrop=0 MemAvailable:2223M SwapFree:1023M Dirty:0M Slab:858M psi_mem=avg60=0.00 psi_cpu=avg60=0.67 load=8.56,7.15,5.33 cpu_u=334786 n=0 s=196178 i=967857 io=200 irq=0 sirq=110048
[sys] 10:57:03 tcp_alloc=200026 tcp_mem_pages=65791 PruneCalled=0 RcvPruned=0 TCPRcvCollapsed=0 TCPAbortOnMemory=0 TCPMemoryPressures=0 TCPMemoryPressuresChrono=0 TCPBacklogDrop=0 TCPZeroWindowDrop=0 TCPRcvQDrop=0 MemAvailable:2084M SwapFree:1023M Dirty:0M Slab:911M psi_mem=avg60=0.00 psi_cpu=avg60=0.70 load=8.68,7.20,5.35 cpu_u=337002 n=0 s=196984 i=968896 io=201 irq=0 sirq=110662
  [diag] progress t=280s delivered=20809192 matched=20848885 events~=208 subscribed=100000 rss_mib=4592 swap_mib=0 fanout_done=false
[sys] 10:57:08 tcp_alloc=200026 tcp_mem_pages=3839 PruneCalled=0 RcvPruned=0 TCPRcvCollapsed=0 TCPAbortOnMemory=0 TCPMemoryPressures=0 TCPMemoryPressuresChrono=0 TCPBacklogDrop=0 TCPZeroWindowDrop=0 TCPRcvQDrop=0 MemAvailable:2249M SwapFree:1023M Dirty:0M Slab:851M psi_mem=avg60=0.00 psi_cpu=avg60=0.72 load=8.78,7.24,5.38 cpu_u=339069 n=0 s=197777 i=970325 io=201 irq=0 sirq=111187
[sys] 10:57:13 tcp_alloc=200026 tcp_mem_pages=10495 PruneCalled=0 RcvPruned=0 TCPRcvCollapsed=0 TCPAbortOnMemory=0 TCPMemoryPressures=0 TCPMemoryPressuresChrono=0 TCPBacklogDrop=0 TCPZeroWindowDrop=0 TCPRcvQDrop=0 MemAvailable:2197M SwapFree:1023M Dirty:0M Slab:852M psi_mem=avg60=0.00 psi_cpu=avg60=0.72 load=8.88,7.29,5.40 cpu_u=341276 n=0 s=198551 i=971439 io=201 irq=0 sirq=111791
  [diag] progress t=290s delivered=21623313 matched=21648885 events~=216 subscribed=100000 rss_mib=4587 swap_mib=0 fanout_done=false
[sys] 10:57:18 tcp_alloc=200026 tcp_mem_pages=10495 PruneCalled=0 RcvPruned=0 TCPRcvCollapsed=0 TCPAbortOnMemory=0 TCPMemoryPressures=0 TCPMemoryPressuresChrono=0 TCPBacklogDrop=0 TCPZeroWindowDrop=0 TCPRcvQDrop=0 MemAvailable:2211M SwapFree:1023M Dirty:0M Slab:848M psi_mem=avg60=0.00 psi_cpu=avg60=0.74 load=9.13,7.37,5.44 cpu_u=343458 n=0 s=199364 i=972714 io=201 irq=0 sirq=112378
[sys] 10:57:23 tcp_alloc=200026 tcp_mem_pages=2303 PruneCalled=0 RcvPruned=0 TCPRcvCollapsed=0 TCPAbortOnMemory=0 TCPMemoryPressures=0 TCPMemoryPressuresChrono=0 TCPBacklogDrop=0 TCPZeroWindowDrop=0 TCPRcvQDrop=0 MemAvailable:2190M SwapFree:1023M Dirty:0M Slab:852M psi_mem=avg60=0.00 psi_cpu=avg60=0.73 load=9.04,7.38,5.45 cpu_u=345598 n=0 s=200100 i=973880 io=201 irq=0 sirq=112950
  [diag] progress t=300s delivered=22413725 matched=22448885 events~=224 subscribed=100000 rss_mib=4534 swap_mib=0 fanout_done=false
  [diag] at window end: connected=100000 subscribed=100000 connect_failed=0 subscribed_at_start=84152 late_subscribers=15848 (late subscribers' pre-subscribe events stay in the drop count)
  [diag] router: matched=22448885 delivered=22448885 dropped=0 faulted=0 events_fanned_out~=224 (matched/subscribed)
  [diag] undelivered breakdown (events): never_connected_x_events=0 pre_subscribe_or_not_yet_fanned_out=27551115 router_dropped=0 router_faulted=0 in_flight_or_unaccounted=35040 sum=27586155 (attempted-delivered=27586155)
  [diag] completed=false (delivered 22413845 of 50000000 before the 300s window) peak_rss_mib=4599
  [diag] finish: fanout_done=false reachable=22448885 delivered=22413845 elapsed_to_finish=n/a
  [diag] stages events=231 match=409.84ms/ev deliver=877.68ms/ev ack_scan=9.15ms/ev busy=299.53s wall=300.01s busy_frac=0.998
  [diag] cpu proc_cpu=2209.44s wall=300.01s cores_used=7.36 nproc=10
  [diag] fanout_task_finished=false (true = replicator budget exhausted before the window closed)

=== nostos-bench-10k probe ===
  clients   : 100000
  events    : 500 (attempted deliveries: 50000000)
  window    : 300s
  ---------------------------
  delivered : 22413845
  ops/sec   : 74711
  drop%     : 55.17
  elapsed   : 300.01s
  elapsed_to_finish : n/a (window expired)
  ops/sec (finish)  : n/a
SOAK rc=0 10:57:25
HOST tier=100000 end 20:57:25 load1=18.69 rc=0
LINUX_DIAG_EXIT=0
